Workbook

Sheet setup
B3: Phase Setup
B4: Phase Id | C4: 402
B6: Main Study Setup | H6: Stratification Types | K6: matrix sproc
C7: Stratification % | D7: (separate study ids by and exclamation point ! for more than one) | E7: Stratification Type | H7: 1 = 2 Cross | K7: call report_matrix(studyids, stratfication type, stratification%);
B8: StudyIDs (2Cross) | C8: 50 | D8: 3037 | E8: 1 | H8: 2 = 3 Cross ETH/ED
B9: StudyIDs (3Cross) | C9: 50 | D9: 3037 | E9: 2 | H9: 3 = 3 Cross SEX/ETH
B10: StudyIDs (2Cross) | C10: 100 | D10: 3037 | E10: 1
B11: StudyIDs (3Cross) | C11: 100 | D11: 3037 | E11: 2
B12: StudyIDs (3Cross alternate view) | C12: 100 | D12: 3037 | E12: 3
B13: Validity/Reliability Setup | H13: Total study count for this report | K13: =COUNTIF(M:M, "Active") - COUNTIFS(L:L, "OSEP*",M:M, "Active") - COUNTIFS(L:L,"C_*",M:M, "Active") +2 -> 18
B14: Reports will show based on the ordered list below | H14: Phase Study List
B15: Report Order (do not touch) | C15: Study Id (separate studyids by !) | D15: Study Name | E15: Study Acronym | F15: Total Assignment | H15: study_id | I15: study_type_description | J15: sort_order | K15: study_name | L15: study_acronym | M15: study_status
A16: =LEN(C16) - LEN(SUBSTITUTE(C16, "!", "")) + 1 -> 1 | B16: 1 | C16: 3739 | D16: CELF-6 RF 1 Clinical Language Disorder (Ages 5-8) | E16: C_LD_RF1 | F16: =aurora_data!U18 -> 50 | H16: 3726 | I16: Main | J16: 1 | K16: CELF-6 Standardization Record Form 2 (Ages 9-21) | L16: CELF6_RF2_STDZ_9-21 | M16: Active
A17: =LEN(C17) - LEN(SUBSTITUTE(C17, "!", "")) + 1 -> 1 | B17: 2 | C17: 3740 | D17: CELF-6 RF 2 Clinical Language Disorder (Ages 9-16) | E17: C_LD_RF2 | F17: =aurora_data!U146 -> 49 | H17: 3725 | I17: Main | J17: 1 | K17: CELF-6 Standardization Record Form 1 (Ages 5-8) | L17: CELF6_RF1_STDZ_5-8 | M17: Active
A18: =LEN(C18) - LEN(SUBSTITUTE(C18, "!", "")) + 1 -> 1 | B18: 3 | C18: 3741 | D18: CELF-6 RF 1 Clinical Hard of Hearing (Ages 5-8) | E18: C_HH_RF1 | F18: =aurora_data!U246 -> 29 | H18: 3757 | I18: Clinical | J18: 2 | K18: CELF-6 RF2 OSEP Gifted and Talented (Ages 9-21) | L18: OSEP_GT_RF2 | M18: Active
A19: =LEN(C19) - LEN(SUBSTITUTE(C19, "!", "")) + 1 -> 1 | B19: 4 | C19: 3742 | D19: CELF-6 RF 2 Clinical Hard of Hearing (Ages 9-16) | E19: C_HH_RF2 | F19: =aurora_data!U346 -> 35 | H19: 3756 | I19: Clinical | J19: 2 | K19: CELF-6 RF1 OSEP Gifted and Talented (Ages 5-8) | L19: OSEP_GT_RF1 | M19: Active
A20: =LEN(C20) - LEN(SUBSTITUTE(C20, "!", "")) + 1 -> 1 | B20: 5 | C20: 3743 | D20: CELF-6 RF 1 Clinical Autism Spectrum Disorder (Ages 5-8) | E20: C_ASDL_RF1 | F20: =aurora_data!U446 -> 30 | H20: 3755 | I20: Clinical | J20: 2 | K20: CELF-6 RF2 OSEP Speech Impairment (Ages 9-21) | L20: OSEP_SI_RF2 | M20: Active
A21: =LEN(C21) - LEN(SUBSTITUTE(C21, "!", "")) + 1 -> 1 | B21: 6 | C21: 3744 | D21: CELF-6 RF 2 Clinical Autism Spectrum Disorder (Ages 9-16) | E21: C_ASDL_RF2 | F21: =aurora_data!U546 -> 31 | H21: 3754 | I21: Clinical | J21: 2 | K21: CELF-6 RF1 OSEP Speech Impairment (Ages 5-8) | L21: OSEP_SI_RF1 | M21: Active
A22: =LEN(C22) - LEN(SUBSTITUTE(C22, "!", "")) + 1 -> 1 | B22: 7 | C22: 3745 | D22: CELF-6 RF 1 Clinical Specific Learning Disability in Reading and/or Writing (Age 8) | E22: C_SLDRW_RF1 | F22: =aurora_data!U646 -> 5 | H22: 3753 | I22: Clinical | J22: 2 | K22: CELF-6 RF2 OSEP Specific Learning Disability (Ages 9-21) | L22: OSEP_SLD_RF2 | M22: Active
A23: =LEN(C23) - LEN(SUBSTITUTE(C23, "!", "")) + 1 -> 1 | B23: 8 | C23: 3746 | D23: CELF-6 RF 2 Clinical Specific Learning Disability in Reading and/or Writing (Ages 9-21) | E23: C_SLDRW_RF2 | F23: =aurora_data!U746 -> 56 | H23: 3752 | I23: Clinical | J23: 2 | K23: CELF-6 RF1 OSEP Specific Learning Disability (Ages 5-8) | L23: OSEP_SLD_RF1 | M23: Active
A24: =LEN(#REF!) - LEN(SUBSTITUTE(#REF!, "!", "")) + 1 -> #REF! | B24: 9 | C24: 3747 | D24: CELF-6 RF1 OSEP Developmental Delay (Ages 5-8) | E24: OSEP_DD_RF1 | F24: =aurora_data!U1846 -> 16 | H24: 3751 | I24: Clinical | J24: 2 | K24: CELF-6 RF2 OSEP ADHD (Ages 9-17) | L24: OSEP_ADHD_RF2 | M24: Active
A25: =LEN(#REF!) - LEN(SUBSTITUTE(#REF!, "!", "")) + 1 -> #REF! | B25: 10 | C25: 3748 | D25: CELF-6 RF1 OSEP Intellectual Disability (Ages 5-8) | E25: OSEP_ID_RF1 | F25: =aurora_data!U846 -> 2 | H25: 3750 | I25: Clinical | J25: 2 | K25: CELF-6 RF1 OSEP ADHD (Ages 5-8) | L25: OSEP_ADHD_RF1 | M25: Active
A26: =LEN(#REF!) - LEN(SUBSTITUTE(#REF!, "!", "")) + 1 -> #REF! | B26: 11 | C26: 3749 | D26: CELF-6 RF2 OSEP Intellectual Disability (Ages 9-21) | E26: OSEP_ID_RF2 | F26: =aurora_data!U946 -> 4 | H26: 3749 | I26: Clinical | J26: 2 | K26: CELF-6 RF2 OSEP Intellectual Disability (Ages 9-21) | L26: OSEP_ID_RF2 | M26: Active
A27: =LEN(#REF!) - LEN(SUBSTITUTE(#REF!, "!", "")) + 1 -> #REF! | B27: 12 | C27: 3750 | D27: CELF-6 RF1 OSEP ADHD (Ages 5-8) | E27: OSEP_ADHD_RF1 | F27: =aurora_data!U1046 -> 14 | H27: 3748 | I27: Clinical | J27: 2 | K27: CELF-6 RF1 OSEP Intellectual Disability (Ages 5-8) | L27: OSEP_ID_RF1 | M27: Active
A28: =LEN(#REF!) - LEN(SUBSTITUTE(#REF!, "!", "")) + 1 -> #REF! | B28: 13 | C28: 3751 | D28: CELF-6 RF2 OSEP ADHD (Ages 9-17) | E28: OSEP_ADHD_RF2 | F28: =aurora_data!U1146 -> 21 | H28: 3747 | I28: Clinical | J28: 2 | K28: CELF-6 RF1 OSEP Developmental Delay (Ages 5-8) | L28: OSEP_DD_RF1 | M28: Active
A29: =LEN(#REF!) - LEN(SUBSTITUTE(#REF!, "!", "")) + 1 -> #REF! | B29: 14 | C29: 3752 | D29: CELF-6 RF1 OSEP Specific Learning Disability (Ages 5-8) | E29: OSEP_SLD_RF1 | F29: =aurora_data!U1246 -> 2 | H29: 3746 | I29: Clinical | J29: 2 | K29: CELF-6 RF 2 Clinical Specific Learning Disability in Reading and/or Writing (Ages 9-21) | L29: C_SLDRW_RF2 | M29: Active
A30: =LEN(#REF!) - LEN(SUBSTITUTE(#REF!, "!", "")) + 1 -> #REF! | B30: 15 | C30: 3753 | D30: CELF-6 RF2 OSEP Specific Learning Disability (Ages 9-21) | E30: OSEP_SLD_RF2 | F30: =aurora_data!U1354 -> 4 | H30: 3745 | I30: Clinical | J30: 2 | K30: CELF-6 RF 1 Clinical Specific Learning Disability in Reading and/or Writing (Age 8) | L30: C_SLDRW_RF1 | M30: Active
A31: =LEN(#REF!) - LEN(SUBSTITUTE(#REF!, "!", "")) + 1 -> #REF! | B31: 16 | C31: 3754 | D31: CELF-6 RF1 OSEP Speech Impairment (Ages 5-8) | E31: OSEP_SI_RF1 | F31: =aurora_data!U1446 -> 25 | H31: 3744 | I31: Clinical | J31: 2 | K31: CELF-6 RF 2 Clinical Autism Spectrum Disorder (Ages 9-16) | L31: C_ASDL_RF2 | M31: Active
A32: =LEN(#REF!) - LEN(SUBSTITUTE(#REF!, "!", "")) + 1 -> #REF! | B32: 17 | C32: 3755 | D32: CELF-6 RF2 OSEP Speech Impairment (Ages 9-21) | E32: OSEP_SI_RF2 | F32: =aurora_data!U1546 -> 20 | H32: 3743 | I32: Clinical | J32: 2 | K32: CELF-6 RF 1 Clinical Autism Spectrum Disorder (Ages 5-8) | L32: C_ASDL_RF1 | M32: Active
A33: =LEN(#REF!) - LEN(SUBSTITUTE(#REF!, "!", "")) + 1 -> #REF! | B33: 18 | C33: 3756 | D33: CELF-6 RF1 OSEP Gifted and Talented (Ages 5-8) | E33: OSEP_GT_RF1 | F33: =aurora_data!U1646 -> 1 | H33: 3741 | I33: Clinical | J33: 2 | K33: CELF-6 RF 1 Clinical Hard of Hearing (Ages 5-8) | L33: C_HH_RF1 | M33: Active
B34: 19 | C34: 3757 | D34: CELF-6 RF2 OSEP Gifted and Talented (Ages 9-21) | E34: OSEP_GT_RF2 | F34: =aurora_data!U1754 -> 20 | H34: 3740 | I34: Clinical | J34: 2 | K34: CELF-6 RF 2 Clinical Language Disorder (Ages 9-16) | L34: C_LD_RF2 | M34: Active
H35: 3739 | I35: Clinical | J35: 2 | K35: CELF-6 RF 1 Clinical Language Disorder (Ages 5-8) | L35: C_LD_RF1 | M35: Active
H36: 3742 | I36: Clinical | J36: 2 | K36: CELF-6 RF 2 Clinical Hard of Hearing (Ages 9-16) | L36: C_HH_RF2 | M36: Active
H37: 3727 | I37: Reliability | J37: 3 | K37: Retest CELF-6 Standardization Record Form 1 (Ages 5-8) | L37: R_CELF6_RF1_STDZ_5-8 | M37: Active
H38: 3728 | I38: Reliability | J38: 3 | K38: Retest CELF-6 Standardization Record Form 2 (Ages 9-16) | L38: R_CELF6_RF2_STDZ_9-16 | M38: Active
H39: 3732 | I39: Validity | J39: 4 | K39: Validity CELF-6 RF1/CELFP-3 (Ages 5-6) | L39: V_CELFP3_RF1 | M39: Active
H40: 3729 | I40: Validity | J40: 4 | K40: Validity CELF-6 RF1/CELF-5 (Ages 5-8) | L40: V_CELF5_RF1 | M40: Active
H41: 3730 | I41: Validity | J41: 4 | K41: Validity CELF-6 RF2/CELF-5 (Ages 9-16) | L41: V_CELF5_RF2 | M41: Active
H42: 3731 | I42: Validity | J42: 4 | K42: Validity CELF-6 RF2/CELF-5 Meta (Ages 9-21) | L42: V_META_RF2 | M42: Active
H43: 3733 | I43: Validity | J43: 4 | K43: Validity CELF-6 RF1/CCC-2 (Ages 5-8) | L43: V_CCC2_RF1 | M43: Active
H44: 3734 | I44: Validity | J44: 4 | K44: Validity CELF-6 RF2/CCC-2 (Ages 9-16) | L44: V_CCC2_RF2 | M44: Active
H45: 3735 | I45: Validity | J45: 4 | K45: Counterbalance CELF-5/CELF-6 RF1 (Ages 5-8) | L45: CB_CELF5_RF1 | M45: Active
H46: 3736 | I46: Validity | J46: 4 | K46: Counterbalance CELF-5/CELF-6 RF2 (Ages 9-16) | L46: CB_CELF5_RF2 | M46: Active
... H52: 3761 | I52: Other | J52: 7 | K52: CELF-6 RF 2 Clinical Language Disorder (Ages 9-21) Usability | L52: C_LD_RF2_USB | M52: Active

Sheet aurora_data
A1: =setup!C16 -> 3739
A2: =_xlfn.CONCAT(setup!D16, " - ",setup!E16) -> CELF-6 RF 1 Clinical Language Disorder (Ages 5-8) - C_LD_RF1
A3: ageband | B3: gradeband | C3: report | D3: 1 | E3: 2 | F3: 3 | G3: 4 | H3: 5 | I3: AS | J3: BL | K3: HI | L3: OT | M3: WH | N3: MW | O3: NE | P3: SO | Q3: WE | R3: F | S3: M | T3: OTHER | U3: Total | V3: LastRefreshed
A4: 05.00.00-08.11.30 | C4: Target N | D4: 0 | E4: 0 | F4: 0 | G4: 0 | H4: 0 | I4: 0 | J4: 0 | K4: 0 | L4: 0 | M4: 0 | N4: 0 | O4: 0 | P4: 0 | Q4: 0 | R4: 0 | S4: 0 | T4: 0 | U4: 50 | V4: 08/06/2026 @ 7:19 AM
A5: 05.00.00-08.11.30 | C5: Stratified Usable N | D5: 3 | E5: 14 | F5: 19 | G5: 14 | H5: 0 | I5: 0 | J5: 10 | K5: 5 | L5: 8 | M5: 27 | N5: 16 | O5: 5 | P5: 28 | Q5: 1 | R5: 19 | S5: 31 | T5: 0 | U5: 50 | V5: 08/06/2026 @ 7:19 AM
A6: 05.00.00-08.11.30 | C6: Stratified Out Usable N | D6: 0 | E6: 0 | F6: 0 | G6: 0 | H6: 0 | I6: 0 | J6: 0 | K6: 0 | L6: 0 | M6: 0 | N6: 0 | O6: 0 | P6: 0 | Q6: 0 | R6: 0 | S6: 0 | T6: 0 | U6: 0 | V6: 08/06/2026 @ 7:19 AM
A7: 05.00.00-08.11.30 | C7: In Process N | D7: 0 | E7: 0 | F7: 0 | G7: 0 | H7: 0 | I7: 0 | J7: 0 | K7: 0 | L7: 0 | M7: 0 | N7: 0 | O7: 0 | P7: 0 | Q7: 0 | R7: 0 | S7: 0 | T7: 0 | U7: 0 | V7: 08/06/2026 @ 7:19 AM
A8: 05.00.00-08.11.30 | C8: Assigned Not Recd N | D8: 0 | E8: 0 | F8: 0 | G8: 0 | H8: 0 | I8: 0 | J8: 0 | K8: 0 | L8: 0 | M8: 0 | N8: 0 | O8: 0 | P8: 0 | Q8: 0 | R8: 0 | S8: 0 | T8: 0 | U8: 0 | V8: 08/06/2026 @ 7:19 AM
A9: 05.00.00-08.11.30 | C9: Reserved Not Recd N | D9: 0 | E9: 0 | F9: 0 | G9: 0 | H9: 0 | I9: 0 | J9: 0 | K9: 0 | L9: 0 | M9: 0 | N9: 0 | O9: 0 | P9: 0 | Q9: 0 | R9: 0 | S9: 0 | T9: 0 | U9: 0 | V9: 08/06/2026 @ 7:19 AM
A10: 05.00.00-08.11.30 | C10: Total Assignments | D10: 3 | E10: 14 | F10: 19 | G10: 14 | H10: 0 | I10: 0 | J10: 10 | K10: 5 | L10: 8 | M10: 27 | N10: 16 | O10: 5 | P10: 28 | Q10: 1 | R10: 19 | S10: 31 | T10: 0 | U10: 50 | V10: 08/06/2026 @ 7:19 AM
A11: 05.00.00-08.11.30 | C11: Selected N | D11: 0 | E11: 0 | F11: 0 | G11: 0 | H11: 0 | I11: 0 | J11: 0 | K11: 0 | L11: 0 | M11: 0 | N11: 0 | O11: 0 | P11: 0 | Q11: 0 | R11: 0 | S11: 0 | T11: 0 | U11: 0 | V11: 08/06/2026 @ 7:19 AM
A12: Total | C12: Target N | D12: 0 | E12: 0 | F12: 0 | G12: 0 | H12: 0 | I12: 0 | J12: 0 | K12: 0 | L12: 0 | M12: 0 | N12: 0 | O12: 0 | P12: 0 | Q12: 0 | R12: 0 | S12: 0 | T12: 0 | U12: 50 | V12: 08/06/2026 @ 7:19 AM
A13: Total | C13: Stratified Usable N | D13: 3 | E13: 14 | F13: 19 | G13: 14 | H13: 0 | I13: 0 | J13: 10 | K13: 5 | L13: 8 | M13: 27 | N13: 16 | O13: 5 | P13: 28 | Q13: 1 | R13: 19 | S13: 31 | T13: 0 | U13: 50 | V13: 08/06/2026 @ 7:19 AM
A14: Total | C14: Stratified Out Usable N | D14: 0 | E14: 0 | F14: 0 | G14: 0 | H14: 0 | I14: 0 | J14: 0 | K14: 0 | L14: 0 | M14: 0 | N14: 0 | O14: 0 | P14: 0 | Q14: 0 | R14: 0 | S14: 0 | T14: 0 | U14: 0 | V14: 08/06/2026 @ 7:19 AM
A15: Total | C15: In Process N | D15: 0 | E15: 0 | F15: 0 | G15: 0 | H15: 0 | I15: 0 | J15: 0 | K15: 0 | L15: 0 | M15: 0 | N15: 0 | O15: 0 | P15: 0 | Q15: 0 | R15: 0 | S15: 0 | T15: 0 | U15: 0 | V15: 08/06/2026 @ 7:19 AM
... A19: Total | C19: Selected N | D19: 0 | E19: 0 | F19: 0 | G19: 0 | H19: 0 | I19: 0 | J19: 0 | K19: 0 | L19: 0 | M19: 0 | N19: 0 | O19: 0 | P19: 0 | Q19: 0 | R19: 0 | S19: 0 | T19: 0 | U19: 0 | V19: 08/06/2026 @ 7:19 AM
A129: =setup!C17 -> 3740
A130: =_xlfn.CONCAT(setup!D17," - ",setup!E17) -> CELF-6 RF 2 Clinical Language Disorder (Ages 9-16) - C_LD_RF2
A131: ageband | B131: gradeband | C131: report | D131: 1 | E131: 2 | F131: 3 | G131: 4 | H131: 5 | I131: AS | J131: BL | K131: HI | L131: OT | M131: WH | N131: MW | O131: NE | P131: SO | Q131: WE | R131: F | S131: M | T131: OTHER | U131: Total | V131: LastRefreshed
A132: 09.00.00-16.11.30 | C132: Target N | D132: 0 | E132: 0 | F132: 0 | G132: 0 | H132: 0 | I132: 0 | J132: 0 | K132: 0 | L132: 0 | M132: 0 | N132: 0 | O132: 0 | P132: 0 | Q132: 0 | R132: 0 | S132: 0 | T132: 0 | U132: 50 | V132: 08/06/2026 @ 7:19 AM
A133: 09.00.00-16.11.30 | C133: Stratified Usable N | D133: 16 | E133: 18 | F133: 5 | G133: 10 | H133: 0 | I133: 1 | J133: 7 | K133: 24 | L133: 1 | M133: 16 | N133: 7 | O133: 6 | P133: 14 | Q133: 22 | R133: 18 | S133: 31 | T133: 0 | U133: 49 | V133: 08/06/2026 @ 7:19 AM
A134: 09.00.00-16.11.30 | C134: Stratified Out Usable N | D134: 0 | E134: 0 | F134: 0 | G134: 0 | H134: 0 | I134: 0 | J134: 0 | K134: 0 | L134: 0 | M134: 0 | N134: 0 | O134: 0 | P134: 0 | Q134: 0 | R134: 0 | S134: 0 | T134: 0 | U134: 0 | V134: 08/06/2026 @ 7:19 AM
A135: 09.00.00-16.11.30 | C135: In Process N | D135: 0 | E135: 0 | F135: 0 | G135: 0 | H135: 0 | I135: 0 | J135: 0 | K135: 0 | L135: 0 | M135: 0 | N135: 0 | O135: 0 | P135: 0 | Q135: 0 | R135: 0 | S135: 0 | T135: 0 | U135: 0 | V135: 08/06/2026 @ 7:19 AM
A136: 09.00.00-16.11.30 | C136: Assigned Not Recd N | D136: 0 | E136: 0 | F136: 0 | G136: 0 | H136: 0 | I136: 0 | J136: 0 | K136: 0 | L136: 0 | M136: 0 | N136: 0 | O136: 0 | P136: 0 | Q136: 0 | R136: 0 | S136: 0 | T136: 0 | U136: 0 | V136: 08/06/2026 @ 7:19 AM
A137: 09.00.00-16.11.30 | C137: Reserved Not Recd N | D137: 0 | E137: 0 | F137: 0 | G137: 0 | H137: 0 | I137: 0 | J137: 0 | K137: 0 | L137: 0 | M137: 0 | N137: 0 | O137: 0 | P137: 0 | Q137: 0 | R137: 0 | S137: 0 | T137: 0 | U137: 0 | V137: 08/06/2026 @ 7:19 AM
A138: 09.00.00-16.11.30 | C138: Total Assignments | D138: 16 | E138: 18 | F138: 5 | G138: 10 | H138: 0 | I138: 1 | J138: 7 | K138: 24 | L138: 1 | M138: 16 | N138: 7 | O138: 6 | P138: 14 | Q138: 22 | R138: 18 | S138: 31 | T138: 0 | U138: 49 | V138: 08/06/2026 @ 7:19 AM
A139: 09.00.00-16.11.30 | C139: Selected N | D139: 0 | E139: 0 | F139: 0 | G139: 0 | H139: 0 | I139: 0 | J139: 0 | K139: 0 | L139: 0 | M139: 0 | N139: 0 | O139: 0 | P139: 0 | Q139: 0 | R139: 0 | S139: 0 | T139: 0 | U139: 0 | V139: 08/06/2026 @ 7:19 AM
A140: Total | C140: Target N | D140: 0 | E140: 0 | F140: 0 | G140: 0 | H140: 0 | I140: 0 | J140: 0 | K140: 0 | L140: 0 | M140: 0 | N140: 0 | O140: 0 | P140: 0 | Q140: 0 | R140: 0 | S140: 0 | T140: 0 | U140: 50 | V140: 08/06/2026 @ 7:19 AM
A141: Total | C141: Stratified Usable N | D141: 16 | E141: 18 | F141: 5 | G141: 10 | H141: 0 | I141: 1 | J141: 7 | K141: 24 | L141: 1 | M141: 16 | N141: 7 | O141: 6 | P141: 14 | Q141: 22 | R141: 18 | S141: 31 | T141: 0 | U141: 49 | V141: 08/06/2026 @ 7:19 AM
A142: Total | C142: Stratified Out Usable N | D142: 0 | E142: 0 | F142: 0 | G142: 0 | H142: 0 | I142: 0 | J142: 0 | K142: 0 | L142: 0 | M142: 0 | N142: 0 | O142: 0 | P142: 0 | Q142: 0 | R142: 0 | S142: 0 | T142: 0 | U142: 0 | V142: 08/06/2026 @ 7:19 AM
A143: Total | C143: In Process N | D143: 0 | E143: 0 | F143: 0 | G143: 0 | H143: 0 | I143: 0 | J143: 0 | K143: 0 | L143: 0 | M143: 0 | N143: 0 | O143: 0 | P143: 0 | Q143: 0 | R143: 0 | S143: 0 | T143: 0 | U143: 0 | V143: 08/06/2026 @ 7:19 AM
... A147: Total | C147: Selected N | D147: 0 | E147: 0 | F147: 0 | G147: 0 | H147: 0 | I147: 0 | J147: 0 | K147: 0 | L147: 0 | M147: 0 | N147: 0 | O147: 0 | P147: 0 | Q147: 0 | R147: 0 | S147: 0 | T147: 0 | U147: 0 | V147: 08/06/2026 @ 7:19 AM
A229: =setup!C18 -> 3741
A230: =_xlfn.CONCAT(setup!D18," - ",setup!E18) -> CELF-6 RF 1 Clinical Hard of Hearing (Ages 5-8) - C_HH_RF1
A231: ageband | B231: gradeband | C231: report | D231: 1 | E231: 2 | F231: 3 | G231: 4 | H231: 5 | I231: AS | J231: BL | K231: HI | L231: OT | M231: WH | N231: MW | O231: NE | P231: SO | Q231: WE | R231: F | S231: M | T231: OTHER | U231: Total | V231: LastRefreshed
A232: 05.00.00-08.11.30 | C232: Target N | D232: 0 | E232: 0 | F232: 0 | G232: 0 | H232: 0 | I232: 0 | J232: 0 | K232: 0 | L232: 0 | M232: 0 | N232: 0 | O232: 0 | P232: 0 | Q232: 0 | R232: 0 | S232: 0 | T232: 0 | U232: 30 | V232: 08/06/2026 @ 7:19 AM
A233: 05.00.00-08.11.30 | C233: Stratified Usable N | D233: 3 | E233: 4 | F233: 4 | G233: 18 | H233: 0 | I233: 0 | J233: 0 | K233: 3 | L233: 1 | M233: 25 | N233: 9 | O233: 3 | P233: 12 | Q233: 5 | R233: 19 | S233: 10 | T233: 0 | U233: 29 | V233: 08/06/2026 @ 7:19 AM
A234: 05.00.00-08.11.30 | C234: Stratified Out Usable N | D234: 0 | E234: 0 | F234: 0 | G234: 0 | H234: 0 | I234: 0 | J234: 0 | K234: 0 | L234: 0 | M234: 0 | N234: 0 | O234: 0 | P234: 0 | Q234: 0 | R234: 0 | S234: 0 | T234: 0 | U234: 0 | V234: 08/06/2026 @ 7:19 AM
A235: 05.00.00-08.11.30 | C235: In Process N | D235: 0 | E235: 0 | F235: 0 | G235: 0 | H235: 0 | I235: 0 | J235: 0 | K235: 0 | L235: 0 | M235: 0 | N235: 0 | O235: 0 | P235: 0 | Q235: 0 | R235: 0 | S235: 0 | T235: 0 | U235: 0 | V235: 08/06/2026 @ 7:19 AM
A236: 05.00.00-08.11.30 | C236: Assigned Not Recd N | D236: 0 | E236: 0 | F236: 0 | G236: 0 | H236: 0 | I236: 0 | J236: 0 | K236: 0 | L236: 0 | M236: 0 | N236: 0 | O236: 0 | P236: 0 | Q236: 0 | R236: 0 | S236: 0 | T236: 0 | U236: 0 | V236: 08/06/2026 @ 7:19 AM
A237: 05.00.00-08.11.30 | C237: Reserved Not Recd N | D237: 0 | E237: 0 | F237: 0 | G237: 0 | H237: 0 | I237: 0 | J237: 0 | K237: 0 | L237: 0 | M237: 0 | N237: 0 | O237: 0 | P237: 0 | Q237: 0 | R237: 0 | S237: 0 | T237: 0 | U237: 0 | V237: 08/06/2026 @ 7:19 AM
A238: 05.00.00-08.11.30 | C238: Total Assignments | D238: 3 | E238: 4 | F238: 4 | G238: 18 | H238: 0 | I238: 0 | J238: 0 | K238: 3 | L238: 1 | M238: 25 | N238: 9 | O238: 3 | P238: 12 | Q238: 5 | R238: 19 | S238: 10 | T238: 0 | U238: 29 | V238: 08/06/2026 @ 7:19 AM
A239: 05.00.00-08.11.30 | C239: Selected N | D239: 0 | E239: 0 | F239: 0 | G239: 0 | H239: 0 | I239: 0 | J239: 0 | K239: 0 | L239: 0 | M239: 0 | N239: 0 | O239: 0 | P239: 0 | Q239: 0 | R239: 0 | S239: 0 | T239: 0 | U239: 0 | V239: 08/06/2026 @ 7:19 AM
A240: Total | C240: Target N | D240: 0 | E240: 0 | F240: 0 | G240: 0 | H240: 0 | I240: 0 | J240: 0 | K240: 0 | L240: 0 | M240: 0 | N240: 0 | O240: 0 | P240: 0 | Q240: 0 | R240: 0 | S240: 0 | T240: 0 | U240: 30 | V240: 08/06/2026 @ 7:19 AM
A241: Total | C241: Stratified Usable N | D241: 3 | E241: 4 | F241: 4 | G241: 18 | H241: 0 | I241: 0 | J241: 0 | K241: 3 | L241: 1 | M241: 25 | N241: 9 | O241: 3 | P241: 12 | Q241: 5 | R241: 19 | S241: 10 | T241: 0 | U241: 29 | V241: 08/06/2026 @ 7:19 AM
A242: Total | C242: Stratified Out Usable N | D242: 0 | E242: 0 | F242: 0 | G242: 0 | H242: 0 | I242: 0 | J242: 0 | K242: 0 | L242: 0 | M242: 0 | N242: 0 | O242: 0 | P242: 0 | Q242: 0 | R242: 0 | S242: 0 | T242: 0 | U242: 0 | V242: 08/06/2026 @ 7:19 AM
A243: Total | C243: In Process N | D243: 0 | E243: 0 | F243: 0 | G243: 0 | H243: 0 | I243: 0 | J243: 0 | K243: 0 | L243: 0 | M243: 0 | N243: 0 | O243: 0 | P243: 0 | Q243: 0 | R243: 0 | S243: 0 | T243: 0 | U243: 0 | V243: 08/06/2026 @ 7:19 AM
... A247: Total | C247: Selected N | D247: 0 | E247: 0 | F247: 0 | G247: 0 | H247: 0 | I247: 0 | J247: 0 | K247: 0 | L247: 0 | M247: 0 | N247: 0 | O247: 0 | P247: 0 | Q247: 0 | R247: 0 | S247: 0 | T247: 0 | U247: 0 | V247: 08/06/2026 @ 7:19 AM
A329: =setup!C19 -> 3742
A330: =_xlfn.CONCAT(setup!D19, " - ",setup!E19) -> CELF-6 RF 2 Clinical Hard of Hearing (Ages 9-16) - C_HH_RF2
A331: ageband | B331: gradeband | C331: report | D331: 1 | E331: 2 | F331: 3 | G331: 4 | H331: 5 | I331: AS | J331: BL | K331: HI | L331: OT | M331: WH | N331: MW | O331: NE | P331: SO | Q331: WE | R331: F | S331: M | T331: OTHER | U331: Total | V331: LastRefreshed
A332: 09.00.00-16.11.30 | C332: Target N | D332: 0 | E332: 0 | F332: 0 | G332: 0 | H332: 0 | I332: 0 | J332: 0 | K332: 0 | L332: 0 | M332: 0 | N332: 0 | O332: 0 | P332: 0 | Q332: 0 | R332: 0 | S332: 0 | T332: 0 | U332: 30 | V332: 08/06/2026 @ 7:19 AM
A333: 09.00.00-16.11.30 | C333: Stratified Usable N | D333: 1 | E333: 1 | F333: 5 | G333: 24 | H333: 0 | I333: 0 | J333: 0 | K333: 2 | L333: 4 | M333: 25 | N333: 11 | O333: 7 | P333: 7 | Q333: 6 | R333: 15 | S333: 16 | T333: 0 | U333: 31 | V333: 08/06/2026 @ 7:19 AM
A334: 09.00.00-16.11.30 | C334: Stratified Out Usable N | D334: 0 | E334: 0 | F334: 0 | G334: 4 | H334: 0 | I334: 0 | J334: 0 | K334: 0 | L334: 0 | M334: 4 | N334: 4 | O334: 0 | P334: 0 | Q334: 0 | R334: 3 | S334: 1 | T334: 0 | U334: 4 | V334: 08/06/2026 @ 7:19 AM
A335: 09.00.00-16.11.30 | C335: In Process N | D335: 0 | E335: 0 | F335: 0 | G335: 0 | H335: 0 | I335: 0 | J335: 0 | K335: 0 | L335: 0 | M335: 0 | N335: 0 | O335: 0 | P335: 0 | Q335: 0 | R335: 0 | S335: 0 | T335: 0 | U335: 0 | V335: 08/06/2026 @ 7:19 AM
A336: 09.00.00-16.11.30 | C336: Assigned Not Recd N | D336: 0 | E336: 0 | F336: 0 | G336: 0 | H336: 0 | I336: 0 | J336: 0 | K336: 0 | L336: 0 | M336: 0 | N336: 0 | O336: 0 | P336: 0 | Q336: 0 | R336: 0 | S336: 0 | T336: 0 | U336: 0 | V336: 08/06/2026 @ 7:19 AM
A337: 09.00.00-16.11.30 | C337: Reserved Not Recd N | D337: 0 | E337: 0 | F337: 0 | G337: 0 | H337: 0 | I337: 0 | J337: 0 | K337: 0 | L337: 0 | M337: 0 | N337: 0 | O337: 0 | P337: 0 | Q337: 0 | R337: 0 | S337: 0 | T337: 0 | U337: 0 | V337: 08/06/2026 @ 7:19 AM
A338: 09.00.00-16.11.30 | C338: Total Assignments | D338: 1 | E338: 1 | F338: 5 | G338: 28 | H338: 0 | I338: 0 | J338: 0 | K338: 2 | L338: 4 | M338: 29 | N338: 15 | O338: 7 | P338: 7 | Q338: 6 | R338: 18 | S338: 17 | T338: 0 | U338: 35 | V338: 08/06/2026 @ 7:19 AM
A339: 09.00.00-16.11.30 | C339: Selected N | D339: 0 | E339: 0 | F339: 0 | G339: 0 | H339: 0 | I339: 0 | J339: 0 | K339: 0 | L339: 0 | M339: 0 | N339: 0 | O339: 0 | P339: 0 | Q339: 0 | R339: 0 | S339: 0 | T339: 0 | U339: 0 | V339: 08/06/2026 @ 7:19 AM
A340: Total | C340: Target N | D340: 0 | E340: 0 | F340: 0 | G340: 0 | H340: 0 | I340: 0 | J340: 0 | K340: 0 | L340: 0 | M340: 0 | N340: 0 | O340: 0 | P340: 0 | Q340: 0 | R340: 0 | S340: 0 | T340: 0 | U340: 30 | V340: 08/06/2026 @ 7:19 AM
A341: Total | C341: Stratified Usable N | D341: 1 | E341: 1 | F341: 5 | G341: 24 | H341: 0 | I341: 0 | J341: 0 | K341: 2 | L341: 4 | M341: 25 | N341: 11 | O341: 7 | P341: 7 | Q341: 6 | R341: 15 | S341: 16 | T341: 0 | U341: 31 | V341: 08/06/2026 @ 7:19 AM
A342: Total | C342: Stratified Out Usable N | D342: 0 | E342: 0 | F342: 0 | G342: 4 | H342: 0 | I342: 0 | J342: 0 | K342: 0 | L342: 0 | M342: 4 | N342: 4 | O342: 0 | P342: 0 | Q342: 0 | R342: 3 | S342: 1 | T342: 0 | U342: 4 | V342: 08/06/2026 @ 7:19 AM
A343: Total | C343: In Process N | D343: 0 | E343: 0 | F343: 0 | G343: 0 | H343: 0 | I343: 0 | J343: 0 | K343: 0 | L343: 0 | M343: 0 | N343: 0 | O343: 0 | P343: 0 | Q343: 0 | R343: 0 | S343: 0 | T343: 0 | U343: 0 | V343: 08/06/2026 @ 7:19 AM
... A347: Total | C347: Selected N | D347: 0 | E347: 0 | F347: 0 | G347: 0 | H347: 0 | I347: 0 | J347: 0 | K347: 0 | L347: 0 | M347: 0 | N347: 0 | O347: 0 | P347: 0 | Q347: 0 | R347: 0 | S347: 0 | T347: 0 | U347: 0 | V347: 08/06/2026 @ 7:19 AM
A429: =setup!C20 -> 3743
A430: =_xlfn.CONCAT(setup!D20," - ",setup!E20) -> CELF-6 RF 1 Clinical Autism Spectrum Disorder (Ages 5-8) - C_ASDL_RF1
A431: ageband | B431: gradeband | C431: report | D431: 1 | E431: 2 | F431: 3 | G431: 4 | H431: 5 | I431: AS | J431: BL | K431: HI | L431: OT | M431: WH | N431: MW | O431: NE | P431: SO | Q431: WE | R431: F | S431: M | T431: OTHER | U431: Total | V431: LastRefreshed
A432: 05.00.00-08.11.30 | C432: Target N | D432: 0 | E432: 0 | F432: 0 | G432: 0 | H432: 0 | I432: 0 | J432: 0 | K432: 0 | L432: 0 | M432: 0 | N432: 0 | O432: 0 | P432: 0 | Q432: 0 | R432: 0 | S432: 0 | T432: 0 | U432: 30 | V432: 08/06/2026 @ 7:19 AM
A433: 05.00.00-08.11.30 | C433: Stratified Usable N | D433: 0 | E433: 6 | F433: 8 | G433: 16 | H433: 0 | I433: 2 | J433: 2 | K433: 6 | L433: 2 | M433: 18 | N433: 15 | O433: 6 | P433: 8 | Q433: 1 | R433: 5 | S433: 25 | T433: 0 | U433: 30 | V433: 08/06/2026 @ 7:19 AM
A434: 05.00.00-08.11.30 | C434: Stratified Out Usable N | D434: 0 | E434: 0 | F434: 0 | G434: 0 | H434: 0 | I434: 0 | J434: 0 | K434: 0 | L434: 0 | M434: 0 | N434: 0 | O434: 0 | P434: 0 | Q434: 0 | R434: 0 | S434: 0 | T434: 0 | U434: 0 | V434: 08/06/2026 @ 7:19 AM
A435: 05.00.00-08.11.30 | C435: In Process N | D435: 0 | E435: 0 | F435: 0 | G435: 0 | H435: 0 | I435: 0 | J435: 0 | K435: 0 | L435: 0 | M435: 0 | N435: 0 | O435: 0 | P435: 0 | Q435: 0 | R435: 0 | S435: 0 | T435: 0 | U435: 0 | V435: 08/06/2026 @ 7:19 AM
A436: 05.00.00-08.11.30 | C436: Assigned Not Recd N | D436: 0 | E436: 0 | F436: 0 | G436: 0 | H436: 0 | I436: 0 | J436: 0 | K436: 0 | L436: 0 | M436: 0 | N436: 0 | O436: 0 | P436: 0 | Q436: 0 | R436: 0 | S436: 0 | T436: 0 | U436: 0 | V436: 08/06/2026 @ 7:19 AM
A437: 05.00.00-08.11.30 | C437: Reserved Not Recd N | D437: 0 | E437: 0 | F437: 0 | G437: 0 | H437: 0 | I437: 0 | J437: 0 | K437: 0 | L437: 0 | M437: 0 | N437: 0 | O437: 0 | P437: 0 | Q437: 0 | R437: 0 | S437: 0 | T437: 0 | U437: 0 | V437: 08/06/2026 @ 7:19 AM
A438: 05.00.00-08.11.30 | C438: Total Assignments | D438: 0 | E438: 6 | F438: 8 | G438: 16 | H438: 0 | I438: 2 | J438: 2 | K438: 6 | L438: 2 | M438: 18 | N438: 15 | O438: 6 | P438: 8 | Q438: 1 | R438: 5 | S438: 25 | T438: 0 | U438: 30 | V438: 08/06/2026 @ 7:19 AM
A439: 05.00.00-08.11.30 | C439: Selected N | D439: 0 | E439: 0 | F439: 0 | G439: 0 | H439: 0 | I439: 0 | J439: 0 | K439: 0 | L439: 0 | M439: 0 | N439: 0 | O439: 0 | P439: 0 | Q439: 0 | R439: 0 | S439: 0 | T439: 0 | U439: 0 | V439: 08/06/2026 @ 7:19 AM
A440: Total | C440: Target N | D440: 0 | E440: 0 | F440: 0 | G440: 0 | H440: 0 | I440: 0 | J440: 0 | K440: 0 | L440: 0 | M440: 0 | N440: 0 | O440: 0 | P440: 0 | Q440: 0 | R440: 0 | S440: 0 | T440: 0 | U440: 30 | V440: 08/06/2026 @ 7:19 AM
A441: Total | C441: Stratified Usable N | D441: 0 | E441: 6 | F441: 8 | G441: 16 | H441: 0 | I441: 2 | J441: 2 | K441: 6 | L441: 2 | M441: 18 | N441: 15 | O441: 6 | P441: 8 | Q441: 1 | R441: 5 | S441: 25 | T441: 0 | U441: 30 | V441: 08/06/2026 @ 7:19 AM
A442: Total | C442: Stratified Out Usable N | D442: 0 | E442: 0 | F442: 0 | G442: 0 | H442: 0 | I442: 0 | J442: 0 | K442: 0 | L442: 0 | M442: 0 | N442: 0 | O442: 0 | P442: 0 | Q442: 0 | R442: 0 | S442: 0 | T442: 0 | U442: 0 | V442: 08/06/2026 @ 7:19 AM
A443: Total | C443: In Process N | D443: 0 | E443: 0 | F443: 0 | G443: 0 | H443: 0 | I443: 0 | J443: 0 | K443: 0 | L443: 0 | M443: 0 | N443: 0 | O443: 0 | P443: 0 | Q443: 0 | R443: 0 | S443: 0 | T443: 0 | U443: 0 | V443: 08/06/2026 @ 7:19 AM
... A447: Total | C447: Selected N | D447: 0 | E447: 0 | F447: 0 | G447: 0 | H447: 0 | I447: 0 | J447: 0 | K447: 0 | L447: 0 | M447: 0 | N447: 0 | O447: 0 | P447: 0 | Q447: 0 | R447: 0 | S447: 0 | T447: 0 | U447: 0 | V447: 08/06/2026 @ 7:19 AM
A529: =setup!C21 -> 3744
A530: =_xlfn.CONCAT(setup!D21," - ",setup!E21) -> CELF-6 RF 2 Clinical Autism Spectrum Disorder (Ages 9-16) - C_ASDL_RF2
A531: ageband | B531: gradeband | C531: report | D531: 1 | E531: 2 | F531: 3 | G531: 4 | H531: 5 | I531: AS | J531: BL | K531: HI | L531: OT | M531: WH | N531: MW | O531: NE | P531: SO | Q531: WE | R531: F | S531: M | T531: OTHER | U531: Total | V531: LastRefreshed
A532: 09.00.00-16.11.30 | C532: Target N | D532: 0 | E532: 0 | F532: 0 | G532: 0 | H532: 0 | I532: 0 | J532: 0 | K532: 0 | L532: 0 | M532: 0 | N532: 0 | O532: 0 | P532: 0 | Q532: 0 | R532: 0 | S532: 0 | T532: 0 | U532: 30 | V532: 08/06/2026 @ 7:19 AM
A533: 09.00.00-16.11.30 | C533: Stratified Usable N | D533: 0 | E533: 5 | F533: 10 | G533: 15 | H533: 0 | I533: 4 | J533: 0 | K533: 7 | L533: 2 | M533: 17 | N533: 9 | O533: 6 | P533: 9 | Q533: 6 | R533: 5 | S533: 25 | T533: 0 | U533: 30 | V533: 08/06/2026 @ 7:19 AM
A534: 09.00.00-16.11.30 | C534: Stratified Out Usable N | D534: 0 | E534: 0 | F534: 0 | G534: 1 | H534: 0 | I534: 0 | J534: 0 | K534: 0 | L534: 0 | M534: 1 | N534: 1 | O534: 0 | P534: 0 | Q534: 0 | R534: 0 | S534: 1 | T534: 0 | U534: 1 | V534: 08/06/2026 @ 7:19 AM
A535: 09.00.00-16.11.30 | C535: In Process N | D535: 0 | E535: 0 | F535: 0 | G535: 0 | H535: 0 | I535: 0 | J535: 0 | K535: 0 | L535: 0 | M535: 0 | N535: 0 | O535: 0 | P535: 0 | Q535: 0 | R535: 0 | S535: 0 | T535: 0 | U535: 0 | V535: 08/06/2026 @ 7:19 AM
A536: 09.00.00-16.11.30 | C536: Assigned Not Recd N | D536: 0 | E536: 0 | F536: 0 | G536: 0 | H536: 0 | I536: 0 | J536: 0 | K536: 0 | L536: 0 | M536: 0 | N536: 0 | O536: 0 | P536: 0 | Q536: 0 | R536: 0 | S536: 0 | T536: 0 | U536: 0 | V536: 08/06/2026 @ 7:19 AM
A537: 09.00.00-16.11.30 | C537: Reserved Not Recd N | D537: 0 | E537: 0 | F537: 0 | G537: 0 | H537: 0 | I537: 0 | J537: 0 | K537: 0 | L537: 0 | M537: 0 | N537: 0 | O537: 0 | P537: 0 | Q537: 0 | R537: 0 | S537: 0 | T537: 0 | U537: 0 | V537: 08/06/2026 @ 7:19 AM
A538: 09.00.00-16.11.30 | C538: Total Assignments | D538: 0 | E538: 5 | F538: 10 | G538: 16 | H538: 0 | I538: 4 | J538: 0 | K538: 7 | L538: 2 | M538: 18 | N538: 10 | O538: 6 | P538: 9 | Q538: 6 | R538: 5 | S538: 26 | T538: 0 | U538: 31 | V538: 08/06/2026 @ 7:19 AM
A539: 09.00.00-16.11.30 | C539: Selected N | D539: 0 | E539: 0 | F539: 0 | G539: 0 | H539: 0 | I539: 0 | J539: 0 | K539: 0 | L539: 0 | M539: 0 | N539: 0 | O539: 0 | P539: 0 | Q539: 0 | R539: 0 | S539: 0 | T539: 0 | U539: 0 | V539: 08/06/2026 @ 7:19 AM
A540: Total | C540: Target N | D540: 0 | E540: 0 | F540: 0 | G540: 0 | H540: 0 | I540: 0 | J540: 0 | K540: 0 | L540: 0 | M540: 0 | N540: 0 | O540: 0 | P540: 0 | Q540: 0 | R540: 0 | S540: 0 | T540: 0 | U540: 30 | V540: 08/06/2026 @ 7:19 AM
A541: Total | C541: Stratified Usable N | D541: 0 | E541: 5 | F541: 10 | G541: 15 | H541: 0 | I541: 4 | J541: 0 | K541: 7 | L541: 2 | M541: 17 | N541: 9 | O541: 6 | P541: 9 | Q541: 6 | R541: 5 | S541: 25 | T541: 0 | U541: 30 | V541: 08/06/2026 @ 7:19 AM
A542: Total | C542: Stratified Out Usable N | D542: 0 | E542: 0 | F542: 0 | G542: 1 | H542: 0 | I542: 0 | J542: 0 | K542: 0 | L542: 0 | M542: 1 | N542: 1 | O542: 0 | P542: 0 | Q542: 0 | R542: 0 | S542: 1 | T542: 0 | U542: 1 | V542: 08/06/2026 @ 7:19 AM
A543: Total | C543: In Process N | D543: 0 | E543: 0 | F543: 0 | G543: 0 | H543: 0 | I543: 0 | J543: 0 | K543: 0 | L543: 0 | M543: 0 | N543: 0 | O543: 0 | P543: 0 | Q543: 0 | R543: 0 | S543: 0 | T543: 0 | U543: 0 | V543: 08/06/2026 @ 7:19 AM
... A547: Total | C547: Selected N | D547: 0 | E547: 0 | F547: 0 | G547: 0 | H547: 0 | I547: 0 | J547: 0 | K547: 0 | L547: 0 | M547: 0 | N547: 0 | O547: 0 | P547: 0 | Q547: 0 | R547: 0 | S547: 0 | T547: 0 | U547: 0 | V547: 08/06/2026 @ 7:19 AM
A629: =setup!C22 -> 3745
A630: =_xlfn.CONCAT(setup!D22," - ",setup!E22) -> CELF-6 RF 1 Clinical Specific Learning Disability in Reading and/or Writing (Age 8) - C_SLDRW_RF1
A631: ageband | B631: gradeband | C631: report | D631: 1 | E631: 2 | F631: 3 | G631: 4 | H631: 5 | I631: AS | J631: BL | K631: HI | L631: OT | M631: WH | N631: MW | O631: NE | P631: SO | Q631: WE | R631: F | S631: M | T631: OTHER | U631: Total | V631: LastRefreshed
A632: 08.00.00-08.11.30 | C632: Target N | D632: 0 | E632: 0 | F632: 0 | G632: 0 | H632: 0 | I632: 0 | J632: 0 | K632: 0 | L632: 0 | M632: 0 | N632: 0 | O632: 0 | P632: 0 | Q632: 0 | R632: 0 | S632: 0 | T632: 0 | U632: 10 | V632: 08/06/2026 @ 7:19 AM
...

Sheet Summary
A1: =_xlfn.CONCAT("Last Refreshed at: ",F3) -> Last Refreshed at: 08/06/2026 @ 7:19 AM | H1: Assignment Information | L1: Total usable from all tabs | P1: Tptal in-Process
A2: study_id | B2: study | C2: Target | D2: usableCount | E2: Percentage | F2: Refreshed_Date | H2: Total Assigned | I2: Percentage | L2: =SUM(C_LD!W29,C_HH!W29,C_ASDL!W29,C_SLDRW!W29,OSEP_ID!W29,OSEP_DD!W21,OSEP_ADHD!W29,OSEP_SLD!W37,OSEP_SI!W29,OSEP_GT!W37) -> 402 | M2: =SUM(#REF!,#REF!,#REF!,#REF!,#REF!,#REF!,#REF!,#REF!,#REF!,#REF!,#REF!,#REF!,#REF!,#REF!,#REF!,#REF!,#REF!,#REF!,#REF!) -> #REF! | P2: =SUM(#REF!,#REF!,#REF!) -> #REF!
A3: 3740,3739 | B3: CELF-6 RF1 & 2 Clinical Language Disorder (Ages 5-16) | C3: 100 | D3: 99 | E3: 0.99 | F3: 08/06/2026 @ 7:19 AM | H3: =setup!F16+setup!F17 -> 99 | I3: =IFERROR(H3/C3,0) -> 0.99
A4: 3741,3742 | B4: CELF-6 RF1 & 2 Clinical Hard of Hearing (Ages 5-16) | C4: 60 | D4: 60 | E4: 1 | F4: 08/06/2026 @ 7:19 AM | H4: =setup!F18+setup!F19 -> 64 | I4: =IFERROR(H4/C4,0) -> 1.0666667
A5: 3743,3744 | B5: CELF-6 RF1 & 2 Clinical Autism Spectrum Disorder (Ages 5-16) | C5: 60 | D5: 60 | E5: 1 | F5: 08/06/2026 @ 7:19 AM | H5: =setup!F20+setup!F21 -> 61 | I5: =IFERROR(H5/C5,0) -> 1.0166667
A6: 3745,3746 | B6: CELF-6 RF1 & 2 Clinical Specific Learning Disability in Reading and/or Writing (Ages 8-21) | C6: 60 | D6: 60 | E6: 1 | F6: 08/06/2026 @ 7:19 AM | H6: =setup!F22 + setup!F23 -> 61 | I6: =IFERROR(H6/C6,0) -> 1.0166667
A7: 3747 | B7: CELF-6 RF1 OSEP Developmental Delay (Ages 5-8) | C7: 15 | D7: 15 | E7: 1 | F7: 08/06/2026 @ 7:19 AM | H7: =setup!F24 -> 16 | I7: =IFERROR(H7/C7,0) -> 1.0666667
A8: 3748,3749 | B8: CELF-6 RF1 & 2 OSEP Intellectual Disability (Ages 5-21) | C8: 12 | D8: 6 | E8: 0.5 | F8: 08/06/2026 @ 7:19 AM | H8: =setup!F25+setup!F26 -> 6 | I8: =IFERROR(H8/C8,0) -> 0.5
A9: 3750,3751 | B9: CELF-6 RF1 & 2 OSEP ADHD (Ages 5-17) | C9: 148 | D9: 35 | E9: 0.23648649 | F9: 08/06/2026 @ 7:19 AM | H9: =setup!F27+setup!F28 -> 35 | I9: =IFERROR(H9/C9,0) -> 0.23648649
A10: 3752,3753 | B10: CELF-6 RF1 & 2 OSEP Specific Learning Disability (Ages 5-21) | C10: 23 | D10: 6 | E10: 0.26086957 | F10: 08/06/2026 @ 7:19 AM | H10: =setup!F29+setup!F30 -> 6 | I10: =IFERROR(H10/C10,0) -> 0.26086957
A11: 3754,3755 | B11: CELF-6 RF1 & 2 OSEP Speech Impairment (Ages 5-21) | C11: 40 | D11: 40 | E11: 1 | F11: 08/06/2026 @ 7:19 AM | H11: =setup!F31+setup!F32 -> 45 | I11: =IFERROR(H11/C11,0) -> 1.125
A12: 3756,3757 | B12: CELF-6 RF1 & 2 OSEP Gifted and Talented (Ages 5-21) | C12: 45 | D12: 21 | E12: 0.46666667 | F12: 08/06/2026 @ 7:19 AM | H12: =setup!F33+setup!F34 -> 21 | I12: =IFERROR(H12/C12,0) -> 0.46666667
A13: All | B13: Total | C13: 563 | D13: 402 | E13: 0.71403197 | F13: 08/06/2026 @ 7:19 AM | H13: =SUM(H3:H12) -> 414 | I13: =IFERROR(H13/C13,0) -> 0.73534636

Sheet C_LD
A1: Total Assigments below Target | D1: Study Information | N1: Additional Information
A2: Usable greater/equal to target | D2: =_xlfn.CONCAT("Study Name: "," CELF-6 RF 1 & 2 Clinical Language Disorder (5-16) ") -> Study Name: CELF-6 RF 1 & 2 Clinical Language Disorder (5-16) | K2: Usable = case is available to Psychometrics for this study In Process = questionable, In Process Assigned Not Recd = Tests assigned to examiners, no tests received (required tests) Reserved not Received = Tests in reserved status, not received Total Assignments = sum of Usable, Received Non Final, Assigned Partial Received, Assigned Not Received Selected = default status for making an assignment
D3: =_xlfn.CONCAT("Study Acronym: "," C_LD_RF1/C_LD_RF2") -> Study Acronym: C_LD_RF1/C_LD_RF2 | F3: Study ID: 3739 & 3740
D5: Additional Requirements
D6: Collect some of each based on two age bands (ages 5-8, ages 9-16)
B8: =_xlfn.CONCAT("Last Refreshed at: ",aurora_data!V4) -> Last Refreshed at: 08/06/2026 @ 7:19 AM | E8: Demographic Variables | W8: Totals
D9: Variance Tolerance: | E9: 4 | J9: some of each, if possible | O9: some of each, if possible | S9: some of each, if possible
B10: Status | E10: Education Level | J10: Ethnicity | O10: Region | S10: SEX
C11: ageband | D11: report | E11: 1 | F11: 2 | G11: 3 | H11: 4 | I11: 5 | J11: AS | K11: BL | L11: HI | M11: OTH | N11: WH | O11: MW | P11: NE | Q11: SO | R11: WE | S11: F | T11: M | U11: INT
B12: CLOSED | C12: =aurora_data!A4 -> 05.00.00-08.11.30 | D12: Target | E12: =IFERROR(aurora_data!D4,0) -> 0 | F12: =IFERROR(aurora_data!E4,0) -> 0 | G12: =IFERROR(aurora_data!F4,0) -> 0 | H12: =IFERROR(aurora_data!G4,0) -> 0 | I12: =IFERROR(aurora_data!H4,0) -> 0 | J12: =IFERROR(aurora_data!I4,0) -> 0 | K12: =IFERROR(aurora_data!J4,0) -> 0 | L12: =IFERROR(aurora_data!K4,0) -> 0 | ... U12: =IFERROR(aurora_data!T4,0) -> 0 | W12: =IFERROR(aurora_data!U4,0) -> 50 | X12: =IFERROR(W12/$W$12,0) -> 1
D13: Usable | E13: =IFERROR(aurora_data!D5,0) -> 3 | F13: =IFERROR(aurora_data!E5,0) -> 14 | G13: =IFERROR(aurora_data!F5,0) -> 19 | H13: =IFERROR(aurora_data!G5,0) -> 14 | I13: =IFERROR(aurora_data!H5,0) -> 0 | J13: =IFERROR(aurora_data!I5,0) -> 0 | K13: =IFERROR(aurora_data!J5,0) -> 10 | L13: =IFERROR(aurora_data!K5,0) -> 5 | ... U13: =IFERROR(aurora_data!T5,0) -> 0 | W13: =IFERROR(aurora_data!U5,0) -> 50 | X13: =IFERROR(W13/$W$12,0) -> 1
D14: Stratified Out Usable N | E14: =IFERROR(aurora_data!D6,0) -> 0 | F14: =IFERROR(aurora_data!E6,0) -> 0 | G14: =IFERROR(aurora_data!F6,0) -> 0 | H14: =IFERROR(aurora_data!G6,0) -> 0 | I14: =IFERROR(aurora_data!H6,0) -> 0 | J14: =IFERROR(aurora_data!I6,0) -> 0 | K14: =IFERROR(aurora_data!J6,0) -> 0 | L14: =IFERROR(aurora_data!K6,0) -> 0 | ... U14: =IFERROR(aurora_data!T6,0) -> 0 | W14: =IFERROR(aurora_data!U6,0) -> 0 | X14: =IFERROR(W14/$W$12,0) -> 0
D15: In Process | E15: =IFERROR(aurora_data!D7,0) -> 0 | F15: =IFERROR(aurora_data!E7,0) -> 0 | G15: =IFERROR(aurora_data!F7,0) -> 0 | H15: =IFERROR(aurora_data!G7,0) -> 0 | I15: =IFERROR(aurora_data!H7,0) -> 0 | J15: =IFERROR(aurora_data!I7,0) -> 0 | K15: =IFERROR(aurora_data!J7,0) -> 0 | L15: =IFERROR(aurora_data!K7,0) -> 0 | ... U15: =IFERROR(aurora_data!T7,0) -> 0 | W15: =IFERROR(aurora_data!U7,0) -> 0 | X15: =IFERROR(W15/$W$12,0) -> 0
D16: Assigned Not Received | E16: =IFERROR(aurora_data!D8,0) -> 0 | F16: =IFERROR(aurora_data!E8,0) -> 0 | G16: =IFERROR(aurora_data!F8,0) -> 0 | H16: =IFERROR(aurora_data!G8,0) -> 0 | I16: =IFERROR(aurora_data!H8,0) -> 0 | J16: =IFERROR(aurora_data!I8,0) -> 0 | K16: =IFERROR(aurora_data!J8,0) -> 0 | L16: =IFERROR(aurora_data!K8,0) -> 0 | ... U16: =IFERROR(aurora_data!T8,0) -> 0 | W16: =IFERROR(aurora_data!U8,0) -> 0 | X16: =IFERROR(W16/$W$12,0) -> 0
D17: Reserved Not Received | E17: =IFERROR(aurora_data!D9,0) -> 0 | F17: =IFERROR(aurora_data!E9,0) -> 0 | G17: =IFERROR(aurora_data!F9,0) -> 0 | H17: =IFERROR(aurora_data!G9,0) -> 0 | I17: =IFERROR(aurora_data!H9,0) -> 0 | J17: =IFERROR(aurora_data!I9,0) -> 0 | K17: =IFERROR(aurora_data!J9,0) -> 0 | L17: =IFERROR(aurora_data!K9,0) -> 0 | ... U17: =IFERROR(aurora_data!T9,0) -> 0 | W17: =IFERROR(aurora_data!U9,0) -> 0 | X17: =IFERROR(W17/$W$12,0) -> 0
D18: Total Assignments | E18: =IFERROR(aurora_data!D10,0) -> 3 | F18: =IFERROR(aurora_data!E10,0) -> 14 | G18: =IFERROR(aurora_data!F10,0) -> 19 | H18: =IFERROR(aurora_data!G10,0) -> 14 | I18: =IFERROR(aurora_data!H10,0) -> 0 | J18: =IFERROR(aurora_data!I10,0) -> 0 | K18: =IFERROR(aurora_data!J10,0) -> 10 | L18: =IFERROR(aurora_data!K10,0) -> 5 | ... U18: =IFERROR(aurora_data!T10,0) -> 0 | W18: =IFERROR(aurora_data!U10,0) -> 50 | X18: =IFERROR(W18/$W$12,0) -> 1
D19: Selected | E19: =IFERROR(aurora_data!D11,0) -> 0 | F19: =IFERROR(aurora_data!E11,0) -> 0 | G19: =IFERROR(aurora_data!F11,0) -> 0 | H19: =IFERROR(aurora_data!G11,0) -> 0 | I19: =IFERROR(aurora_data!H11,0) -> 0 | J19: =IFERROR(aurora_data!I11,0) -> 0 | K19: =IFERROR(aurora_data!J11,0) -> 0 | L19: =IFERROR(aurora_data!K11,0) -> 0 | ... U19: =IFERROR(aurora_data!T11,0) -> 0 | W19: =IFERROR(aurora_data!U11,0) -> 0 | X19: =IFERROR(W19/$W$12,0) -> 0
B20: CLOSED | C20: =aurora_data!A132 -> 09.00.00-16.11.30 | D20: Target | E20: =IFERROR(aurora_data!D132,0) -> 0 | F20: =IFERROR(aurora_data!E132,0) -> 0 | G20: =IFERROR(aurora_data!F132,0) -> 0 | H20: =IFERROR(aurora_data!G132,0) -> 0 | I20: =IFERROR(aurora_data!H132,0) -> 0 | J20: =IFERROR(aurora_data!I132,0) -> 0 | K20: =IFERROR(aurora_data!J132,0) -> 0 | L20: =IFERROR(aurora_data!K132,0) -> 0 | ... U20: =IFERROR(aurora_data!T132,0) -> 0 | W20: =IFERROR(aurora_data!U132,0) -> 50 | X20: =IFERROR(W20/$W$20,0) -> 1
D21: Usable | E21: =IFERROR(aurora_data!D133,0) -> 16 | F21: =IFERROR(aurora_data!E133,0) -> 18 | G21: =IFERROR(aurora_data!F133,0) -> 5 | H21: =IFERROR(aurora_data!G133,0) -> 10 | I21: =IFERROR(aurora_data!H133,0) -> 0 | J21: =IFERROR(aurora_data!I133,0) -> 1 | K21: =IFERROR(aurora_data!J133,0) -> 7 | L21: =IFERROR(aurora_data!K133,0) -> 24 | ... U21: =IFERROR(aurora_data!T133,0) -> 0 | W21: =IFERROR(aurora_data!U133,0) -> 49 | X21: =IFERROR(W21/$W$20,0) -> 0.98
D22: Stratified Out Usable N | E22: =IFERROR(aurora_data!D134,0) -> 0 | F22: =IFERROR(aurora_data!E134,0) -> 0 | G22: =IFERROR(aurora_data!F134,0) -> 0 | H22: =IFERROR(aurora_data!G134,0) -> 0 | I22: =IFERROR(aurora_data!H134,0) -> 0 | J22: =IFERROR(aurora_data!I134,0) -> 0 | K22: =IFERROR(aurora_data!J134,0) -> 0 | L22: =IFERROR(aurora_data!K134,0) -> 0 | ... U22: =IFERROR(aurora_data!T134,0) -> 0 | W22: =IFERROR(aurora_data!U134,0) -> 0 | X22: =IFERROR(W22/$W$20,0) -> 0
D23: In Process | E23: =IFERROR(aurora_data!D135,0) -> 0 | F23: =IFERROR(aurora_data!E135,0) -> 0 | G23: =IFERROR(aurora_data!F135,0) -> 0 | H23: =IFERROR(aurora_data!G135,0) -> 0 | I23: =IFERROR(aurora_data!H135,0) -> 0 | J23: =IFERROR(aurora_data!I135,0) -> 0 | K23: =IFERROR(aurora_data!J135,0) -> 0 | L23: =IFERROR(aurora_data!K135,0) -> 0 | ... U23: =IFERROR(aurora_data!T135,0) -> 0 | W23: =IFERROR(aurora_data!U135,0) -> 0 | X23: =IFERROR(W23/$W$20,0) -> 0
D24: Assigned Not Received | E24: =IFERROR(aurora_data!D136,0) -> 0 | F24: =IFERROR(aurora_data!E136,0) -> 0 | G24: =IFERROR(aurora_data!F136,0) -> 0 | H24: =IFERROR(aurora_data!G136,0) -> 0 | I24: =IFERROR(aurora_data!H136,0) -> 0 | J24: =IFERROR(aurora_data!I136,0) -> 0 | K24: =IFERROR(aurora_data!J136,0) -> 0 | L24: =IFERROR(aurora_data!K136,0) -> 0 | ... U24: =IFERROR(aurora_data!T136,0) -> 0 | W24: =IFERROR(aurora_data!U136,0) -> 0 | X24: =IFERROR(W24/$W$20,0) -> 0
D25: Reserved Not Received | E25: =IFERROR(aurora_data!D137,0) -> 0 | F25: =IFERROR(aurora_data!E137,0) -> 0 | G25: =IFERROR(aurora_data!F137,0) -> 0 | H25: =IFERROR(aurora_data!G137,0) -> 0 | I25: =IFERROR(aurora_data!H137,0) -> 0 | J25: =IFERROR(aurora_data!I137,0) -> 0 | K25: =IFERROR(aurora_data!J137,0) -> 0 | L25: =IFERROR(aurora_data!K137,0) -> 0 | ... U25: =IFERROR(aurora_data!T137,0) -> 0 | W25: =IFERROR(aurora_data!U137,0) -> 0 | X25: =IFERROR(W25/$W$20,0) -> 0
D26: Total Assignments | E26: =IFERROR(aurora_data!D138,0) -> 16 | F26: =IFERROR(aurora_data!E138,0) -> 18 | G26: =IFERROR(aurora_data!F138,0) -> 5 | H26: =IFERROR(aurora_data!G138,0) -> 10 | I26: =IFERROR(aurora_data!H138,0) -> 0 | J26: =IFERROR(aurora_data!I138,0) -> 1 | K26: =IFERROR(aurora_data!J138,0) -> 7 | L26: =IFERROR(aurora_data!K138,0) -> 24 | ... U26: =IFERROR(aurora_data!T138,0) -> 0 | W26: =IFERROR(aurora_data!U138,0) -> 49 | X26: =IFERROR(W26/$W$20,0) -> 0.98
D27: Selected | E27: =IFERROR(aurora_data!D139,0) -> 0 | F27: =IFERROR(aurora_data!E139,0) -> 0 | G27: =IFERROR(aurora_data!F139,0) -> 0 | H27: =IFERROR(aurora_data!G139,0) -> 0 | I27: =IFERROR(aurora_data!H139,0) -> 0 | J27: =IFERROR(aurora_data!I139,0) -> 0 | K27: =IFERROR(aurora_data!J139,0) -> 0 | L27: =IFERROR(aurora_data!K139,0) -> 0 | ... U27: =IFERROR(aurora_data!T139,0) -> 0 | W27: =IFERROR(aurora_data!U139,0) -> 0 | X27: =IFERROR(W27/$W$20,0) -> 0
B28: CLOSED | C28: Total | D28: Target | E28: =IFERROR(aurora_data!D12+aurora_data!D140,0) -> 0 | F28: =IFERROR(aurora_data!E12+aurora_data!E140,0) -> 0 | G28: =IFERROR(aurora_data!F12+aurora_data!F140,0) -> 0 | H28: =IFERROR(aurora_data!G12+aurora_data!G140,0) -> 0 | I28: =IFERROR(aurora_data!H12+aurora_data!H140,0) -> 0 | J28: =IFERROR(aurora_data!I12+aurora_data!I140,0) -> 0 | K28: =IFERROR(aurora_data!J12+aurora_data!J140,0) -> 0 | L28: =IFERROR(aurora_data!K12+aurora_data!K140,0) -> 0 | ... U28: =IFERROR(aurora_data!T12+aurora_data!T140,0) -> 0 | W28: =IFERROR(aurora_data!U12+aurora_data!U140,0) -> 100 | X28: =IFERROR(W28/$W$28,0) -> 1
D29: Usable | E29: =IFERROR(aurora_data!D13+aurora_data!D141,0) -> 19 | F29: =IFERROR(aurora_data!E13+aurora_data!E141,0) -> 32 | G29: =IFERROR(aurora_data!F13+aurora_data!F141,0) -> 24 | H29: =IFERROR(aurora_data!G13+aurora_data!G141,0) -> 24 | I29: =IFERROR(aurora_data!H13+aurora_data!H141,0) -> 0 | J29: =IFERROR(aurora_data!I13+aurora_data!I141,0) -> 1 | K29: =IFERROR(aurora_data!J13+aurora_data!J141,0) -> 17 | L29: =IFERROR(aurora_data!K13+aurora_data!K141,0) -> 29 | ... U29: =IFERROR(aurora_data!T13+aurora_data!T141,0) -> 0 | W29: =IFERROR(aurora_data!U13+aurora_data!U141,0) -> 99 | X29: =IFERROR(W29/$W$28,0) -> 0.99
D30: Stratified Out Usable N | E30: =IFERROR(aurora_data!D14+aurora_data!D142,0) -> 0 | F30: =IFERROR(aurora_data!E14+aurora_data!E142,0) -> 0 | G30: =IFERROR(aurora_data!F14+aurora_data!F142,0) -> 0 | H30: =IFERROR(aurora_data!G14+aurora_data!G142,0) -> 0 | I30: =IFERROR(aurora_data!H14+aurora_data!H142,0) -> 0 | J30: =IFERROR(aurora_data!I14+aurora_data!I142,0) -> 0 | K30: =IFERROR(aurora_data!J14+aurora_data!J142,0) -> 0 | L30: =IFERROR(aurora_data!K14+aurora_data!K142,0) -> 0 | ... U30: =IFERROR(aurora_data!T14+aurora_data!T142,0) -> 0 | W30: =IFERROR(aurora_data!U14+aurora_data!U142,0) -> 0 | X30: =IFERROR(W30/$W$28,0) -> 0
D31: In Process | E31: =IFERROR(aurora_data!D15+aurora_data!D143,0) -> 0 | F31: =IFERROR(aurora_data!E15+aurora_data!E143,0) -> 0 | G31: =IFERROR(aurora_data!F15+aurora_data!F143,0) -> 0 | H31: =IFERROR(aurora_data!G15+aurora_data!G143,0) -> 0 | I31: =IFERROR(aurora_data!H15+aurora_data!H143,0) -> 0 | J31: =IFERROR(aurora_data!I15+aurora_data!I143,0) -> 0 | K31: =IFERROR(aurora_data!J15+aurora_data!J143,0) -> 0 | L31: =IFERROR(aurora_data!K15+aurora_data!K143,0) -> 0 | ... U31: =IFERROR(aurora_data!T15+aurora_data!T143,0) -> 0 | W31: =IFERROR(aurora_data!U15+aurora_data!U143,0) -> 0 | X31: =IFERROR(W31/$W$28,0) -> 0
D32: Assigned Not Received | E32: =IFERROR(aurora_data!D16+aurora_data!D144,0) -> 0 | F32: =IFERROR(aurora_data!E16+aurora_data!E144,0) -> 0 | G32: =IFERROR(aurora_data!F16+aurora_data!F144,0) -> 0 | H32: =IFERROR(aurora_data!G16+aurora_data!G144,0) -> 0 | I32: =IFERROR(aurora_data!H16+aurora_data!H144,0) -> 0 | J32: =IFERROR(aurora_data!I16+aurora_data!I144,0) -> 0 | K32: =IFERROR(aurora_data!J16+aurora_data!J144,0) -> 0 | L32: =IFERROR(aurora_data!K16+aurora_data!K144,0) -> 0 | ... U32: =IFERROR(aurora_data!T16+aurora_data!T144,0) -> 0 | W32: =IFERROR(aurora_data!U16+aurora_data!U144,0) -> 0 | X32: =IFERROR(W32/$W$28,0) -> 0
D33: Reserved Not Received | E33: =IFERROR(aurora_data!D17+aurora_data!D145,0) -> 0 | F33: =IFERROR(aurora_data!E17+aurora_data!E145,0) -> 0 | G33: =IFERROR(aurora_data!F17+aurora_data!F145,0) -> 0 | H33: =IFERROR(aurora_data!G17+aurora_data!G145,0) -> 0 | I33: =IFERROR(aurora_data!H17+aurora_data!H145,0) -> 0 | J33: =IFERROR(aurora_data!I17+aurora_data!I145,0) -> 0 | K33: =IFERROR(aurora_data!J17+aurora_data!J145,0) -> 0 | L33: =IFERROR(aurora_data!K17+aurora_data!K145,0) -> 0 | ... U33: =IFERROR(aurora_data!T17+aurora_data!T145,0) -> 0 | W33: =IFERROR(aurora_data!U17+aurora_data!U145,0) -> 0 | X33: =IFERROR(W33/$W$28,0) -> 0
D34: Total Assignments | E34: =IFERROR(aurora_data!D18+aurora_data!D146,0) -> 19 | F34: =IFERROR(aurora_data!E18+aurora_data!E146,0) -> 32 | G34: =IFERROR(aurora_data!F18+aurora_data!F146,0) -> 24 | H34: =IFERROR(aurora_data!G18+aurora_data!G146,0) -> 24 | I34: =IFERROR(aurora_data!H18+aurora_data!H146,0) -> 0 | J34: =IFERROR(aurora_data!I18+aurora_data!I146,0) -> 1 | K34: =IFERROR(aurora_data!J18+aurora_data!J146,0) -> 17 | L34: =IFERROR(aurora_data!K18+aurora_data!K146,0) -> 29 | ... U34: =IFERROR(aurora_data!T18+aurora_data!T146,0) -> 0 | W34: =IFERROR(aurora_data!U18+aurora_data!U146,0) -> 99 | X34: =IFERROR(W34/$W$28,0) -> 0.99
D35: Selected | E35: =IFERROR(aurora_data!D19+aurora_data!D147,0) -> 0 | F35: =IFERROR(aurora_data!E19+aurora_data!E147,0) -> 0 | G35: =IFERROR(aurora_data!F19+aurora_data!F147,0) -> 0 | H35: =IFERROR(aurora_data!G19+aurora_data!G147,0) -> 0 | I35: =IFERROR(aurora_data!H19+aurora_data!H147,0) -> 0 | J35: =IFERROR(aurora_data!I19+aurora_data!I147,0) -> 0 | K35: =IFERROR(aurora_data!J19+aurora_data!J147,0) -> 0 | L35: =IFERROR(aurora_data!K19+aurora_data!K147,0) -> 0 | ... U35: =IFERROR(aurora_data!T19+aurora_data!T147,0) -> 0 | W35: =IFERROR(aurora_data!U19+aurora_data!U147,0) -> 0 | X35: =IFERROR(W35/$W$28,0) -> 0

Sheet C_HH
A1: Total Assigments below Target | D1: Study Information | N1: Additional Information
A2: Usable greater/equal to target | D2: =_xlfn.CONCAT("Study Name: "," CELF-6 RF 1 & 2 Clinical Hard of Hearing (5-16) ") -> Study Name: CELF-6 RF 1 & 2 Clinical Hard of Hearing (5-16) | K2: Usable = case is available to Psychometrics for this study In Process = questionable, In Process Assigned Not Recd = Tests assigned to examiners, no tests received (required tests) Reserved not Received = Tests in reserved status, not received Total Assignments = sum of Usable, Received Non Final, Assigned Partial Received, Assigned Not Received Selected = default status for making an assignment
D3: =_xlfn.CONCAT("Study Acronym: "," C_HH_RF1/C_HH_RF2") -> Study Acronym: C_HH_RF1/C_HH_RF2 | F3: Study ID: 3741 & 3742
D5: Additional Requirements
D6: Collect some of each based on two age bands (ages 5-8, ages 9-16)
B8: =_xlfn.CONCAT("Last Refreshed at: ",aurora_data!V232) -> Last Refreshed at: 08/06/2026 @ 7:19 AM | E8: Demographic Variables | W8: Totals
D9: Variance Tolerance: | E9: some of each, if possible | J9: some of each, if possible | O9: some of each, if possible | S9: some of each, if possible
B10: Status | E10: Education Level | J10: Ethnicity | O10: Region | S10: SEX
C11: ageband | D11: report | E11: 1 | F11: 3 | G11: 3 | H11: 4 | I11: 5 | J11: AS | K11: BL | L11: HI | M11: OTH | N11: WH | O11: MW | P11: NE | Q11: SO | R11: WE | S11: F | T11: M | U11: INT
B12: CLOSED | C12: =aurora_data!A232 -> 05.00.00-08.11.30 | D12: Target | E12: =IFERROR(aurora_data!D232,0) -> 0 | F12: =IFERROR(aurora_data!E232,0) -> 0 | G12: =IFERROR(aurora_data!F232,0) -> 0 | H12: =IFERROR(aurora_data!G232,0) -> 0 | I12: =IFERROR(aurora_data!H232,0) -> 0 | J12: =IFERROR(aurora_data!I232,0) -> 0 | K12: =IFERROR(aurora_data!J232,0) -> 0 | L12: =IFERROR(aurora_data!K232,0) -> 0 | ... U12: =IFERROR(aurora_data!T232,0) -> 0 | W12: =IFERROR(aurora_data!U232,0) -> 30 | X12: =IFERROR(W12/$W$12,0) -> 1
D13: Usable | E13: =IFERROR(aurora_data!D233,0) -> 3 | F13: =IFERROR(aurora_data!E233,0) -> 4 | G13: =IFERROR(aurora_data!F233,0) -> 4 | H13: =IFERROR(aurora_data!G233,0) -> 18 | I13: =IFERROR(aurora_data!H233,0) -> 0 | J13: =IFERROR(aurora_data!I233,0) -> 0 | K13: =IFERROR(aurora_data!J233,0) -> 0 | L13: =IFERROR(aurora_data!K233,0) -> 3 | ... U13: =IFERROR(aurora_data!T233,0) -> 0 | W13: =IFERROR(aurora_data!U233,0) -> 29 | X13: =IFERROR(W13/$W$12,0) -> 0.96666667
D14: Stratified Out Usable N | E14: =IFERROR(aurora_data!D234,0) -> 0 | F14: =IFERROR(aurora_data!E234,0) -> 0 | G14: =IFERROR(aurora_data!F234,0) -> 0 | H14: =IFERROR(aurora_data!G234,0) -> 0 | I14: =IFERROR(aurora_data!H234,0) -> 0 | J14: =IFERROR(aurora_data!I234,0) -> 0 | K14: =IFERROR(aurora_data!J234,0) -> 0 | L14: =IFERROR(aurora_data!K234,0) -> 0 | ... U14: =IFERROR(aurora_data!T234,0) -> 0 | W14: =IFERROR(aurora_data!U234,0) -> 0 | X14: =IFERROR(W14/$W$12,0) -> 0
D15: In Process | E15: =IFERROR(aurora_data!D235,0) -> 0 | F15: =IFERROR(aurora_data!E235,0) -> 0 | G15: =IFERROR(aurora_data!F235,0) -> 0 | H15: =IFERROR(aurora_data!G235,0) -> 0 | I15: =IFERROR(aurora_data!H235,0) -> 0 | J15: =IFERROR(aurora_data!I235,0) -> 0 | K15: =IFERROR(aurora_data!J235,0) -> 0 | L15: =IFERROR(aurora_data!K235,0) -> 0 | ... U15: =IFERROR(aurora_data!T235,0) -> 0 | W15: =IFERROR(aurora_data!U235,0) -> 0 | X15: =IFERROR(W15/$W$12,0) -> 0
D16: Assigned Not Received | E16: =IFERROR(aurora_data!D236,0) -> 0 | F16: =IFERROR(aurora_data!E236,0) -> 0 | G16: =IFERROR(aurora_data!F236,0) -> 0 | H16: =IFERROR(aurora_data!G236,0) -> 0 | I16: =IFERROR(aurora_data!H236,0) -> 0 | J16: =IFERROR(aurora_data!I236,0) -> 0 | K16: =IFERROR(aurora_data!J236,0) -> 0 | L16: =IFERROR(aurora_data!K236,0) -> 0 | ... U16: =IFERROR(aurora_data!T236,0) -> 0 | W16: =IFERROR(aurora_data!U236,0) -> 0 | X16: =IFERROR(W16/$W$12,0) -> 0
D17: Reserved Not Received | E17: =IFERROR(aurora_data!D237,0) -> 0 | F17: =IFERROR(aurora_data!E237,0) -> 0 | G17: =IFERROR(aurora_data!F237,0) -> 0 | H17: =IFERROR(aurora_data!G237,0) -> 0 | I17: =IFERROR(aurora_data!H237,0) -> 0 | J17: =IFERROR(aurora_data!I237,0) -> 0 | K17: =IFERROR(aurora_data!J237,0) -> 0 | L17: =IFERROR(aurora_data!K237,0) -> 0 | ... U17: =IFERROR(aurora_data!T237,0) -> 0 | W17: =IFERROR(aurora_data!U237,0) -> 0 | X17: =IFERROR(W17/$W$12,0) -> 0
D18: Total Assignments | E18: =IFERROR(aurora_data!D238,0) -> 3 | F18: =IFERROR(aurora_data!E238,0) -> 4 | G18: =IFERROR(aurora_data!F238,0) -> 4 | H18: =IFERROR(aurora_data!G238,0) -> 18 | I18: =IFERROR(aurora_data!H238,0) -> 0 | J18: =IFERROR(aurora_data!I238,0) -> 0 | K18: =IFERROR(aurora_data!J238,0) -> 0 | L18: =IFERROR(aurora_data!K238,0) -> 3 | ... U18: =IFERROR(aurora_data!T238,0) -> 0 | W18: =IFERROR(aurora_data!U238,0) -> 29 | X18: =IFERROR(W18/$W$12,0) -> 0.96666667
D19: Selected | E19: =IFERROR(aurora_data!D239,0) -> 0 | F19: =IFERROR(aurora_data!E239,0) -> 0 | G19: =IFERROR(aurora_data!F239,0) -> 0 | H19: =IFERROR(aurora_data!G239,0) -> 0 | I19: =IFERROR(aurora_data!H239,0) -> 0 | J19: =IFERROR(aurora_data!I239,0) -> 0 | K19: =IFERROR(aurora_data!J239,0) -> 0 | L19: =IFERROR(aurora_data!K239,0) -> 0 | ... U19: =IFERROR(aurora_data!T239,0) -> 0 | W19: =IFERROR(aurora_data!U239,0) -> 0 | X19: =IFERROR(W19/$W$12,0) -> 0
B20: CLOSED | C20: =aurora_data!A332 -> 09.00.00-16.11.30 | D20: Target | E20: =IFERROR(aurora_data!D332,0) -> 0 | F20: =IFERROR(aurora_data!E332,0) -> 0 | G20: =IFERROR(aurora_data!F332,0) -> 0 | H20: =IFERROR(aurora_data!G332,0) -> 0 | I20: =IFERROR(aurora_data!H332,0) -> 0 | J20: =IFERROR(aurora_data!I332,0) -> 0 | K20: =IFERROR(aurora_data!J332,0) -> 0 | L20: =IFERROR(aurora_data!K332,0) -> 0 | ... U20: =IFERROR(aurora_data!T332,0) -> 0 | W20: =IFERROR(aurora_data!U332,0) -> 30 | X20: =IFERROR(W20/$W$20,0) -> 1
D21: Usable | E21: =IFERROR(aurora_data!D333,0) -> 1 | F21: =IFERROR(aurora_data!E333,0) -> 1 | G21: =IFERROR(aurora_data!F333,0) -> 5 | H21: =IFERROR(aurora_data!G333,0) -> 24 | I21: =IFERROR(aurora_data!H333,0) -> 0 | J21: =IFERROR(aurora_data!I333,0) -> 0 | K21: =IFERROR(aurora_data!J333,0) -> 0 | L21: =IFERROR(aurora_data!K333,0) -> 2 | ... U21: =IFERROR(aurora_data!T333,0) -> 0 | W21: =IFERROR(aurora_data!U333,0) -> 31 | X21: =IFERROR(W21/$W$20,0) -> 1.0333333
D22: Stratified Out Usable N | E22: =IFERROR(aurora_data!D334,0) -> 0 | F22: =IFERROR(aurora_data!E334,0) -> 0 | G22: =IFERROR(aurora_data!F334,0) -> 0 | H22: =IFERROR(aurora_data!G334,0) -> 4 | I22: =IFERROR(aurora_data!H334,0) -> 0 | J22: =IFERROR(aurora_data!I334,0) -> 0 | K22: =IFERROR(aurora_data!J334,0) -> 0 | L22: =IFERROR(aurora_data!K334,0) -> 0 | ... U22: =IFERROR(aurora_data!T334,0) -> 0 | W22: =IFERROR(aurora_data!U334,0) -> 4 | X22: =IFERROR(W22/$W$20,0) -> 0.13333333
D23: In Process | E23: =IFERROR(aurora_data!D335,0) -> 0 | F23: =IFERROR(aurora_data!E335,0) -> 0 | G23: =IFERROR(aurora_data!F335,0) -> 0 | H23: =IFERROR(aurora_data!G335,0) -> 0 | I23: =IFERROR(aurora_data!H335,0) -> 0 | J23: =IFERROR(aurora_data!I335,0) -> 0 | K23: =IFERROR(aurora_data!J335,0) -> 0 | L23: =IFERROR(aurora_data!K335,0) -> 0 | ... U23: =IFERROR(aurora_data!T335,0) -> 0 | W23: =IFERROR(aurora_data!U335,0) -> 0 | X23: =IFERROR(W23/$W$20,0) -> 0
D24: Assigned Not Received | E24: =IFERROR(aurora_data!D336,0) -> 0 | F24: =IFERROR(aurora_data!E336,0) -> 0 | G24: =IFERROR(aurora_data!F336,0) -> 0 | H24: =IFERROR(aurora_data!G336,0) -> 0 | I24: =IFERROR(aurora_data!H336,0) -> 0 | J24: =IFERROR(aurora_data!I336,0) -> 0 | K24: =IFERROR(aurora_data!J336,0) -> 0 | L24: =IFERROR(aurora_data!K336,0) -> 0 | ... U24: =IFERROR(aurora_data!T336,0) -> 0 | W24: =IFERROR(aurora_data!U336,0) -> 0 | X24: =IFERROR(W24/$W$20,0) -> 0
D25: Reserved Not Received | E25: =IFERROR(aurora_data!D337,0) -> 0 | F25: =IFERROR(aurora_data!E337,0) -> 0 | G25: =IFERROR(aurora_data!F337,0) -> 0 | H25: =IFERROR(aurora_data!G337,0) -> 0 | I25: =IFERROR(aurora_data!H337,0) -> 0 | J25: =IFERROR(aurora_data!I337,0) -> 0 | K25: =IFERROR(aurora_data!J337,0) -> 0 | L25: =IFERROR(aurora_data!K337,0) -> 0 | ... U25: =IFERROR(aurora_data!T337,0) -> 0 | W25: =IFERROR(aurora_data!U337,0) -> 0 | X25: =IFERROR(W25/$W$20,0) -> 0
D26: Total Assignments | E26: =IFERROR(aurora_data!D338,0) -> 1 | F26: =IFERROR(aurora_data!E338,0) -> 1 | G26: =IFERROR(aurora_data!F338,0) -> 5 | H26: =IFERROR(aurora_data!G338,0) -> 28 | I26: =IFERROR(aurora_data!H338,0) -> 0 | J26: =IFERROR(aurora_data!I338,0) -> 0 | K26: =IFERROR(aurora_data!J338,0) -> 0 | L26: =IFERROR(aurora_data!K338,0) -> 2 | ... U26: =IFERROR(aurora_data!T338,0) -> 0 | W26: =IFERROR(aurora_data!U338,0) -> 35 | X26: =IFERROR(W26/$W$20,0) -> 1.1666667
D27: Selected | E27: =IFERROR(aurora_data!D339,0) -> 0 | F27: =IFERROR(aurora_data!E339,0) -> 0 | G27: =IFERROR(aurora_data!F339,0) -> 0 | H27: =IFERROR(aurora_data!G339,0) -> 0 | I27: =IFERROR(aurora_data!H339,0) -> 0 | J27: =IFERROR(aurora_data!I339,0) -> 0 | K27: =IFERROR(aurora_data!J339,0) -> 0 | L27: =IFERROR(aurora_data!K339,0) -> 0 | ... U27: =IFERROR(aurora_data!T339,0) -> 0 | W27: =IFERROR(aurora_data!U339,0) -> 0 | X27: =IFERROR(W27/$W$20,0) -> 0
B28: CLOSED | C28: Total | D28: Target | E28: =IFERROR(aurora_data!D240+aurora_data!D340,0) -> 0 | F28: =IFERROR(aurora_data!E240+aurora_data!E340,0) -> 0 | G28: =IFERROR(aurora_data!F240+aurora_data!F340,0) -> 0 | H28: =IFERROR(aurora_data!G240+aurora_data!G340,0) -> 0 | I28: =IFERROR(aurora_data!H240+aurora_data!H340,0) -> 0 | J28: =IFERROR(aurora_data!I240+aurora_data!I340,0) -> 0 | K28: =IFERROR(aurora_data!J240+aurora_data!J340,0) -> 0 | L28: =IFERROR(aurora_data!K240+aurora_data!K340,0) -> 0 | ... U28: =IFERROR(aurora_data!T240+aurora_data!T340,0) -> 0 | W28: =IFERROR(aurora_data!U240+aurora_data!U340,0) -> 60 | X28: =IFERROR(W28/$W$28,0) -> 1
D29: Usable | E29: =IFERROR(aurora_data!D241+aurora_data!D341,0) -> 4 | F29: =IFERROR(aurora_data!E241+aurora_data!E341,0) -> 5 | G29: =IFERROR(aurora_data!F241+aurora_data!F341,0) -> 9 | H29: =IFERROR(aurora_data!G241+aurora_data!G341,0) -> 42 | I29: =IFERROR(aurora_data!H241+aurora_data!H341,0) -> 0 | J29: =IFERROR(aurora_data!I241+aurora_data!I341,0) -> 0 | K29: =IFERROR(aurora_data!J241+aurora_data!J341,0) -> 0 | L29: =IFERROR(aurora_data!K241+aurora_data!K341,0) -> 5 | ... U29: =IFERROR(aurora_data!T241+aurora_data!T341,0) -> 0 | W29: =IFERROR(aurora_data!U241+aurora_data!U341,0) -> 60 | X29: =IFERROR(W29/$W$28,0) -> 1
D30: Stratified Out Usable N | E30: =IFERROR(aurora_data!D242+aurora_data!D342,0) -> 0 | F30: =IFERROR(aurora_data!E242+aurora_data!E342,0) -> 0 | G30: =IFERROR(aurora_data!F242+aurora_data!F342,0) -> 0 | H30: =IFERROR(aurora_data!G242+aurora_data!G342,0) -> 4 | I30: =IFERROR(aurora_data!H242+aurora_data!H342,0) -> 0 | J30: =IFERROR(aurora_data!I242+aurora_data!I342,0) -> 0 | K30: =IFERROR(aurora_data!J242+aurora_data!J342,0) -> 0 | L30: =IFERROR(aurora_data!K242+aurora_data!K342,0) -> 0 | ... U30: =IFERROR(aurora_data!T242+aurora_data!T342,0) -> 0 | W30: =IFERROR(aurora_data!U242+aurora_data!U342,0) -> 4 | X30: =IFERROR(W30/$W$28,0) -> 0.066666667
D31: In Process | E31: =IFERROR(aurora_data!D243+aurora_data!D343,0) -> 0 | F31: =IFERROR(aurora_data!E243+aurora_data!E343,0) -> 0 | G31: =IFERROR(aurora_data!F243+aurora_data!F343,0) -> 0 | H31: =IFERROR(aurora_data!G243+aurora_data!G343,0) -> 0 | I31: =IFERROR(aurora_data!H243+aurora_data!H343,0) -> 0 | J31: =IFERROR(aurora_data!I243+aurora_data!I343,0) -> 0 | K31: =IFERROR(aurora_data!J243+aurora_data!J343,0) -> 0 | L31: =IFERROR(aurora_data!K243+aurora_data!K343,0) -> 0 | ... U31: =IFERROR(aurora_data!T243+aurora_data!T343,0) -> 0 | W31: =IFERROR(aurora_data!U243+aurora_data!U343,0) -> 0 | X31: =IFERROR(W31/$W$28,0) -> 0
D32: Assigned Not Received | E32: =IFERROR(aurora_data!D244+aurora_data!D344,0) -> 0 | F32: =IFERROR(aurora_data!E244+aurora_data!E344,0) -> 0 | G32: =IFERROR(aurora_data!F244+aurora_data!F344,0) -> 0 | H32: =IFERROR(aurora_data!G244+aurora_data!G344,0) -> 0 | I32: =IFERROR(aurora_data!H244+aurora_data!H344,0) -> 0 | J32: =IFERROR(aurora_data!I244+aurora_data!I344,0) -> 0 | K32: =IFERROR(aurora_data!J244+aurora_data!J344,0) -> 0 | L32: =IFERROR(aurora_data!K244+aurora_data!K344,0) -> 0 | ... U32: =IFERROR(aurora_data!T244+aurora_data!T344,0) -> 0 | W32: =IFERROR(aurora_data!U244+aurora_data!U344,0) -> 0 | X32: =IFERROR(W32/$W$28,0) -> 0
D33: Reserved Not Received | E33: =IFERROR(aurora_data!D245+aurora_data!D345,0) -> 0 | F33: =IFERROR(aurora_data!E245+aurora_data!E345,0) -> 0 | G33: =IFERROR(aurora_data!F245+aurora_data!F345,0) -> 0 | H33: =IFERROR(aurora_data!G245+aurora_data!G345,0) -> 0 | I33: =IFERROR(aurora_data!H245+aurora_data!H345,0) -> 0 | J33: =IFERROR(aurora_data!I245+aurora_data!I345,0) -> 0 | K33: =IFERROR(aurora_data!J245+aurora_data!J345,0) -> 0 | L33: =IFERROR(aurora_data!K245+aurora_data!K345,0) -> 0 | ... U33: =IFERROR(aurora_data!T245+aurora_data!T345,0) -> 0 | W33: =IFERROR(aurora_data!U245+aurora_data!U345,0) -> 0 | X33: =IFERROR(W33/$W$28,0) -> 0
D34: Total Assignments | E34: =IFERROR(aurora_data!D246+aurora_data!D346,0) -> 4 | F34: =IFERROR(aurora_data!E246+aurora_data!E346,0) -> 5 | G34: =IFERROR(aurora_data!F246+aurora_data!F346,0) -> 9 | H34: =IFERROR(aurora_data!G246+aurora_data!G346,0) -> 46 | I34: =IFERROR(aurora_data!H246+aurora_data!H346,0) -> 0 | J34: =IFERROR(aurora_data!I246+aurora_data!I346,0) -> 0 | K34: =IFERROR(aurora_data!J246+aurora_data!J346,0) -> 0 | L34: =IFERROR(aurora_data!K246+aurora_data!K346,0) -> 5 | ... U34: =IFERROR(aurora_data!T246+aurora_data!T346,0) -> 0 | W34: =IFERROR(aurora_data!U246+aurora_data!U346,0) -> 64 | X34: =IFERROR(W34/$W$28,0) -> 1.0666667
D35: Selected | E35: =IFERROR(aurora_data!D247+aurora_data!D347,0) -> 0 | F35: =IFERROR(aurora_data!E247+aurora_data!E347,0) -> 0 | G35: =IFERROR(aurora_data!F247+aurora_data!F347,0) -> 0 | H35: =IFERROR(aurora_data!G247+aurora_data!G347,0) -> 0 | I35: =IFERROR(aurora_data!H247+aurora_data!H347,0) -> 0 | J35: =IFERROR(aurora_data!I247+aurora_data!I347,0) -> 0 | K35: =IFERROR(aurora_data!J247+aurora_data!J347,0) -> 0 | L35: =IFERROR(aurora_data!K247+aurora_data!K347,0) -> 0 | ... U35: =IFERROR(aurora_data!T247+aurora_data!T347,0) -> 0 | W35: =IFERROR(aurora_data!U247+aurora_data!U347,0) -> 0 | X35: =IFERROR(W35/$W$28,0) -> 0

Sheet C_ASDL
A1: 30 | D1: Study Information | N1: Additional Information
A2: Usable greater/equal to target | D2: =_xlfn.CONCAT("Study Name: "," CELF-6 RF 1 & 2 Clinical Autism Spectrum Disorder (5-16) ") -> Study Name: CELF-6 RF 1 & 2 Clinical Autism Spectrum Disorder (5-16) | K2: Usable = case is available to Psychometrics for this study In Process = questionable, In Process Assigned Not Recd = Tests assigned to examiners, no tests received (required tests) Reserved not Received = Tests in reserved status, not received Total Assignments = sum of Usable, Received Non Final, Assigned Partial Received, Assigned Not Received Selected = default status for making an assignment
D3: =_xlfn.CONCAT("Study Acronym: "," C_ASDL_RF1/C_ASDL_RF2") -> Study Acronym: C_ASDL_RF1/C_ASDL_RF2 | F3: Study ID: 3743 & 3744
D5: Additional Requirements
D6: Collect some of each based on two age bands (ages 5-8, ages 9-16)
B8: =_xlfn.CONCAT("Last Refreshed at: ",aurora_data!V432) -> Last Refreshed at: 08/06/2026 @ 7:19 AM | E8: Demographic Variables | W8: Totals
D9: Variance Tolerance: | E9: some of each, if possible | J9: some of each, if possible | O9: some of each, if possible | S9: some of each, if possible
B10: Status | E10: Education Level | J10: Ethnicity | O10: Region | S10: SEX
C11: ageband | D11: report | E11: 1 | F11: 2 | G11: 3 | H11: 4 | I11: 5 | J11: AS | K11: BL | L11: HI | M11: OTH | N11: WH | O11: MW | P11: NE | Q11: SO | R11: WE | S11: F | T11: M | U11: INT
B12: CLOSED | C12: =aurora_data!A432 -> 05.00.00-08.11.30 | D12: Target | E12: =IFERROR(aurora_data!D432,0) -> 0 | F12: =IFERROR(aurora_data!E432,0) -> 0 | G12: =IFERROR(aurora_data!F432,0) -> 0 | H12: =IFERROR(aurora_data!G432,0) -> 0 | I12: =IFERROR(aurora_data!H432,0) -> 0 | J12: =IFERROR(aurora_data!I432,0) -> 0 | K12: =IFERROR(aurora_data!J432,0) -> 0 | L12: =IFERROR(aurora_data!K432,0) -> 0 | ... U12: =IFERROR(aurora_data!T432,0) -> 0 | W12: =IFERROR(aurora_data!U432,0) -> 30 | X12: =IFERROR(W12/$W$12,0) -> 1
D13: Usable | E13: =IFERROR(aurora_data!D433,0) -> 0 | F13: =IFERROR(aurora_data!E433,0) -> 6 | G13: =IFERROR(aurora_data!F433,0) -> 8 | H13: =IFERROR(aurora_data!G433,0) -> 16 | I13: =IFERROR(aurora_data!H433,0) -> 0 | J13: =IFERROR(aurora_data!I433,0) -> 2 | K13: =IFERROR(aurora_data!J433,0) -> 2 | L13: =IFERROR(aurora_data!K433,0) -> 6 | ... U13: =IFERROR(aurora_data!T433,0) -> 0 | W13: =IFERROR(aurora_data!U433,0) -> 30 | X13: =IFERROR(W13/$W$12,0) -> 1
D14: Stratified Out Usable N | E14: =IFERROR(aurora_data!D434,0) -> 0 | F14: =IFERROR(aurora_data!E434,0) -> 0 | G14: =IFERROR(aurora_data!F434,0) -> 0 | H14: =IFERROR(aurora_data!G434,0) -> 0 | I14: =IFERROR(aurora_data!H434,0) -> 0 | J14: =IFERROR(aurora_data!I434,0) -> 0 | K14: =IFERROR(aurora_data!J434,0) -> 0 | L14: =IFERROR(aurora_data!K434,0) -> 0 | ... U14: =IFERROR(aurora_data!T434,0) -> 0 | W14: =IFERROR(aurora_data!U434,0) -> 0 | X14: =IFERROR(W14/$W$12,0) -> 0
D15: In Process | E15: =IFERROR(aurora_data!D435,0) -> 0 | F15: =IFERROR(aurora_data!E435,0) -> 0 | G15: =IFERROR(aurora_data!F435,0) -> 0 | H15: =IFERROR(aurora_data!G435,0) -> 0 | I15: =IFERROR(aurora_data!H435,0) -> 0 | J15: =IFERROR(aurora_data!I435,0) -> 0 | K15: =IFERROR(aurora_data!J435,0) -> 0 | L15: =IFERROR(aurora_data!K435,0) -> 0 | ... U15: =IFERROR(aurora_data!T435,0) -> 0 | W15: =IFERROR(aurora_data!U435,0) -> 0 | X15: =IFERROR(W15/$W$12,0) -> 0
D16: Assigned Not Received | E16: =IFERROR(aurora_data!D436,0) -> 0 | F16: =IFERROR(aurora_data!E436,0) -> 0 | G16: =IFERROR(aurora_data!F436,0) -> 0 | H16: =IFERROR(aurora_data!G436,0) -> 0 | I16: =IFERROR(aurora_data!H436,0) -> 0 | J16: =IFERROR(aurora_data!I436,0) -> 0 | K16: =IFERROR(aurora_data!J436,0) -> 0 | L16: =IFERROR(aurora_data!K436,0) -> 0 | ... U16: =IFERROR(aurora_data!T436,0) -> 0 | W16: =IFERROR(aurora_data!U436,0) -> 0 | X16: =IFERROR(W16/$W$12,0) -> 0
D17: Reserved Not Received | E17: =IFERROR(aurora_data!D437,0) -> 0 | F17: =IFERROR(aurora_data!E437,0) -> 0 | G17: =IFERROR(aurora_data!F437,0) -> 0 | H17: =IFERROR(aurora_data!G437,0) -> 0 | I17: =IFERROR(aurora_data!H437,0) -> 0 | J17: =IFERROR(aurora_data!I437,0) -> 0 | K17: =IFERROR(aurora_data!J437,0) -> 0 | L17: =IFERROR(aurora_data!K437,0) -> 0 | ... U17: =IFERROR(aurora_data!T437,0) -> 0 | W17: =IFERROR(aurora_data!U437,0) -> 0 | X17: =IFERROR(W17/$W$12,0) -> 0
D18: Total Assignments | E18: =IFERROR(aurora_data!D438,0) -> 0 | F18: =IFERROR(aurora_data!E438,0) -> 6 | G18: =IFERROR(aurora_data!F438,0) -> 8 | H18: =IFERROR(aurora_data!G438,0) -> 16 | I18: =IFERROR(aurora_data!H438,0) -> 0 | J18: =IFERROR(aurora_data!I438,0) -> 2 | K18: =IFERROR(aurora_data!J438,0) -> 2 | L18: =IFERROR(aurora_data!K438,0) -> 6 | ... U18: =IFERROR(aurora_data!T438,0) -> 0 | W18: =IFERROR(aurora_data!U438,0) -> 30 | X18: =IFERROR(W18/$W$12,0) -> 1
D19: Selected | E19: =IFERROR(aurora_data!D439,0) -> 0 | F19: =IFERROR(aurora_data!E439,0) -> 0 | G19: =IFERROR(aurora_data!F439,0) -> 0 | H19: =IFERROR(aurora_data!G439,0) -> 0 | I19: =IFERROR(aurora_data!H439,0) -> 0 | J19: =IFERROR(aurora_data!I439,0) -> 0 | K19: =IFERROR(aurora_data!J439,0) -> 0 | L19: =IFERROR(aurora_data!K439,0) -> 0 | ... U19: =IFERROR(aurora_data!T439,0) -> 0 | W19: =IFERROR(aurora_data!U439,0) -> 0 | X19: =IFERROR(W19/$W$12,0) -> 0
B20: CLOSED | C20: =aurora_data!A532 -> 09.00.00-16.11.30 | D20: Target | E20: =IFERROR(aurora_data!D532,0) -> 0 | F20: =IFERROR(aurora_data!E532,0) -> 0 | G20: =IFERROR(aurora_data!F532,0) -> 0 | H20: =IFERROR(aurora_data!G532,0) -> 0 | I20: =IFERROR(aurora_data!H532,0) -> 0 | J20: =IFERROR(aurora_data!I532,0) -> 0 | K20: =IFERROR(aurora_data!J532,0) -> 0 | L20: =IFERROR(aurora_data!K532,0) -> 0 | ... U20: =IFERROR(aurora_data!T532,0) -> 0 | W20: =IFERROR(aurora_data!U532,0) -> 30 | X20: =IFERROR(W20/$W$20,0) -> 1
D21: Usable | E21: =IFERROR(aurora_data!D533,0) -> 0 | F21: =IFERROR(aurora_data!E533,0) -> 5 | G21: =IFERROR(aurora_data!F533,0) -> 10 | H21: =IFERROR(aurora_data!G533,0) -> 15 | I21: =IFERROR(aurora_data!H533,0) -> 0 | J21: =IFERROR(aurora_data!I533,0) -> 4 | K21: =IFERROR(aurora_data!J533,0) -> 0 | L21: =IFERROR(aurora_data!K533,0) -> 7 | ... U21: =IFERROR(aurora_data!T533,0) -> 0 | W21: =IFERROR(aurora_data!U533,0) -> 30 | X21: =IFERROR(W21/$W$20,0) -> 1
D22: Stratified Out Usable N | E22: =IFERROR(aurora_data!D534,0) -> 0 | F22: =IFERROR(aurora_data!E534,0) -> 0 | G22: =IFERROR(aurora_data!F534,0) -> 0 | H22: =IFERROR(aurora_data!G534,0) -> 1 | I22: =IFERROR(aurora_data!H534,0) -> 0 | J22: =IFERROR(aurora_data!I534,0) -> 0 | K22: =IFERROR(aurora_data!J534,0) -> 0 | L22: =IFERROR(aurora_data!K534,0) -> 0 | ... U22: =IFERROR(aurora_data!T534,0) -> 0 | W22: =IFERROR(aurora_data!U534,0) -> 1 | X22: =IFERROR(W22/$W$20,0) -> 0.033333333
D23: In Process | E23: =IFERROR(aurora_data!D535,0) -> 0 | F23: =IFERROR(aurora_data!E535,0) -> 0 | G23: =IFERROR(aurora_data!F535,0) -> 0 | H23: =IFERROR(aurora_data!G535,0) -> 0 | I23: =IFERROR(aurora_data!H535,0) -> 0 | J23: =IFERROR(aurora_data!I535,0) -> 0 | K23: =IFERROR(aurora_data!J535,0) -> 0 | L23: =IFERROR(aurora_data!K535,0) -> 0 | ... U23: =IFERROR(aurora_data!T535,0) -> 0 | W23: =IFERROR(aurora_data!U535,0) -> 0 | X23: =IFERROR(W23/$W$20,0) -> 0
D24: Assigned Not Received | E24: =IFERROR(aurora_data!D536,0) -> 0 | F24: =IFERROR(aurora_data!E536,0) -> 0 | G24: =IFERROR(aurora_data!F536,0) -> 0 | H24: =IFERROR(aurora_data!G536,0) -> 0 | I24: =IFERROR(aurora_data!H536,0) -> 0 | J24: =IFERROR(aurora_data!I536,0) -> 0 | K24: =IFERROR(aurora_data!J536,0) -> 0 | L24: =IFERROR(aurora_data!K536,0) -> 0 | ... U24: =IFERROR(aurora_data!T536,0) -> 0 | W24: =IFERROR(aurora_data!U536,0) -> 0 | X24: =IFERROR(W24/$W$20,0) -> 0
D25: Reserved Not Received | E25: =IFERROR(aurora_data!D537,0) -> 0 | F25: =IFERROR(aurora_data!E537,0) -> 0 | G25: =IFERROR(aurora_data!F537,0) -> 0 | H25: =IFERROR(aurora_data!G537,0) -> 0 | I25: =IFERROR(aurora_data!H537,0) -> 0 | J25: =IFERROR(aurora_data!I537,0) -> 0 | K25: =IFERROR(aurora_data!J537,0) -> 0 | L25: =IFERROR(aurora_data!K537,0) -> 0 | ... U25: =IFERROR(aurora_data!T537,0) -> 0 | W25: =IFERROR(aurora_data!U537,0) -> 0 | X25: =IFERROR(W25/$W$20,0) -> 0
D26: Total Assignments | E26: =IFERROR(aurora_data!D538,0) -> 0 | F26: =IFERROR(aurora_data!E538,0) -> 5 | G26: =IFERROR(aurora_data!F538,0) -> 10 | H26: =IFERROR(aurora_data!G538,0) -> 16 | I26: =IFERROR(aurora_data!H538,0) -> 0 | J26: =IFERROR(aurora_data!I538,0) -> 4 | K26: =IFERROR(aurora_data!J538,0) -> 0 | L26: =IFERROR(aurora_data!K538,0) -> 7 | ... U26: =IFERROR(aurora_data!T538,0) -> 0 | W26: =IFERROR(aurora_data!U538,0) -> 31 | X26: =IFERROR(W26/$W$20,0) -> 1.0333333
D27: Selected | E27: =IFERROR(aurora_data!D539,0) -> 0 | F27: =IFERROR(aurora_data!E539,0) -> 0 | G27: =IFERROR(aurora_data!F539,0) -> 0 | H27: =IFERROR(aurora_data!G539,0) -> 0 | I27: =IFERROR(aurora_data!H539,0) -> 0 | J27: =IFERROR(aurora_data!I539,0) -> 0 | K27: =IFERROR(aurora_data!J539,0) -> 0 | L27: =IFERROR(aurora_data!K539,0) -> 0 | ... U27: =IFERROR(aurora_data!T539,0) -> 0 | W27: =IFERROR(aurora_data!U539,0) -> 0 | X27: =IFERROR(W27/$W$20,0) -> 0
B28: CLOSED | C28: Total | D28: Target | E28: =IFERROR(aurora_data!D440+aurora_data!D540,0) -> 0 | F28: =IFERROR(aurora_data!E440+aurora_data!E540,0) -> 0 | G28: =IFERROR(aurora_data!F440+aurora_data!F540,0) -> 0 | H28: =IFERROR(aurora_data!G440+aurora_data!G540,0) -> 0 | I28: =IFERROR(aurora_data!H440+aurora_data!H540,0) -> 0 | J28: =IFERROR(aurora_data!I440+aurora_data!I540,0) -> 0 | K28: =IFERROR(aurora_data!J440+aurora_data!J540,0) -> 0 | L28: =IFERROR(aurora_data!K440+aurora_data!K540,0) -> 0 | ... U28: =IFERROR(aurora_data!T440+aurora_data!T540,0) -> 0 | W28: =IFERROR(aurora_data!U440+aurora_data!U540,0) -> 60 | X28: =IFERROR(W28/$W$28,0) -> 1
D29: Usable | E29: =IFERROR(aurora_data!D441+aurora_data!D541,0) -> 0 | F29: =IFERROR(aurora_data!E441+aurora_data!E541,0) -> 11 | G29: =IFERROR(aurora_data!F441+aurora_data!F541,0) -> 18 | H29: =IFERROR(aurora_data!G441+aurora_data!G541,0) -> 31 | I29: =IFERROR(aurora_data!H441+aurora_data!H541,0) -> 0 | J29: =IFERROR(aurora_data!I441+aurora_data!I541,0) -> 6 | K29: =IFERROR(aurora_data!J441+aurora_data!J541,0) -> 2 | L29: =IFERROR(aurora_data!K441+aurora_data!K541,0) -> 13 | ... U29: =IFERROR(aurora_data!T441+aurora_data!T541,0) -> 0 | W29: =IFERROR(aurora_data!U441+aurora_data!U541,0) -> 60 | X29: =IFERROR(W29/$W$28,0) -> 1
D30: Stratified Out Usable N | E30: =IFERROR(aurora_data!D442+aurora_data!D542,0) -> 0 | F30: =IFERROR(aurora_data!E442+aurora_data!E542,0) -> 0 | G30: =IFERROR(aurora_data!F442+aurora_data!F542,0) -> 0 | H30: =IFERROR(aurora_data!G442+aurora_data!G542,0) -> 1 | I30: =IFERROR(aurora_data!H442+aurora_data!H542,0) -> 0 | J30: =IFERROR(aurora_data!I442+aurora_data!I542,0) -> 0 | K30: =IFERROR(aurora_data!J442+aurora_data!J542,0) -> 0 | L30: =IFERROR(aurora_data!K442+aurora_data!K542,0) -> 0 | ... U30: =IFERROR(aurora_data!T442+aurora_data!T542,0) -> 0 | W30: =IFERROR(aurora_data!U442+aurora_data!U542,0) -> 1 | X30: =IFERROR(W30/$W$28,0) -> 0.016666667
D31: In Process | E31: =IFERROR(aurora_data!D443+aurora_data!D543,0) -> 0 | F31: =IFERROR(aurora_data!E443+aurora_data!E543,0) -> 0 | G31: =IFERROR(aurora_data!F443+aurora_data!F543,0) -> 0 | H31: =IFERROR(aurora_data!G443+aurora_data!G543,0) -> 0 | I31: =IFERROR(aurora_data!H443+aurora_data!H543,0) -> 0 | J31: =IFERROR(aurora_data!I443+aurora_data!I543,0) -> 0 | K31: =IFERROR(aurora_data!J443+aurora_data!J543,0) -> 0 | L31: =IFERROR(aurora_data!K443+aurora_data!K543,0) -> 0 | ... U31: =IFERROR(aurora_data!T443+aurora_data!T543,0) -> 0 | W31: =IFERROR(aurora_data!U443+aurora_data!U543,0) -> 0 | X31: =IFERROR(W31/$W$28,0) -> 0
D32: Assigned Not Received | E32: =IFERROR(aurora_data!D444+aurora_data!D544,0) -> 0 | F32: =IFERROR(aurora_data!E444+aurora_data!E544,0) -> 0 | G32: =IFERROR(aurora_data!F444+aurora_data!F544,0) -> 0 | H32: =IFERROR(aurora_data!G444+aurora_data!G544,0) -> 0 | I32: =IFERROR(aurora_data!H444+aurora_data!H544,0) -> 0 | J32: =IFERROR(aurora_data!I444+aurora_data!I544,0) -> 0 | K32: =IFERROR(aurora_data!J444+aurora_data!J544,0) -> 0 | L32: =IFERROR(aurora_data!K444+aurora_data!K544,0) -> 0 | ... U32: =IFERROR(aurora_data!T444+aurora_data!T544,0) -> 0 | W32: =IFERROR(aurora_data!U444+aurora_data!U544,0) -> 0 | X32: =IFERROR(W32/$W$28,0) -> 0
D33: Reserved Not Received | E33: =IFERROR(aurora_data!D445+aurora_data!D545,0) -> 0 | F33: =IFERROR(aurora_data!E445+aurora_data!E545,0) -> 0 | G33: =IFERROR(aurora_data!F445+aurora_data!F545,0) -> 0 | H33: =IFERROR(aurora_data!G445+aurora_data!G545,0) -> 0 | I33: =IFERROR(aurora_data!H445+aurora_data!H545,0) -> 0 | J33: =IFERROR(aurora_data!I445+aurora_data!I545,0) -> 0 | K33: =IFERROR(aurora_data!J445+aurora_data!J545,0) -> 0 | L33: =IFERROR(aurora_data!K445+aurora_data!K545,0) -> 0 | ... U33: =IFERROR(aurora_data!T445+aurora_data!T545,0) -> 0 | W33: =IFERROR(aurora_data!U445+aurora_data!U545,0) -> 0 | X33: =IFERROR(W33/$W$28,0) -> 0
D34: Total Assignments | E34: =IFERROR(aurora_data!D446+aurora_data!D546,0) -> 0 | F34: =IFERROR(aurora_data!E446+aurora_data!E546,0) -> 11 | G34: =IFERROR(aurora_data!F446+aurora_data!F546,0) -> 18 | H34: =IFERROR(aurora_data!G446+aurora_data!G546,0) -> 32 | I34: =IFERROR(aurora_data!H446+aurora_data!H546,0) -> 0 | J34: =IFERROR(aurora_data!I446+aurora_data!I546,0) -> 6 | K34: =IFERROR(aurora_data!J446+aurora_data!J546,0) -> 2 | L34: =IFERROR(aurora_data!K446+aurora_data!K546,0) -> 13 | ... U34: =IFERROR(aurora_data!T446+aurora_data!T546,0) -> 0 | W34: =IFERROR(aurora_data!U446+aurora_data!U546,0) -> 61 | X34: =IFERROR(W34/$W$28,0) -> 1.0166667
D35: Selected | E35: =IFERROR(aurora_data!D447+aurora_data!D547,0) -> 0 | F35: =IFERROR(aurora_data!E447+aurora_data!E547,0) -> 0 | G35: =IFERROR(aurora_data!F447+aurora_data!F547,0) -> 0 | H35: =IFERROR(aurora_data!G447+aurora_data!G547,0) -> 0 | I35: =IFERROR(aurora_data!H447+aurora_data!H547,0) -> 0 | J35: =IFERROR(aurora_data!I447+aurora_data!I547,0) -> 0 | K35: =IFERROR(aurora_data!J447+aurora_data!J547,0) -> 0 | L35: =IFERROR(aurora_data!K447+aurora_data!K547,0) -> 0 | ... U35: =IFERROR(aurora_data!T447+aurora_data!T547,0) -> 0 | W35: =IFERROR(aurora_data!U447+aurora_data!U547,0) -> 0 | X35: =IFERROR(W35/$W$28,0) -> 0

Sheet C_SLDRW
A1: 2 | D1: Study Information | N1: Additional Information
A2: Usable greater/equal to target | D2: =_xlfn.CONCAT("Study Name: "," CELF-6 RF 1 & 2 Clinical Specific Learning Disability in Reading and/or Writing (Age 8-21)") -> Study Name: CELF-6 RF 1 & 2 Clinical Specific Learning Disability in Reading and/or Writing (Age 8-21) | K2: Usable = case is available to Psychometrics for this study In Process = questionable, In Process Assigned Not Recd = Tests assigned to examiners, no tests received (required tests) Reserved not Received = Tests in reserved status, not received Total Assignments = sum of Usable, Received Non Final, Assigned Partial Received, Assigned Not Received Selected = default status for making an assignment
D3: =_xlfn.CONCAT("Study Acronym: "," C_SLDRW_RF1/C_SLDRW_RF2") -> Study Acronym: C_SLDRW_RF1/C_SLDRW_RF2 | F3: Study ID: 3745 & 3746
D5: Additional Requirements
D6: A minimum of 15 cases have to be combined reading & writing; Ageband 8-21 must be 60.
B8: =_xlfn.CONCAT("Last Refreshed at: ",aurora_data!V632) -> Last Refreshed at: 08/06/2026 @ 7:19 AM | E8: Demographic Variables | W8: Totals
D9: Variance Tolerance: | E9: some of each, if possible | J9: some of each, if possible | O9: some of each, if possible | S9: some of each, if possible
B10: Status | E10: Education Level | J10: Ethnicity | O10: Region | S10: SEX
C11: ageband | D11: report | E11: 1 | F11: 2 | G11: 3 | H11: 4 | I11: 5 | J11: AS | K11: BL | L11: HI | M11: OTH | N11: WH | O11: MW | P11: NE | Q11: SO | R11: WE | S11: F | T11: M | U11: INT
B12: CLOSED | C12: =aurora_data!A632 -> 08.00.00-08.11.30 | D12: Target | E12: =IFERROR(aurora_data!D632,0) -> 0 | F12: =IFERROR(aurora_data!E632,0) -> 0 | G12: =IFERROR(aurora_data!F632,0) -> 0 | H12: =IFERROR(aurora_data!G632,0) -> 0 | I12: =IFERROR(aurora_data!H632,0) -> 0 | J12: =IFERROR(aurora_data!I632,0) -> 0 | K12: =IFERROR(aurora_data!J632,0) -> 0 | L12: =IFERROR(aurora_data!K632,0) -> 0 | ... U12: =IFERROR(aurora_data!T632,0) -> 0 | W12: =IFERROR(aurora_data!U632,0) -> 10 | X12: =IFERROR(W12/$W$12,0) -> 1
D13: Usable | E13: =IFERROR(aurora_data!D633,0) -> 0 | F13: =IFERROR(aurora_data!E633,0) -> 2 | G13: =IFERROR(aurora_data!F633,0) -> 2 | H13: =IFERROR(aurora_data!G633,0) -> 1 | I13: =IFERROR(aurora_data!H633,0) -> 0 | J13: =IFERROR(aurora_data!I633,0) -> 0 | K13: =IFERROR(aurora_data!J633,0) -> 0 | L13: =IFERROR(aurora_data!K633,0) -> 0 | ... U13: =IFERROR(aurora_data!T633,0) -> 0 | W13: =IFERROR(aurora_data!U633,0) -> 5 | X13: =IFERROR(W13/$W$12,0) -> 0.5
D14: Stratified Out Usable N | E14: =IFERROR(aurora_data!D634,0) -> 0 | F14: =IFERROR(aurora_data!E634,0) -> 0 | G14: =IFERROR(aurora_data!F634,0) -> 0 | H14: =IFERROR(aurora_data!G634,0) -> 0 | I14: =IFERROR(aurora_data!H634,0) -> 0 | J14: =IFERROR(aurora_data!I634,0) -> 0 | K14: =IFERROR(aurora_data!J634,0) -> 0 | L14: =IFERROR(aurora_data!K634,0) -> 0 | ... U14: =IFERROR(aurora_data!T634,0) -> 0 | W14: =IFERROR(aurora_data!U634,0) -> 0 | X14: =IFERROR(W14/$W$12,0) -> 0
D15: In Process | E15: =IFERROR(aurora_data!D635,0) -> 0 | F15: =IFERROR(aurora_data!E635,0) -> 0 | G15: =IFERROR(aurora_data!F635,0) -> 0 | H15: =IFERROR(aurora_data!G635,0) -> 0 | I15: =IFERROR(aurora_data!H635,0) -> 0 | J15: =IFERROR(aurora_data!I635,0) -> 0 | K15: =IFERROR(aurora_data!J635,0) -> 0 | L15: =IFERROR(aurora_data!K635,0) -> 0 | ... U15: =IFERROR(aurora_data!T635,0) -> 0 | W15: =IFERROR(aurora_data!U635,0) -> 0 | X15: =IFERROR(W15/$W$12,0) -> 0
D16: Assigned Not Received | E16: =IFERROR(aurora_data!D636,0) -> 0 | F16: =IFERROR(aurora_data!E636,0) -> 0 | G16: =IFERROR(aurora_data!F636,0) -> 0 | H16: =IFERROR(aurora_data!G636,0) -> 0 | I16: =IFERROR(aurora_data!H636,0) -> 0 | J16: =IFERROR(aurora_data!I636,0) -> 0 | K16: =IFERROR(aurora_data!J636,0) -> 0 | L16: =IFERROR(aurora_data!K636,0) -> 0 | ... U16: =IFERROR(aurora_data!T636,0) -> 0 | W16: =IFERROR(aurora_data!U636,0) -> 0 | X16: =IFERROR(W16/$W$12,0) -> 0
D17: Reserved Not Received | E17: =IFERROR(aurora_data!D637,0) -> 0 | F17: =IFERROR(aurora_data!E637,0) -> 0 | G17: =IFERROR(aurora_data!F637,0) -> 0 | H17: =IFERROR(aurora_data!G637,0) -> 0 | I17: =IFERROR(aurora_data!H637,0) -> 0 | J17: =IFERROR(aurora_data!I637,0) -> 0 | K17: =IFERROR(aurora_data!J637,0) -> 0 | L17: =IFERROR(aurora_data!K637,0) -> 0 | ... U17: =IFERROR(aurora_data!T637,0) -> 0 | W17: =IFERROR(aurora_data!U637,0) -> 0 | X17: =IFERROR(W17/$W$12,0) -> 0
D18: Total Assignments | E18: =IFERROR(aurora_data!D638,0) -> 0 | F18: =IFERROR(aurora_data!E638,0) -> 2 | G18: =IFERROR(aurora_data!F638,0) -> 2 | H18: =IFERROR(aurora_data!G638,0) -> 1 | I18: =IFERROR(aurora_data!H638,0) -> 0 | J18: =IFERROR(aurora_data!I638,0) -> 0 | K18: =IFERROR(aurora_data!J638,0) -> 0 | L18: =IFERROR(aurora_data!K638,0) -> 0 | ... U18: =IFERROR(aurora_data!T638,0) -> 0 | W18: =IFERROR(aurora_data!U638,0) -> 5 | X18: =IFERROR(W18/$W$12,0) -> 0.5
D19: Selected | E19: =IFERROR(aurora_data!D639,0) -> 0 | F19: =IFERROR(aurora_data!E639,0) -> 0 | G19: =IFERROR(aurora_data!F639,0) -> 0 | H19: =IFERROR(aurora_data!G639,0) -> 0 | I19: =IFERROR(aurora_data!H639,0) -> 0 | J19: =IFERROR(aurora_data!I639,0) -> 0 | K19: =IFERROR(aurora_data!J639,0) -> 0 | L19: =IFERROR(aurora_data!K639,0) -> 0 | ... U19: =IFERROR(aurora_data!T639,0) -> 0 | W19: =IFERROR(aurora_data!U639,0) -> 0 | X19: =IFERROR(W19/$W$12,0) -> 0
B20: CLOSED | C20: =aurora_data!A732 -> 09.00.00-21.11.30 | D20: Target | E20: =IFERROR(aurora_data!D732,0) -> 0 | F20: =IFERROR(aurora_data!E732,0) -> 0 | G20: =IFERROR(aurora_data!F732,0) -> 0 | H20: =IFERROR(aurora_data!G732,0) -> 0 | I20: =IFERROR(aurora_data!H732,0) -> 0 | J20: =IFERROR(aurora_data!I732,0) -> 0 | K20: =IFERROR(aurora_data!J732,0) -> 0 | L20: =IFERROR(aurora_data!K732,0) -> 0 | ... U20: =IFERROR(aurora_data!T732,0) -> 0 | W20: =IFERROR(aurora_data!U732,0) -> 50 | X20: =IFERROR(W20/$W$20,0) -> 1
D21: Usable | E21: =IFERROR(aurora_data!D733,0) -> 8 | F21: =IFERROR(aurora_data!E733,0) -> 10 | G21: =IFERROR(aurora_data!F733,0) -> 7 | H21: =IFERROR(aurora_data!G733,0) -> 30 | I21: =IFERROR(aurora_data!H733,0) -> 0 | J21: =IFERROR(aurora_data!I733,0) -> 1 | K21: =IFERROR(aurora_data!J733,0) -> 4 | L21: =IFERROR(aurora_data!K733,0) -> 9 | ... U21: =IFERROR(aurora_data!T733,0) -> 0 | W21: =IFERROR(aurora_data!U733,0) -> 55 | X21: =IFERROR(W21/$W$20,0) -> 1.1
D22: Stratified Out Usable N | E22: =IFERROR(aurora_data!D734,0) -> 0 | F22: =IFERROR(aurora_data!E734,0) -> 0 | G22: =IFERROR(aurora_data!F734,0) -> 0 | H22: =IFERROR(aurora_data!G734,0) -> 1 | I22: =IFERROR(aurora_data!H734,0) -> 0 | J22: =IFERROR(aurora_data!I734,0) -> 0 | K22: =IFERROR(aurora_data!J734,0) -> 0 | L22: =IFERROR(aurora_data!K734,0) -> 0 | ... U22: =IFERROR(aurora_data!T734,0) -> 0 | W22: =IFERROR(aurora_data!U734,0) -> 1 | X22: =IFERROR(W22/$W$20,0) -> 0.02
D23: In Process | E23: =IFERROR(aurora_data!D735,0) -> 0 | F23: =IFERROR(aurora_data!E735,0) -> 0 | G23: =IFERROR(aurora_data!F735,0) -> 0 | H23: =IFERROR(aurora_data!G735,0) -> 0 | I23: =IFERROR(aurora_data!H735,0) -> 0 | J23: =IFERROR(aurora_data!I735,0) -> 0 | K23: =IFERROR(aurora_data!J735,0) -> 0 | L23: =IFERROR(aurora_data!K735,0) -> 0 | ... U23: =IFERROR(aurora_data!T735,0) -> 0 | W23: =IFERROR(aurora_data!U735,0) -> 0 | X23: =IFERROR(W23/$W$20,0) -> 0
D24: Assigned Not Received | E24: =IFERROR(aurora_data!D736,0) -> 0 | F24: =IFERROR(aurora_data!E736,0) -> 0 | G24: =IFERROR(aurora_data!F736,0) -> 0 | H24: =IFERROR(aurora_data!G736,0) -> 0 | I24: =IFERROR(aurora_data!H736,0) -> 0 | J24: =IFERROR(aurora_data!I736,0) -> 0 | K24: =IFERROR(aurora_data!J736,0) -> 0 | L24: =IFERROR(aurora_data!K736,0) -> 0 | ... U24: =IFERROR(aurora_data!T736,0) -> 0 | W24: =IFERROR(aurora_data!U736,0) -> 0 | X24: =IFERROR(W24/$W$20,0) -> 0
D25: Reserved Not Received | E25: =IFERROR(aurora_data!D737,0) -> 0 | F25: =IFERROR(aurora_data!E737,0) -> 0 | G25: =IFERROR(aurora_data!F737,0) -> 0 | H25: =IFERROR(aurora_data!G737,0) -> 0 | I25: =IFERROR(aurora_data!H737,0) -> 0 | J25: =IFERROR(aurora_data!I737,0) -> 0 | K25: =IFERROR(aurora_data!J737,0) -> 0 | L25: =IFERROR(aurora_data!K737,0) -> 0 | ... U25: =IFERROR(aurora_data!T737,0) -> 0 | W25: =IFERROR(aurora_data!U737,0) -> 0 | X25: =IFERROR(W25/$W$20,0) -> 0
D26: Total Assignments | E26: =IFERROR(aurora_data!D738,0) -> 8 | F26: =IFERROR(aurora_data!E738,0) -> 10 | G26: =IFERROR(aurora_data!F738,0) -> 7 | H26: =IFERROR(aurora_data!G738,0) -> 31 | I26: =IFERROR(aurora_data!H738,0) -> 0 | J26: =IFERROR(aurora_data!I738,0) -> 1 | K26: =IFERROR(aurora_data!J738,0) -> 4 | L26: =IFERROR(aurora_data!K738,0) -> 9 | ... U26: =IFERROR(aurora_data!T738,0) -> 0 | W26: =IFERROR(aurora_data!U738,0) -> 56 | X26: =IFERROR(W26/$W$20,0) -> 1.12
D27: Selected | E27: =IFERROR(aurora_data!D739,0) -> 0 | F27: =IFERROR(aurora_data!E739,0) -> 0 | G27: =IFERROR(aurora_data!F739,0) -> 0 | H27: =IFERROR(aurora_data!G739,0) -> 0 | I27: =IFERROR(aurora_data!H739,0) -> 0 | J27: =IFERROR(aurora_data!I739,0) -> 0 | K27: =IFERROR(aurora_data!J739,0) -> 0 | L27: =IFERROR(aurora_data!K739,0) -> 0 | ... U27: =IFERROR(aurora_data!T739,0) -> 0 | W27: =IFERROR(aurora_data!U739,0) -> 0 | X27: =IFERROR(W27/$W$20,0) -> 0
B28: CLOSED | C28: Total | D28: Target | E28: =IFERROR(aurora_data!D640+aurora_data!D740,0) -> 0 | F28: =IFERROR(aurora_data!E640+aurora_data!E740,0) -> 0 | G28: =IFERROR(aurora_data!F640+aurora_data!F740,0) -> 0 | H28: =IFERROR(aurora_data!G640+aurora_data!G740,0) -> 0 | I28: =IFERROR(aurora_data!H640+aurora_data!H740,0) -> 0 | J28: =IFERROR(aurora_data!I640+aurora_data!I740,0) -> 0 | K28: =IFERROR(aurora_data!J640+aurora_data!J740,0) -> 0 | L28: =IFERROR(aurora_data!K640+aurora_data!K740,0) -> 0 | ... U28: =IFERROR(aurora_data!T640+aurora_data!T740,0) -> 0 | W28: =IFERROR(aurora_data!U640+aurora_data!U740,0) -> 60 | X28: =IFERROR(W28/$W$28,0) -> 1
D29: Usable | E29: =IFERROR(aurora_data!D641+aurora_data!D741,0) -> 8 | F29: =IFERROR(aurora_data!E641+aurora_data!E741,0) -> 12 | G29: =IFERROR(aurora_data!F641+aurora_data!F741,0) -> 9 | H29: =IFERROR(aurora_data!G641+aurora_data!G741,0) -> 31 | I29: =IFERROR(aurora_data!H641+aurora_data!H741,0) -> 0 | J29: =IFERROR(aurora_data!I641+aurora_data!I741,0) -> 1 | K29: =IFERROR(aurora_data!J641+aurora_data!J741,0) -> 4 | L29: =IFERROR(aurora_data!K641+aurora_data!K741,0) -> 9 | ... U29: =IFERROR(aurora_data!T641+aurora_data!T741,0) -> 0 | W29: =IFERROR(aurora_data!U641+aurora_data!U741,0) -> 60 | X29: =IFERROR(W29/$W$28,0) -> 1
D30: Stratified Out Usable N | E30: =IFERROR(aurora_data!D642+aurora_data!D742,0) -> 0 | F30: =IFERROR(aurora_data!E642+aurora_data!E742,0) -> 0 | G30: =IFERROR(aurora_data!F642+aurora_data!F742,0) -> 0 | H30: =IFERROR(aurora_data!G642+aurora_data!G742,0) -> 1 | I30: =IFERROR(aurora_data!H642+aurora_data!H742,0) -> 0 | J30: =IFERROR(aurora_data!I642+aurora_data!I742,0) -> 0 | K30: =IFERROR(aurora_data!J642+aurora_data!J742,0) -> 0 | L30: =IFERROR(aurora_data!K642+aurora_data!K742,0) -> 0 | ... U30: =IFERROR(aurora_data!T642+aurora_data!T742,0) -> 0 | W30: =IFERROR(aurora_data!U642+aurora_data!U742,0) -> 1 | X30: =IFERROR(W30/$W$28,0) -> 0.016666667
D31: In Process | E31: =IFERROR(aurora_data!D643+aurora_data!D743,0) -> 0 | F31: =IFERROR(aurora_data!E643+aurora_data!E743,0) -> 0 | G31: =IFERROR(aurora_data!F643+aurora_data!F743,0) -> 0 | H31: =IFERROR(aurora_data!G643+aurora_data!G743,0) -> 0 | I31: =IFERROR(aurora_data!H643+aurora_data!H743,0) -> 0 | J31: =IFERROR(aurora_data!I643+aurora_data!I743,0) -> 0 | K31: =IFERROR(aurora_data!J643+aurora_data!J743,0) -> 0 | L31: =IFERROR(aurora_data!K643+aurora_data!K743,0) -> 0 | ... U31: =IFERROR(aurora_data!T643+aurora_data!T743,0) -> 0 | W31: =IFERROR(aurora_data!U643+aurora_data!U743,0) -> 0 | X31: =IFERROR(W31/$W$28,0) -> 0
D32: Assigned Not Received | E32: =IFERROR(aurora_data!D644+aurora_data!D744,0) -> 0 | F32: =IFERROR(aurora_data!E644+aurora_data!E744,0) -> 0 | G32: =IFERROR(aurora_data!F644+aurora_data!F744,0) -> 0 | H32: =IFERROR(aurora_data!G644+aurora_data!G744,0) -> 0 | I32: =IFERROR(aurora_data!H644+aurora_data!H744,0) -> 0 | J32: =IFERROR(aurora_data!I644+aurora_data!I744,0) -> 0 | K32: =IFERROR(aurora_data!J644+aurora_data!J744,0) -> 0 | L32: =IFERROR(aurora_data!K644+aurora_data!K744,0) -> 0 | ... U32: =IFERROR(aurora_data!T644+aurora_data!T744,0) -> 0 | W32: =IFERROR(aurora_data!U644+aurora_data!U744,0) -> 0 | X32: =IFERROR(W32/$W$28,0) -> 0
D33: Reserved Not Received | E33: =IFERROR(aurora_data!D645+aurora_data!D745,0) -> 0 | F33: =IFERROR(aurora_data!E645+aurora_data!E745,0) -> 0 | G33: =IFERROR(aurora_data!F645+aurora_data!F745,0) -> 0 | H33: =IFERROR(aurora_data!G645+aurora_data!G745,0) -> 0 | I33: =IFERROR(aurora_data!H645+aurora_data!H745,0) -> 0 | J33: =IFERROR(aurora_data!I645+aurora_data!I745,0) -> 0 | K33: =IFERROR(aurora_data!J645+aurora_data!J745,0) -> 0 | L33: =IFERROR(aurora_data!K645+aurora_data!K745,0) -> 0 | ... U33: =IFERROR(aurora_data!T645+aurora_data!T745,0) -> 0 | W33: =IFERROR(aurora_data!U645+aurora_data!U745,0) -> 0 | X33: =IFERROR(W33/$W$28,0) -> 0
D34: Total Assignments | E34: =IFERROR(aurora_data!D646+aurora_data!D746,0) -> 8 | F34: =IFERROR(aurora_data!E646+aurora_data!E746,0) -> 12 | G34: =IFERROR(aurora_data!F646+aurora_data!F746,0) -> 9 | H34: =IFERROR(aurora_data!G646+aurora_data!G746,0) -> 32 | I34: =IFERROR(aurora_data!H646+aurora_data!H746,0) -> 0 | J34: =IFERROR(aurora_data!I646+aurora_data!I746,0) -> 1 | K34: =IFERROR(aurora_data!J646+aurora_data!J746,0) -> 4 | L34: =IFERROR(aurora_data!K646+aurora_data!K746,0) -> 9 | ... U34: =IFERROR(aurora_data!T646+aurora_data!T746,0) -> 0 | W34: =IFERROR(aurora_data!U646+aurora_data!U746,0) -> 61 | X34: =IFERROR(W34/$W$28,0) -> 1.0166667
D35: Selected | E35: =IFERROR(aurora_data!D647+aurora_data!D747,0) -> 0 | F35: =IFERROR(aurora_data!E647+aurora_data!E747,0) -> 0 | G35: =IFERROR(aurora_data!F647+aurora_data!F747,0) -> 0 | H35: =IFERROR(aurora_data!G647+aurora_data!G747,0) -> 0 | I35: =IFERROR(aurora_data!H647+aurora_data!H747,0) -> 0 | J35: =IFERROR(aurora_data!I647+aurora_data!I747,0) -> 0 | K35: =IFERROR(aurora_data!J647+aurora_data!J747,0) -> 0 | L35: =IFERROR(aurora_data!K647+aurora_data!K747,0) -> 0 | ... U35: =IFERROR(aurora_data!T647+aurora_data!T747,0) -> 0 | W35: =IFERROR(aurora_data!U647+aurora_data!U747,0) -> 0 | X35: =IFERROR(W35/$W$28,0) -> 0

Sheet OSEP_DD
A1: Total Assigments below Target | D1: Study Information | N1: Additional Information
A2: Usable greater/equal to target | D2: =_xlfn.CONCAT("Study Name: "," CELF-6 RF1 OSEP Developmental Delay (Ages 5-8)") -> Study Name: CELF-6 RF1 OSEP Developmental Delay (Ages 5-8) | K2: Usable = case is available to Psychometrics for this study In Process = questionable, In Process Assigned Not Recd = Tests assigned to examiners, no tests received (required tests) Reserved not Received = Tests in reserved status, not received Total Assignments = sum of Usable, Received Non Final, Assigned Partial Received, Assigned Not Received Selected = default status for making an assignment
D3: =_xlfn.CONCAT("Study Acronym: "," OSEP_DD_RF1") -> Study Acronym: OSEP_DD_RF1 | F3: Study ID: 3747
D5: Additional Requirements
D6: None
B8: =_xlfn.CONCAT("Last Refreshed at: ",aurora_data!V1832) -> Last Refreshed at: 08/06/2026 @ 7:19 AM | E8: Demographic Variables | W8: Totals
D9: Variance Tolerance: | E9: some of each, if possible | J9: some of each, if possible | O9: some of each, if possible | S9: some of each, if possible
B10: Status | E10: Education Level | J10: Ethnicity | O10: Region | S10: SEX
C11: ageband | D11: report | E11: 1 | F11: 2 | G11: 3 | H11: 4 | I11: 5 | J11: AS | K11: BL | L11: HI | M11: OTH | N11: WH | O11: MW | P11: NE | Q11: SO | R11: WE | S11: F | T11: M | U11: INT
B12: CLOSED | C12: =aurora_data!A1832 -> 05.00.00-08.11.30 | D12: Target | E12: =IFERROR(aurora_data!D1832,0) -> 0 | F12: =IFERROR(aurora_data!E1832,0) -> 0 | G12: =IFERROR(aurora_data!F1832,0) -> 0 | H12: =IFERROR(aurora_data!G1832,0) -> 0 | I12: =IFERROR(aurora_data!H1832,0) -> 0 | J12: =IFERROR(aurora_data!I1832,0) -> 0 | K12: =IFERROR(aurora_data!J1832,0) -> 0 | L12: =IFERROR(aurora_data!K1832,0) -> 0 | ... U12: =IFERROR(aurora_data!T1832,0) -> 0 | W12: =IFERROR(aurora_data!U1832,0) -> 15 | X12: =IFERROR(W12/$W$12,0) -> 1
D13: Usable | E13: =IFERROR(aurora_data!D1833,0) -> 6 | F13: =IFERROR(aurora_data!E1833,0) -> 3 | G13: =IFERROR(aurora_data!F1833,0) -> 1 | H13: =IFERROR(aurora_data!G1833,0) -> 5 | I13: =IFERROR(aurora_data!H1833,0) -> 0 | J13: =IFERROR(aurora_data!I1833,0) -> 1 | K13: =IFERROR(aurora_data!J1833,0) -> 0 | L13: =IFERROR(aurora_data!K1833,0) -> 4 | ... U13: =IFERROR(aurora_data!T1833,0) -> 0 | W13: =IFERROR(aurora_data!U1833,0) -> 15 | X13: =IFERROR(W13/$W$12,0) -> 1
D14: Stratified Out Usable N | E14: =IFERROR(aurora_data!D1834,0) -> 0 | F14: =IFERROR(aurora_data!E1834,0) -> 0 | G14: =IFERROR(aurora_data!F1834,0) -> 0 | H14: =IFERROR(aurora_data!G1834,0) -> 1 | I14: =IFERROR(aurora_data!H1834,0) -> 0 | J14: =IFERROR(aurora_data!I1834,0) -> 0 | K14: =IFERROR(aurora_data!J1834,0) -> 0 | L14: =IFERROR(aurora_data!K1834,0) -> 0 | ... U14: =IFERROR(aurora_data!T1834,0) -> 0 | W14: =IFERROR(aurora_data!U1834,0) -> 1 | X14: =IFERROR(W14/$W$12,0) -> 0.066666667
D15: In Process | E15: =IFERROR(aurora_data!D1835,0) -> 0 | F15: =IFERROR(aurora_data!E1835,0) -> 0 | G15: =IFERROR(aurora_data!F1835,0) -> 0 | H15: =IFERROR(aurora_data!G1835,0) -> 0 | I15: =IFERROR(aurora_data!H1835,0) -> 0 | J15: =IFERROR(aurora_data!I1835,0) -> 0 | K15: =IFERROR(aurora_data!J1835,0) -> 0 | L15: =IFERROR(aurora_data!K1835,0) -> 0 | ... U15: =IFERROR(aurora_data!T1835,0) -> 0 | W15: =IFERROR(aurora_data!U1835,0) -> 0 | X15: =IFERROR(W15/$W$12,0) -> 0
D16: Assigned Not Received | E16: =IFERROR(aurora_data!D1836,0) -> 0 | F16: =IFERROR(aurora_data!E1836,0) -> 0 | G16: =IFERROR(aurora_data!F1836,0) -> 0 | H16: =IFERROR(aurora_data!G1836,0) -> 0 | I16: =IFERROR(aurora_data!H1836,0) -> 0 | J16: =IFERROR(aurora_data!I1836,0) -> 0 | K16: =IFERROR(aurora_data!J1836,0) -> 0 | L16: =IFERROR(aurora_data!K1836,0) -> 0 | ... U16: =IFERROR(aurora_data!T1836,0) -> 0 | W16: =IFERROR(aurora_data!U1836,0) -> 0 | X16: =IFERROR(W16/$W$12,0) -> 0
D17: Reserved Not Received | E17: =IFERROR(aurora_data!D1837,0) -> 0 | F17: =IFERROR(aurora_data!E1837,0) -> 0 | G17: =IFERROR(aurora_data!F1837,0) -> 0 | H17: =IFERROR(aurora_data!G1837,0) -> 0 | I17: =IFERROR(aurora_data!H1837,0) -> 0 | J17: =IFERROR(aurora_data!I1837,0) -> 0 | K17: =IFERROR(aurora_data!J1837,0) -> 0 | L17: =IFERROR(aurora_data!K1837,0) -> 0 | ... U17: =IFERROR(aurora_data!T1837,0) -> 0 | W17: =IFERROR(aurora_data!U1837,0) -> 0 | X17: =IFERROR(W17/$W$12,0) -> 0
D18: Total Assignments | E18: =IFERROR(aurora_data!D1838,0) -> 6 | F18: =IFERROR(aurora_data!E1838,0) -> 3 | G18: =IFERROR(aurora_data!F1838,0) -> 1 | H18: =IFERROR(aurora_data!G1838,0) -> 6 | I18: =IFERROR(aurora_data!H1838,0) -> 0 | J18: =IFERROR(aurora_data!I1838,0) -> 1 | K18: =IFERROR(aurora_data!J1838,0) -> 0 | L18: =IFERROR(aurora_data!K1838,0) -> 4 | ... U18: =IFERROR(aurora_data!T1838,0) -> 0 | W18: =IFERROR(aurora_data!U1838,0) -> 16 | X18: =IFERROR(W18/$W$12,0) -> 1.0666667
D19: Selected | E19: =IFERROR(aurora_data!D1839,0) -> 0 | F19: =IFERROR(aurora_data!E1839,0) -> 0 | G19: =IFERROR(aurora_data!F1839,0) -> 0 | H19: =IFERROR(aurora_data!G1839,0) -> 0 | I19: =IFERROR(aurora_data!H1839,0) -> 0 | J19: =IFERROR(aurora_data!I1839,0) -> 0 | K19: =IFERROR(aurora_data!J1839,0) -> 0 | L19: =IFERROR(aurora_data!K1839,0) -> 0 | ... U19: =IFERROR(aurora_data!T1839,0) -> 0 | W19: =IFERROR(aurora_data!U1839,0) -> 0 | X19: =IFERROR(W19/$W$12,0) -> 0
B20: CLOSED | C20: Total | D20: Target | E20: =IFERROR(aurora_data!D1840,0) -> 0 | F20: =IFERROR(aurora_data!E1840,0) -> 0 | G20: =IFERROR(aurora_data!F1840,0) -> 0 | H20: =IFERROR(aurora_data!G1840,0) -> 0 | I20: =IFERROR(aurora_data!H1840,0) -> 0 | J20: =IFERROR(aurora_data!I1840,0) -> 0 | K20: =IFERROR(aurora_data!J1840,0) -> 0 | L20: =IFERROR(aurora_data!K1840,0) -> 0 | ... U20: =IFERROR(aurora_data!T1840,0) -> 0 | W20: =IFERROR(aurora_data!U1840,0) -> 15 | X20: =IFERROR(W20/$W$20,0) -> 1
D21: Usable | E21: =IFERROR(aurora_data!D1841,0) -> 6 | F21: =IFERROR(aurora_data!E1841,0) -> 3 | G21: =IFERROR(aurora_data!F1841,0) -> 1 | H21: =IFERROR(aurora_data!G1841,0) -> 5 | I21: =IFERROR(aurora_data!H1841,0) -> 0 | J21: =IFERROR(aurora_data!I1841,0) -> 1 | K21: =IFERROR(aurora_data!J1841,0) -> 0 | L21: =IFERROR(aurora_data!K1841,0) -> 4 | ... U21: =IFERROR(aurora_data!T1841,0) -> 0 | W21: =IFERROR(aurora_data!U1841,0) -> 15 | X21: =IFERROR(W21/$W$20,0) -> 1
D22: Stratified Out Usable N | E22: =IFERROR(aurora_data!D1842,0) -> 0 | F22: =IFERROR(aurora_data!E1842,0) -> 0 | G22: =IFERROR(aurora_data!F1842,0) -> 0 | H22: =IFERROR(aurora_data!G1842,0) -> 1 | I22: =IFERROR(aurora_data!H1842,0) -> 0 | J22: =IFERROR(aurora_data!I1842,0) -> 0 | K22: =IFERROR(aurora_data!J1842,0) -> 0 | L22: =IFERROR(aurora_data!K1842,0) -> 0 | ... P22: =IFERROR(aurora_data!O1842,0) -> 0 | Q22: 66 | R22: =IFERROR(aurora_data!Q1842,0) -> 0 | S22: =IFERROR(aurora_data!R1842,0) -> 1 | T22: =IFERROR(aurora_data!S1842,0) -> 0 | U22: =IFERROR(aurora_data!T1842,0) -> 0 | W22: =IFERROR(aurora_data!U1842,0) -> 1 | X22: =IFERROR(W22/$W$20,0) -> 0.066666667
D23: In Process | E23: =IFERROR(aurora_data!D1843,0) -> 0 | F23: =IFERROR(aurora_data!E1843,0) -> 0 | G23: =IFERROR(aurora_data!F1843,0) -> 0 | H23: =IFERROR(aurora_data!G1843,0) -> 0 | I23: =IFERROR(aurora_data!H1843,0) -> 0 | J23: =IFERROR(aurora_data!I1843,0) -> 0 | K23: =IFERROR(aurora_data!J1843,0) -> 0 | L23: =IFERROR(aurora_data!K1843,0) -> 0 | ... U23: =IFERROR(aurora_data!T1843,0) -> 0 | W23: =IFERROR(aurora_data!U1843,0) -> 0 | X23: =IFERROR(W23/$W$20,0) -> 0
D24: Assigned Not Received | E24: =IFERROR(aurora_data!D1844,0) -> 0 | F24: =IFERROR(aurora_data!E1844,0) -> 0 | G24: =IFERROR(aurora_data!F1844,0) -> 0 | H24: =IFERROR(aurora_data!G1844,0) -> 0 | I24: =IFERROR(aurora_data!H1844,0) -> 0 | J24: =IFERROR(aurora_data!I1844,0) -> 0 | K24: =IFERROR(aurora_data!J1844,0) -> 0 | L24: =IFERROR(aurora_data!K1844,0) -> 0 | ... U24: =IFERROR(aurora_data!T1844,0) -> 0 | W24: =IFERROR(aurora_data!U1844,0) -> 0 | X24: =IFERROR(W24/$W$20,0) -> 0
D25: Reserved Not Received | E25: =IFERROR(aurora_data!D1845,0) -> 0 | F25: =IFERROR(aurora_data!E1845,0) -> 0 | G25: =IFERROR(aurora_data!F1845,0) -> 0 | H25: =IFERROR(aurora_data!G1845,0) -> 0 | I25: =IFERROR(aurora_data!H1845,0) -> 0 | J25: =IFERROR(aurora_data!I1845,0) -> 0 | K25: =IFERROR(aurora_data!J1845,0) -> 0 | L25: =IFERROR(aurora_data!K1845,0) -> 0 | ... U25: =IFERROR(aurora_data!T1845,0) -> 0 | W25: =IFERROR(aurora_data!U1845,0) -> 0 | X25: =IFERROR(W25/$W$20,0) -> 0
D26: Total Assignments | E26: =IFERROR(aurora_data!D1846,0) -> 6 | F26: =IFERROR(aurora_data!E1846,0) -> 3 | G26: =IFERROR(aurora_data!F1846,0) -> 1 | H26: =IFERROR(aurora_data!G1846,0) -> 6 | I26: =IFERROR(aurora_data!H1846,0) -> 0 | J26: =IFERROR(aurora_data!I1846,0) -> 1 | K26: =IFERROR(aurora_data!J1846,0) -> 0 | L26: =IFERROR(aurora_data!K1846,0) -> 4 | ... U26: =IFERROR(aurora_data!T1846,0) -> 0 | W26: =IFERROR(aurora_data!U1846,0) -> 16 | X26: =IFERROR(W26/$W$20,0) -> 1.0666667
D27: Selected | E27: =IFERROR(aurora_data!D1847,0) -> 0 | F27: =IFERROR(aurora_data!E1847,0) -> 0 | G27: =IFERROR(aurora_data!F1847,0) -> 0 | H27: =IFERROR(aurora_data!G1847,0) -> 0 | I27: =IFERROR(aurora_data!H1847,0) -> 0 | J27: =IFERROR(aurora_data!I1847,0) -> 0 | K27: =IFERROR(aurora_data!J1847,0) -> 0 | L27: =IFERROR(aurora_data!K1847,0) -> 0 | ... U27: =IFERROR(aurora_data!T1847,0) -> 0 | W27: =IFERROR(aurora_data!U1847,0) -> 0 | X27: =IFERROR(W27/$W$20,0) -> 0

Sheet OSEP_SI
A1: Total Assigments below Target | D1: Study Information | N1: Additional Information
A2: Usable greater/equal to target | D2: =_xlfn.CONCAT("Study Name: "," CELF-6 RF1 & 2 OSEP Speech Impairment (Age 5-21)") -> Study Name: CELF-6 RF1 & 2 OSEP Speech Impairment (Age 5-21) | K2: Usable = case is available to Psychometrics for this study In Process = questionable, In Process Assigned Not Recd = Tests assigned to examiners, no tests received (required tests) Reserved not Received = Tests in reserved status, not received Total Assignments = sum of Usable, Received Non Final, Assigned Partial Received, Assigned Not Received Selected = default status for making an assignment
D3: =_xlfn.CONCAT("Study Acronym: "," OSEP_SI_RF1/OSEP_SI_RF2") -> Study Acronym: OSEP_SI_RF1/OSEP_SI_RF2 | F3: Study ID: 3754 & 3755
D5: Additional Requirements
D6: None
B8: =_xlfn.CONCAT("Last Refreshed at: ",aurora_data!V1432) -> Last Refreshed at: 08/06/2026 @ 7:19 AM | E8: Demographic Variables | W8: Totals
D9: Variance Tolerance: | E9: some of each, if possible | J9: some of each, if possible | O9: some of each, if possible | S9: some of each, if possible
B10: Status | E10: Education Level | J10: Ethnicity | O10: Region | S10: SEX
C11: ageband | D11: report | E11: 1 | F11: 2 | G11: 3 | H11: 4 | I11: 5 | J11: AS | K11: BL | L11: HI | M11: OTH | N11: WH | O11: MW | P11: NE | Q11: SO | R11: WE | S11: F | T11: M | U11: INT
B12: CLOSED | C12: =aurora_data!A1432 -> 05.00.00-08.11.30 | D12: Target | E12: =IFERROR(aurora_data!D1432,0) -> 0 | F12: =IFERROR(aurora_data!E1432,0) -> 0 | G12: =IFERROR(aurora_data!F1432,0) -> 0 | H12: =IFERROR(aurora_data!G1432,0) -> 0 | I12: =IFERROR(aurora_data!H1432,0) -> 0 | J12: =IFERROR(aurora_data!I1432,0) -> 0 | K12: =IFERROR(aurora_data!J1432,0) -> 0 | L12: =IFERROR(aurora_data!K1432,0) -> 0 | ... U12: =IFERROR(aurora_data!T1432,0) -> 0 | W12: =IFERROR(aurora_data!U1432,0) -> 20 | X12: =IFERROR(W12/$W$12,0) -> 1
D13: Usable | E13: =IFERROR(aurora_data!D1433,0) -> 0 | F13: =IFERROR(aurora_data!E1433,0) -> 6 | G13: =IFERROR(aurora_data!F1433,0) -> 6 | H13: =IFERROR(aurora_data!G1433,0) -> 8 | I13: =IFERROR(aurora_data!H1433,0) -> 0 | J13: =IFERROR(aurora_data!I1433,0) -> 2 | K13: =IFERROR(aurora_data!J1433,0) -> 4 | L13: =IFERROR(aurora_data!K1433,0) -> 6 | ... U13: =IFERROR(aurora_data!T1433,0) -> 0 | W13: =IFERROR(aurora_data!U1433,0) -> 20 | X13: =IFERROR(W13/$W$12,0) -> 1
D14: Stratified Out Usable N | E14: =IFERROR(aurora_data!D1434,0) -> 0 | F14: =IFERROR(aurora_data!E1434,0) -> 0 | G14: =IFERROR(aurora_data!F1434,0) -> 1 | H14: =IFERROR(aurora_data!G1434,0) -> 4 | I14: =IFERROR(aurora_data!H1434,0) -> 0 | J14: =IFERROR(aurora_data!I1434,0) -> 0 | K14: =IFERROR(aurora_data!J1434,0) -> 0 | L14: =IFERROR(aurora_data!K1434,0) -> 0 | ... U14: =IFERROR(aurora_data!T1434,0) -> 0 | W14: =IFERROR(aurora_data!U1434,0) -> 5 | X14: =IFERROR(W14/$W$12,0) -> 0.25
D15: In Process | E15: =IFERROR(aurora_data!D1435,0) -> 0 | F15: =IFERROR(aurora_data!E1435,0) -> 0 | G15: =IFERROR(aurora_data!F1435,0) -> 0 | H15: =IFERROR(aurora_data!G1435,0) -> 0 | I15: =IFERROR(aurora_data!H1435,0) -> 0 | J15: =IFERROR(aurora_data!I1435,0) -> 0 | K15: =IFERROR(aurora_data!J1435,0) -> 0 | L15: =IFERROR(aurora_data!K1435,0) -> 0 | ... U15: =IFERROR(aurora_data!T1435,0) -> 0 | W15: =IFERROR(aurora_data!U1435,0) -> 0 | X15: =IFERROR(W15/$W$12,0) -> 0
D16: Assigned Not Received | E16: =IFERROR(aurora_data!D1436,0) -> 0 | F16: =IFERROR(aurora_data!E1436,0) -> 0 | G16: =IFERROR(aurora_data!F1436,0) -> 0 | H16: =IFERROR(aurora_data!G1436,0) -> 0 | I16: =IFERROR(aurora_data!H1436,0) -> 0 | J16: =IFERROR(aurora_data!I1436,0) -> 0 | K16: =IFERROR(aurora_data!J1436,0) -> 0 | L16: =IFERROR(aurora_data!K1436,0) -> 0 | ... U16: =IFERROR(aurora_data!T1436,0) -> 0 | W16: =IFERROR(aurora_data!U1436,0) -> 0 | X16: =IFERROR(W16/$W$12,0) -> 0
D17: Reserved Not Received | E17: =IFERROR(aurora_data!D1437,0) -> 0 | F17: =IFERROR(aurora_data!E1437,0) -> 0 | G17: =IFERROR(aurora_data!F1437,0) -> 0 | H17: =IFERROR(aurora_data!G1437,0) -> 0 | I17: =IFERROR(aurora_data!H1437,0) -> 0 | J17: =IFERROR(aurora_data!I1437,0) -> 0 | K17: =IFERROR(aurora_data!J1437,0) -> 0 | L17: =IFERROR(aurora_data!K1437,0) -> 0 | ... U17: =IFERROR(aurora_data!T1437,0) -> 0 | W17: =IFERROR(aurora_data!U1437,0) -> 0 | X17: =IFERROR(W17/$W$12,0) -> 0
D18: Total Assignments | E18: =IFERROR(aurora_data!D1438,0) -> 0 | F18: =IFERROR(aurora_data!E1438,0) -> 6 | G18: =IFERROR(aurora_data!F1438,0) -> 7 | H18: =IFERROR(aurora_data!G1438,0) -> 12 | I18: =IFERROR(aurora_data!H1438,0) -> 0 | J18: =IFERROR(aurora_data!I1438,0) -> 2 | K18: =IFERROR(aurora_data!J1438,0) -> 4 | L18: =IFERROR(aurora_data!K1438,0) -> 6 | ... U18: =IFERROR(aurora_data!T1438,0) -> 0 | W18: =IFERROR(aurora_data!U1438,0) -> 25 | X18: =IFERROR(W18/$W$12,0) -> 1.25
D19: Selected | E19: =IFERROR(aurora_data!D1439,0) -> 0 | F19: =IFERROR(aurora_data!E1439,0) -> 0 | G19: =IFERROR(aurora_data!F1439,0) -> 0 | H19: =IFERROR(aurora_data!G1439,0) -> 0 | I19: =IFERROR(aurora_data!H1439,0) -> 0 | J19: =IFERROR(aurora_data!I1439,0) -> 0 | K19: =IFERROR(aurora_data!J1439,0) -> 0 | L19: =IFERROR(aurora_data!K1439,0) -> 0 | ... U19: =IFERROR(aurora_data!T1439,0) -> 0 | W19: =IFERROR(aurora_data!U1439,0) -> 0 | X19: =IFERROR(W19/$W$12,0) -> 0
B20: CLOSED | C20: =aurora_data!A1532 -> 09.00.00-21.11.30 | D20: Target | E20: =IFERROR(aurora_data!D1532,0) -> 0 | F20: =IFERROR(aurora_data!E1532,0) -> 0 | G20: =IFERROR(aurora_data!F1532,0) -> 0 | H20: =IFERROR(aurora_data!G1532,0) -> 0 | I20: =IFERROR(aurora_data!H1532,0) -> 0 | J20: =IFERROR(aurora_data!I1532,0) -> 0 | K20: =IFERROR(aurora_data!J1532,0) -> 0 | L20: =IFERROR(aurora_data!K1532,0) -> 0 | ... U20: =IFERROR(aurora_data!T1532,0) -> 0 | W20: =IFERROR(aurora_data!U1532,0) -> 20 | X20: =IFERROR(W20/$W$20,0) -> 1
D21: Usable | E21: =IFERROR(aurora_data!D1533,0) -> 0 | F21: =IFERROR(aurora_data!E1533,0) -> 1 | G21: =IFERROR(aurora_data!F1533,0) -> 7 | H21: =IFERROR(aurora_data!G1533,0) -> 12 | I21: =IFERROR(aurora_data!H1533,0) -> 0 | J21: =IFERROR(aurora_data!I1533,0) -> 0 | K21: =IFERROR(aurora_data!J1533,0) -> 3 | L21: =IFERROR(aurora_data!K1533,0) -> 2 | ... U21: =IFERROR(aurora_data!T1533,0) -> 0 | W21: =IFERROR(aurora_data!U1533,0) -> 20 | X21: =IFERROR(W21/$W$20,0) -> 1
D22: Stratified Out Usable N | E22: =IFERROR(aurora_data!D1534,0) -> 0 | F22: =IFERROR(aurora_data!E1534,0) -> 0 | G22: =IFERROR(aurora_data!F1534,0) -> 0 | H22: =IFERROR(aurora_data!G1534,0) -> 0 | I22: =IFERROR(aurora_data!H1534,0) -> 0 | J22: =IFERROR(aurora_data!I1534,0) -> 0 | K22: =IFERROR(aurora_data!J1534,0) -> 0 | L22: =IFERROR(aurora_data!K1534,0) -> 0 | ... U22: =IFERROR(aurora_data!T1534,0) -> 0 | W22: =IFERROR(aurora_data!U1534,0) -> 0 | X22: =IFERROR(W22/$W$20,0) -> 0
D23: In Process | E23: =IFERROR(aurora_data!D1535,0) -> 0 | F23: =IFERROR(aurora_data!E1535,0) -> 0 | G23: =IFERROR(aurora_data!F1535,0) -> 0 | H23: =IFERROR(aurora_data!G1535,0) -> 0 | I23: =IFERROR(aurora_data!H1535,0) -> 0 | J23: =IFERROR(aurora_data!I1535,0) -> 0 | K23: =IFERROR(aurora_data!J1535,0) -> 0 | L23: =IFERROR(aurora_data!K1535,0) -> 0 | ... U23: =IFERROR(aurora_data!T1535,0) -> 0 | W23: =IFERROR(aurora_data!U1535,0) -> 0 | X23: =IFERROR(W23/$W$20,0) -> 0
D24: Assigned Not Received | E24: =IFERROR(aurora_data!D1536,0) -> 0 | F24: =IFERROR(aurora_data!E1536,0) -> 0 | G24: =IFERROR(aurora_data!F1536,0) -> 0 | H24: =IFERROR(aurora_data!G1536,0) -> 0 | I24: =IFERROR(aurora_data!H1536,0) -> 0 | J24: =IFERROR(aurora_data!I1536,0) -> 0 | K24: =IFERROR(aurora_data!J1536,0) -> 0 | L24: =IFERROR(aurora_data!K1536,0) -> 0 | ... U24: =IFERROR(aurora_data!T1536,0) -> 0 | W24: =IFERROR(aurora_data!U1536,0) -> 0 | X24: =IFERROR(W24/$W$20,0) -> 0
D25: Reserved Not Received | E25: =IFERROR(aurora_data!D1537,0) -> 0 | F25: =IFERROR(aurora_data!E1537,0) -> 0 | G25: =IFERROR(aurora_data!F1537,0) -> 0 | H25: =IFERROR(aurora_data!G1537,0) -> 0 | I25: =IFERROR(aurora_data!H1537,0) -> 0 | J25: =IFERROR(aurora_data!I1537,0) -> 0 | K25: =IFERROR(aurora_data!J1537,0) -> 0 | L25: =IFERROR(aurora_data!K1537,0) -> 0 | ... U25: =IFERROR(aurora_data!T1537,0) -> 0 | W25: =IFERROR(aurora_data!U1537,0) -> 0 | X25: =IFERROR(W25/$W$20,0) -> 0
D26: Total Assignments | E26: =IFERROR(aurora_data!D1538,0) -> 0 | F26: =IFERROR(aurora_data!E1538,0) -> 1 | G26: =IFERROR(aurora_data!F1538,0) -> 7 | H26: =IFERROR(aurora_data!G1538,0) -> 12 | I26: =IFERROR(aurora_data!H1538,0) -> 0 | J26: =IFERROR(aurora_data!I1538,0) -> 0 | K26: =IFERROR(aurora_data!J1538,0) -> 3 | L26: =IFERROR(aurora_data!K1538,0) -> 2 | ... U26: =IFERROR(aurora_data!T1538,0) -> 0 | W26: =IFERROR(aurora_data!U1538,0) -> 20 | X26: =IFERROR(W26/$W$20,0) -> 1
D27: Selected | E27: =IFERROR(aurora_data!D1539,0) -> 0 | F27: =IFERROR(aurora_data!E1539,0) -> 0 | G27: =IFERROR(aurora_data!F1539,0) -> 0 | H27: =IFERROR(aurora_data!G1539,0) -> 0 | I27: =IFERROR(aurora_data!H1539,0) -> 0 | J27: =IFERROR(aurora_data!I1539,0) -> 0 | K27: =IFERROR(aurora_data!J1539,0) -> 0 | L27: =IFERROR(aurora_data!K1539,0) -> 0 | ... U27: =IFERROR(aurora_data!T1539,0) -> 0 | W27: =IFERROR(aurora_data!U1539,0) -> 0 | X27: =IFERROR(W27/$W$20,0) -> 0
B28: CLOSED | C28: Total | D28: Target | E28: =IFERROR(aurora_data!D1440+aurora_data!D1540,0) -> 0 | F28: =IFERROR(aurora_data!E1440+aurora_data!E1540,0) -> 0 | G28: =IFERROR(aurora_data!F1440+aurora_data!F1540,0) -> 0 | H28: =IFERROR(aurora_data!G1440+aurora_data!G1540,0) -> 0 | I28: =IFERROR(aurora_data!H1440+aurora_data!H1540,0) -> 0 | J28: =IFERROR(aurora_data!I1440+aurora_data!I1540,0) -> 0 | K28: =IFERROR(aurora_data!J1440+aurora_data!J1540,0) -> 0 | L28: =IFERROR(aurora_data!K1440+aurora_data!K1540,0) -> 0 | ... U28: =IFERROR(aurora_data!T1440+aurora_data!T1540,0) -> 0 | W28: =IFERROR(aurora_data!U1440+aurora_data!U1540,0) -> 40 | X28: =IFERROR(W28/$W$28,0) -> 1
D29: Usable | E29: =IFERROR(aurora_data!D1441+aurora_data!D1541,0) -> 0 | F29: =IFERROR(aurora_data!E1441+aurora_data!E1541,0) -> 7 | G29: =IFERROR(aurora_data!F1441+aurora_data!F1541,0) -> 13 | H29: =IFERROR(aurora_data!G1441+aurora_data!G1541,0) -> 20 | I29: =IFERROR(aurora_data!H1441+aurora_data!H1541,0) -> 0 | J29: =IFERROR(aurora_data!I1441+aurora_data!I1541,0) -> 2 | K29: =IFERROR(aurora_data!J1441+aurora_data!J1541,0) -> 7 | L29: =IFERROR(aurora_data!K1441+aurora_data!K1541,0) -> 8 | ... U29: =IFERROR(aurora_data!T1441+aurora_data!T1541,0) -> 0 | W29: =IFERROR(aurora_data!U1441+aurora_data!U1541,0) -> 40 | X29: =IFERROR(W29/$W$28,0) -> 1
D30: Stratified Out Usable N | E30: =IFERROR(aurora_data!D1442+aurora_data!D1542,0) -> 0 | F30: =IFERROR(aurora_data!E1442+aurora_data!E1542,0) -> 0 | G30: =IFERROR(aurora_data!F1442+aurora_data!F1542,0) -> 1 | H30: =IFERROR(aurora_data!G1442+aurora_data!G1542,0) -> 4 | I30: =IFERROR(aurora_data!H1442+aurora_data!H1542,0) -> 0 | J30: =IFERROR(aurora_data!I1442+aurora_data!I1542,0) -> 0 | K30: =IFERROR(aurora_data!J1442+aurora_data!J1542,0) -> 0 | L30: =IFERROR(aurora_data!K1442+aurora_data!K1542,0) -> 0 | ... U30: =IFERROR(aurora_data!T1442+aurora_data!T1542,0) -> 0 | W30: =IFERROR(aurora_data!U1442+aurora_data!U1542,0) -> 5 | X30: =IFERROR(W30/$W$28,0) -> 0.125
D31: In Process | E31: =IFERROR(aurora_data!D1443+aurora_data!D1543,0) -> 0 | F31: =IFERROR(aurora_data!E1443+aurora_data!E1543,0) -> 0 | G31: =IFERROR(aurora_data!F1443+aurora_data!F1543,0) -> 0 | H31: =IFERROR(aurora_data!G1443+aurora_data!G1543,0) -> 0 | I31: =IFERROR(aurora_data!H1443+aurora_data!H1543,0) -> 0 | J31: =IFERROR(aurora_data!I1443+aurora_data!I1543,0) -> 0 | K31: =IFERROR(aurora_data!J1443+aurora_data!J1543,0) -> 0 | L31: =IFERROR(aurora_data!K1443+aurora_data!K1543,0) -> 0 | ... U31: =IFERROR(aurora_data!T1443+aurora_data!T1543,0) -> 0 | W31: =IFERROR(aurora_data!U1443+aurora_data!U1543,0) -> 0 | X31: =IFERROR(W31/$W$28,0) -> 0
D32: Assigned Not Received | E32: =IFERROR(aurora_data!D1444+aurora_data!D1544,0) -> 0 | F32: =IFERROR(aurora_data!E1444+aurora_data!E1544,0) -> 0 | G32: =IFERROR(aurora_data!F1444+aurora_data!F1544,0) -> 0 | H32: =IFERROR(aurora_data!G1444+aurora_data!G1544,0) -> 0 | I32: =IFERROR(aurora_data!H1444+aurora_data!H1544,0) -> 0 | J32: =IFERROR(aurora_data!I1444+aurora_data!I1544,0) -> 0 | K32: =IFERROR(aurora_data!J1444+aurora_data!J1544,0) -> 0 | L32: =IFERROR(aurora_data!K1444+aurora_data!K1544,0) -> 0 | ... U32: =IFERROR(aurora_data!T1444+aurora_data!T1544,0) -> 0 | W32: =IFERROR(aurora_data!U1444+aurora_data!U1544,0) -> 0 | X32: =IFERROR(W32/$W$28,0) -> 0
D33: Reserved Not Received | E33: =IFERROR(aurora_data!D1445+aurora_data!D1545,0) -> 0 | F33: =IFERROR(aurora_data!E1445+aurora_data!E1545,0) -> 0 | G33: =IFERROR(aurora_data!F1445+aurora_data!F1545,0) -> 0 | H33: =IFERROR(aurora_data!G1445+aurora_data!G1545,0) -> 0 | I33: =IFERROR(aurora_data!H1445+aurora_data!H1545,0) -> 0 | J33: =IFERROR(aurora_data!I1445+aurora_data!I1545,0) -> 0 | K33: =IFERROR(aurora_data!J1445+aurora_data!J1545,0) -> 0 | L33: =IFERROR(aurora_data!K1445+aurora_data!K1545,0) -> 0 | ... U33: =IFERROR(aurora_data!T1445+aurora_data!T1545,0) -> 0 | W33: =IFERROR(aurora_data!U1445+aurora_data!U1545,0) -> 0 | X33: =IFERROR(W33/$W$28,0) -> 0
D34: Total Assignments | E34: =IFERROR(aurora_data!D1446+aurora_data!D1546,0) -> 0 | F34: =IFERROR(aurora_data!E1446+aurora_data!E1546,0) -> 7 | G34: =IFERROR(aurora_data!F1446+aurora_data!F1546,0) -> 14 | H34: =IFERROR(aurora_data!G1446+aurora_data!G1546,0) -> 24 | I34: =IFERROR(aurora_data!H1446+aurora_data!H1546,0) -> 0 | J34: =IFERROR(aurora_data!I1446+aurora_data!I1546,0) -> 2 | K34: =IFERROR(aurora_data!J1446+aurora_data!J1546,0) -> 7 | L34: =IFERROR(aurora_data!K1446+aurora_data!K1546,0) -> 8 | ... U34: =IFERROR(aurora_data!T1446+aurora_data!T1546,0) -> 0 | W34: =IFERROR(aurora_data!U1446+aurora_data!U1546,0) -> 45 | X34: =IFERROR(W34/$W$28,0) -> 1.125
D35: Selected | E35: =IFERROR(aurora_data!D1447+aurora_data!D1547,0) -> 0 | F35: =IFERROR(aurora_data!E1447+aurora_data!E1547,0) -> 0 | G35: =IFERROR(aurora_data!F1447+aurora_data!F1547,0) -> 0 | H35: =IFERROR(aurora_data!G1447+aurora_data!G1547,0) -> 0 | I35: =IFERROR(aurora_data!H1447+aurora_data!H1547,0) -> 0 | J35: =IFERROR(aurora_data!I1447+aurora_data!I1547,0) -> 0 | K35: =IFERROR(aurora_data!J1447+aurora_data!J1547,0) -> 0 | L35: =IFERROR(aurora_data!K1447+aurora_data!K1547,0) -> 0 | ... U35: =IFERROR(aurora_data!T1447+aurora_data!T1547,0) -> 0 | W35: =IFERROR(aurora_data!U1447+aurora_data!U1547,0) -> 0 | X35: =IFERROR(W35/$W$28,0) -> 0

Sheet OSEP_ID
A1: Total Assigments below Target | D1: Study Information | N1: Additional Information
A2: Usable greater/equal to target | D2: =_xlfn.CONCAT("Study Name: "," CELF-6 RF1 & 2 OSEP Intellectual Disability (Age 5-21)") -> Study Name: CELF-6 RF1 & 2 OSEP Intellectual Disability (Age 5-21) | K2: Usable = case is available to Psychometrics for this study In Process = questionable, In Process Assigned Not Recd = Tests assigned to examiners, no tests received (required tests) Reserved not Received = Tests in reserved status, not received Total Assignments = sum of Usable, Received Non Final, Assigned Partial Received, Assigned Not Received Selected = default status for making an assignment
D3: =_xlfn.CONCAT("Study Acronym: "," OSEP_ID_RF1/OSEP_ID_RF2") -> Study Acronym: OSEP_ID_RF1/OSEP_ID_RF2 | F3: Study ID: 3748 & 3749
D5: Additional Requirements
D6: None
B8: =_xlfn.CONCAT("Last Refreshed at: ",aurora_data!V832) -> Last Refreshed at: 08/06/2026 @ 7:19 AM | E8: Demographic Variables | W8: Totals
D9: Variance Tolerance: | E9: some of each, if possible | J9: some of each, if possible | O9: some of each, if possible | S9: some of each, if possible
B10: Status | E10: Education Level | J10: Ethnicity | O10: Region | S10: SEX
C11: ageband | D11: report | E11: 1 | F11: 2 | G11: 3 | H11: 4 | I11: 5 | J11: AS | K11: BL | L11: HI | M11: OTH | N11: WH | O11: MW | P11: NE | Q11: SO | R11: WE | S11: F | T11: M | U11: INT
B12: Open | C12: =aurora_data!A832 -> 05.00.00-08.11.30 | D12: Target | E12: =IFERROR(aurora_data!D832,0) -> 0 | F12: =IFERROR(aurora_data!E832,0) -> 0 | G12: =IFERROR(aurora_data!F832,0) -> 0 | H12: =IFERROR(aurora_data!G832,0) -> 0 | I12: =IFERROR(aurora_data!H832,0) -> 0 | J12: =IFERROR(aurora_data!I832,0) -> 0 | K12: =IFERROR(aurora_data!J832,0) -> 0 | L12: =IFERROR(aurora_data!K832,0) -> 0 | ... U12: =IFERROR(aurora_data!T832,0) -> 0 | W12: =IFERROR(aurora_data!U832,0) -> 5 | X12: =IFERROR(W12/$W$12,0) -> 1
D13: Usable | E13: =IFERROR(aurora_data!D833,0) -> 0 | F13: =IFERROR(aurora_data!E833,0) -> 0 | G13: =IFERROR(aurora_data!F833,0) -> 2 | H13: =IFERROR(aurora_data!G833,0) -> 0 | I13: =IFERROR(aurora_data!H833,0) -> 0 | J13: =IFERROR(aurora_data!I833,0) -> 0 | K13: =IFERROR(aurora_data!J833,0) -> 2 | L13: =IFERROR(aurora_data!K833,0) -> 0 | ... U13: =IFERROR(aurora_data!T833,0) -> 0 | W13: =IFERROR(aurora_data!U833,0) -> 2 | X13: =IFERROR(W13/$W$12,0) -> 0.4
D14: Stratified Out Usable N | E14: =IFERROR(aurora_data!D834,0) -> 0 | F14: =IFERROR(aurora_data!E834,0) -> 0 | G14: =IFERROR(aurora_data!F834,0) -> 0 | H14: =IFERROR(aurora_data!G834,0) -> 0 | I14: =IFERROR(aurora_data!H834,0) -> 0 | J14: =IFERROR(aurora_data!I834,0) -> 0 | K14: =IFERROR(aurora_data!J834,0) -> 0 | L14: =IFERROR(aurora_data!K834,0) -> 0 | ... U14: =IFERROR(aurora_data!T834,0) -> 0 | W14: =IFERROR(aurora_data!U834,0) -> 0 | X14: =IFERROR(W14/$W$12,0) -> 0
D15: In Process | E15: =IFERROR(aurora_data!D835,0) -> 0 | F15: =IFERROR(aurora_data!E835,0) -> 0 | G15: =IFERROR(aurora_data!F835,0) -> 0 | H15: =IFERROR(aurora_data!G835,0) -> 0 | I15: =IFERROR(aurora_data!H835,0) -> 0 | J15: =IFERROR(aurora_data!I835,0) -> 0 | K15: =IFERROR(aurora_data!J835,0) -> 0 | L15: =IFERROR(aurora_data!K835,0) -> 0 | ... U15: =IFERROR(aurora_data!T835,0) -> 0 | W15: =IFERROR(aurora_data!U835,0) -> 0 | X15: =IFERROR(W15/$W$12,0) -> 0
D16: Assigned Not Received | E16: =IFERROR(aurora_data!D836,0) -> 0 | F16: =IFERROR(aurora_data!E836,0) -> 0 | G16: =IFERROR(aurora_data!F836,0) -> 0 | H16: =IFERROR(aurora_data!G836,0) -> 0 | I16: =IFERROR(aurora_data!H836,0) -> 0 | J16: =IFERROR(aurora_data!I836,0) -> 0 | K16: =IFERROR(aurora_data!J836,0) -> 0 | L16: =IFERROR(aurora_data!K836,0) -> 0 | ... U16: =IFERROR(aurora_data!T836,0) -> 0 | W16: =IFERROR(aurora_data!U836,0) -> 0 | X16: =IFERROR(W16/$W$12,0) -> 0
D17: Reserved Not Received | E17: =IFERROR(aurora_data!D837,0) -> 0 | F17: =IFERROR(aurora_data!E837,0) -> 0 | G17: =IFERROR(aurora_data!F837,0) -> 0 | H17: =IFERROR(aurora_data!G837,0) -> 0 | I17: =IFERROR(aurora_data!H837,0) -> 0 | J17: =IFERROR(aurora_data!I837,0) -> 0 | K17: =IFERROR(aurora_data!J837,0) -> 0 | L17: =IFERROR(aurora_data!K837,0) -> 0 | ... U17: =IFERROR(aurora_data!T837,0) -> 0 | W17: =IFERROR(aurora_data!U837,0) -> 0 | X17: =IFERROR(W17/$W$12,0) -> 0
D18: Total Assignments | E18: =IFERROR(aurora_data!D838,0) -> 0 | F18: =IFERROR(aurora_data!E838,0) -> 0 | G18: =IFERROR(aurora_data!F838,0) -> 2 | H18: =IFERROR(aurora_data!G838,0) -> 0 | I18: =IFERROR(aurora_data!H838,0) -> 0 | J18: =IFERROR(aurora_data!I838,0) -> 0 | K18: =IFERROR(aurora_data!J838,0) -> 2 | L18: =IFERROR(aurora_data!K838,0) -> 0 | ... U18: =IFERROR(aurora_data!T838,0) -> 0 | W18: =IFERROR(aurora_data!U838,0) -> 2 | X18: =IFERROR(W18/$W$12,0) -> 0.4
D19: Selected | E19: =IFERROR(aurora_data!D839,0) -> 0 | F19: =IFERROR(aurora_data!E839,0) -> 0 | G19: =IFERROR(aurora_data!F839,0) -> 0 | H19: =IFERROR(aurora_data!G839,0) -> 0 | I19: =IFERROR(aurora_data!H839,0) -> 0 | J19: =IFERROR(aurora_data!I839,0) -> 0 | K19: =IFERROR(aurora_data!J839,0) -> 0 | L19: =IFERROR(aurora_data!K839,0) -> 0 | ... U19: =IFERROR(aurora_data!T839,0) -> 0 | W19: =IFERROR(aurora_data!U839,0) -> 0 | X19: =IFERROR(W19/$W$12,0) -> 0
B20: Open | C20: =aurora_data!A932 -> 09.00.00-21.11.30 | D20: Target | E20: =IFERROR(aurora_data!D932,0) -> 0 | F20: =IFERROR(aurora_data!E932,0) -> 0 | G20: =IFERROR(aurora_data!F932,0) -> 0 | H20: =IFERROR(aurora_data!G932,0) -> 0 | I20: =IFERROR(aurora_data!H932,0) -> 0 | J20: =IFERROR(aurora_data!I932,0) -> 0 | K20: =IFERROR(aurora_data!J932,0) -> 0 | L20: =IFERROR(aurora_data!K932,0) -> 0 | ... U20: =IFERROR(aurora_data!T932,0) -> 0 | W20: =IFERROR(aurora_data!U932,0) -> 7 | X20: =IFERROR(W20/$W$20,0) -> 1
D21: Usable | E21: =IFERROR(aurora_data!D933,0) -> 2 | F21: =IFERROR(aurora_data!E933,0) -> 1 | G21: =IFERROR(aurora_data!F933,0) -> 1 | H21: =IFERROR(aurora_data!G933,0) -> 0 | I21: =IFERROR(aurora_data!H933,0) -> 0 | J21: =IFERROR(aurora_data!I933,0) -> 0 | K21: =IFERROR(aurora_data!J933,0) -> 1 | L21: =IFERROR(aurora_data!K933,0) -> 0 | ... U21: =IFERROR(aurora_data!T933,0) -> 0 | W21: =IFERROR(aurora_data!U933,0) -> 4 | X21: =IFERROR(W21/$W$20,0) -> 0.57142857
D22: Stratified Out Usable N | E22: =IFERROR(aurora_data!D934,0) -> 0 | F22: =IFERROR(aurora_data!E934,0) -> 0 | G22: =IFERROR(aurora_data!F934,0) -> 0 | H22: =IFERROR(aurora_data!G934,0) -> 0 | I22: =IFERROR(aurora_data!H934,0) -> 0 | J22: =IFERROR(aurora_data!I934,0) -> 0 | K22: =IFERROR(aurora_data!J934,0) -> 0 | L22: =IFERROR(aurora_data!K934,0) -> 0 | ... U22: =IFERROR(aurora_data!T934,0) -> 0 | W22: =IFERROR(aurora_data!U934,0) -> 0 | X22: =IFERROR(W22/$W$20,0) -> 0
D23: In Process | E23: =IFERROR(aurora_data!D935,0) -> 0 | F23: =IFERROR(aurora_data!E935,0) -> 0 | G23: =IFERROR(aurora_data!F935,0) -> 0 | H23: =IFERROR(aurora_data!G935,0) -> 0 | I23: =IFERROR(aurora_data!H935,0) -> 0 | J23: =IFERROR(aurora_data!I935,0) -> 0 | K23: =IFERROR(aurora_data!J935,0) -> 0 | L23: =IFERROR(aurora_data!K935,0) -> 0 | ... U23: =IFERROR(aurora_data!T935,0) -> 0 | W23: =IFERROR(aurora_data!U935,0) -> 0 | X23: =IFERROR(W23/$W$20,0) -> 0
D24: Assigned Not Received | E24: =IFERROR(aurora_data!D936,0) -> 0 | F24: =IFERROR(aurora_data!E936,0) -> 0 | G24: =IFERROR(aurora_data!F936,0) -> 0 | H24: =IFERROR(aurora_data!G936,0) -> 0 | I24: =IFERROR(aurora_data!H936,0) -> 0 | J24: =IFERROR(aurora_data!I936,0) -> 0 | K24: =IFERROR(aurora_data!J936,0) -> 0 | L24: =IFERROR(aurora_data!K936,0) -> 0 | ... U24: =IFERROR(aurora_data!T936,0) -> 0 | W24: =IFERROR(aurora_data!U936,0) -> 0 | X24: =IFERROR(W24/$W$20,0) -> 0
D25: Reserved Not Received | E25: =IFERROR(aurora_data!D937,0) -> 0 | F25: =IFERROR(aurora_data!E937,0) -> 0 | G25: =IFERROR(aurora_data!F937,0) -> 0 | H25: =IFERROR(aurora_data!G937,0) -> 0 | I25: =IFERROR(aurora_data!H937,0) -> 0 | J25: =IFERROR(aurora_data!I937,0) -> 0 | K25: =IFERROR(aurora_data!J937,0) -> 0 | L25: =IFERROR(aurora_data!K937,0) -> 0 | ... U25: =IFERROR(aurora_data!T937,0) -> 0 | W25: =IFERROR(aurora_data!U937,0) -> 0 | X25: =IFERROR(W25/$W$20,0) -> 0
D26: Total Assignments | E26: =IFERROR(aurora_data!D938,0) -> 2 | F26: =IFERROR(aurora_data!E938,0) -> 1 | G26: =IFERROR(aurora_data!F938,0) -> 1 | H26: =IFERROR(aurora_data!G938,0) -> 0 | I26: =IFERROR(aurora_data!H938,0) -> 0 | J26: =IFERROR(aurora_data!I938,0) -> 0 | K26: =IFERROR(aurora_data!J938,0) -> 1 | L26: =IFERROR(aurora_data!K938,0) -> 0 | ... U26: =IFERROR(aurora_data!T938,0) -> 0 | W26: =IFERROR(aurora_data!U938,0) -> 4 | X26: =IFERROR(W26/$W$20,0) -> 0.57142857
D27: Selected | E27: =IFERROR(aurora_data!D939,0) -> 0 | F27: =IFERROR(aurora_data!E939,0) -> 0 | G27: =IFERROR(aurora_data!F939,0) -> 0 | H27: =IFERROR(aurora_data!G939,0) -> 0 | I27: =IFERROR(aurora_data!H939,0) -> 0 | J27: =IFERROR(aurora_data!I939,0) -> 0 | K27: =IFERROR(aurora_data!J939,0) -> 0 | L27: =IFERROR(aurora_data!K939,0) -> 0 | ... U27: =IFERROR(aurora_data!T939,0) -> 0 | W27: =IFERROR(aurora_data!U939,0) -> 0 | X27: =IFERROR(W27/$W$20,0) -> 0
B28: Open | C28: Total | D28: Target | E28: =IFERROR(aurora_data!D840+aurora_data!D940,0) -> 0 | F28: =IFERROR(aurora_data!E840+aurora_data!E940,0) -> 0 | G28: =IFERROR(aurora_data!F840+aurora_data!F940,0) -> 0 | H28: =IFERROR(aurora_data!G840+aurora_data!G940,0) -> 0 | I28: =IFERROR(aurora_data!H840+aurora_data!H940,0) -> 0 | J28: =IFERROR(aurora_data!I840+aurora_data!I940,0) -> 0 | K28: =IFERROR(aurora_data!J840+aurora_data!J940,0) -> 0 | L28: =IFERROR(aurora_data!K840+aurora_data!K940,0) -> 0 | ... U28: =IFERROR(aurora_data!T840+aurora_data!T940,0) -> 0 | W28: =IFERROR(aurora_data!U840+aurora_data!U940,0) -> 12 | X28: =IFERROR(W28/$W$28,0) -> 1
D29: Usable | E29: =IFERROR(aurora_data!D841+aurora_data!D941,0) -> 2 | F29: =IFERROR(aurora_data!E841+aurora_data!E941,0) -> 1 | G29: =IFERROR(aurora_data!F841+aurora_data!F941,0) -> 3 | H29: =IFERROR(aurora_data!G841+aurora_data!G941,0) -> 0 | I29: =IFERROR(aurora_data!H841+aurora_data!H941,0) -> 0 | J29: =IFERROR(aurora_data!I841+aurora_data!I941,0) -> 0 | K29: =IFERROR(aurora_data!J841+aurora_data!J941,0) -> 3 | L29: =IFERROR(aurora_data!K841+aurora_data!K941,0) -> 0 | ... U29: =IFERROR(aurora_data!T841+aurora_data!T941,0) -> 0 | W29: =IFERROR(aurora_data!U841+aurora_data!U941,0) -> 6 | X29: =IFERROR(W29/$W$28,0) -> 0.5
D30: Stratified Out Usable N | E30: =IFERROR(aurora_data!D842+aurora_data!D942,0) -> 0 | F30: =IFERROR(aurora_data!E842+aurora_data!E942,0) -> 0 | G30: =IFERROR(aurora_data!F842+aurora_data!F942,0) -> 0 | H30: =IFERROR(aurora_data!G842+aurora_data!G942,0) -> 0 | I30: =IFERROR(aurora_data!H842+aurora_data!H942,0) -> 0 | J30: =IFERROR(aurora_data!I842+aurora_data!I942,0) -> 0 | K30: =IFERROR(aurora_data!J842+aurora_data!J942,0) -> 0 | L30: =IFERROR(aurora_data!K842+aurora_data!K942,0) -> 0 | ... U30: =IFERROR(aurora_data!T842+aurora_data!T942,0) -> 0 | W30: =IFERROR(aurora_data!U842+aurora_data!U942,0) -> 0 | X30: =IFERROR(W30/$W$28,0) -> 0
D31: In Process | E31: =IFERROR(aurora_data!D843+aurora_data!D943,0) -> 0 | F31: =IFERROR(aurora_data!E843+aurora_data!E943,0) -> 0 | G31: =IFERROR(aurora_data!F843+aurora_data!F943,0) -> 0 | H31: =IFERROR(aurora_data!G843+aurora_data!G943,0) -> 0 | I31: =IFERROR(aurora_data!H843+aurora_data!H943,0) -> 0 | J31: =IFERROR(aurora_data!I843+aurora_data!I943,0) -> 0 | K31: =IFERROR(aurora_data!J843+aurora_data!J943,0) -> 0 | L31: =IFERROR(aurora_data!K843+aurora_data!K943,0) -> 0 | ... U31: =IFERROR(aurora_data!T843+aurora_data!T943,0) -> 0 | W31: =IFERROR(aurora_data!U843+aurora_data!U943,0) -> 0 | X31: =IFERROR(W31/$W$28,0) -> 0
D32: Assigned Not Received | E32: =IFERROR(aurora_data!D844+aurora_data!D944,0) -> 0 | F32: =IFERROR(aurora_data!E844+aurora_data!E944,0) -> 0 | G32: =IFERROR(aurora_data!F844+aurora_data!F944,0) -> 0 | H32: =IFERROR(aurora_data!G844+aurora_data!G944,0) -> 0 | I32: =IFERROR(aurora_data!H844+aurora_data!H944,0) -> 0 | J32: =IFERROR(aurora_data!I844+aurora_data!I944,0) -> 0 | K32: =IFERROR(aurora_data!J844+aurora_data!J944,0) -> 0 | L32: =IFERROR(aurora_data!K844+aurora_data!K944,0) -> 0 | ... U32: =IFERROR(aurora_data!T844+aurora_data!T944,0) -> 0 | W32: =IFERROR(aurora_data!U844+aurora_data!U944,0) -> 0 | X32: =IFERROR(W32/$W$28,0) -> 0
D33: Reserved Not Received | E33: =IFERROR(aurora_data!D845+aurora_data!D945,0) -> 0 | F33: =IFERROR(aurora_data!E845+aurora_data!E945,0) -> 0 | G33: =IFERROR(aurora_data!F845+aurora_data!F945,0) -> 0 | H33: =IFERROR(aurora_data!G845+aurora_data!G945,0) -> 0 | I33: =IFERROR(aurora_data!H845+aurora_data!H945,0) -> 0 | J33: =IFERROR(aurora_data!I845+aurora_data!I945,0) -> 0 | K33: =IFERROR(aurora_data!J845+aurora_data!J945,0) -> 0 | L33: =IFERROR(aurora_data!K845+aurora_data!K945,0) -> 0 | ... U33: =IFERROR(aurora_data!T845+aurora_data!T945,0) -> 0 | W33: =IFERROR(aurora_data!U845+aurora_data!U945,0) -> 0 | X33: =IFERROR(W33/$W$28,0) -> 0
D34: Total Assignments | E34: =IFERROR(aurora_data!D846+aurora_data!D946,0) -> 2 | F34: =IFERROR(aurora_data!E846+aurora_data!E946,0) -> 1 | G34: =IFERROR(aurora_data!F846+aurora_data!F946,0) -> 3 | H34: =IFERROR(aurora_data!G846+aurora_data!G946,0) -> 0 | I34: =IFERROR(aurora_data!H846+aurora_data!H946,0) -> 0 | J34: =IFERROR(aurora_data!I846+aurora_data!I946,0) -> 0 | K34: =IFERROR(aurora_data!J846+aurora_data!J946,0) -> 3 | L34: =IFERROR(aurora_data!K846+aurora_data!K946,0) -> 0 | ... U34: =IFERROR(aurora_data!T846+aurora_data!T946,0) -> 0 | W34: =IFERROR(aurora_data!U846+aurora_data!U946,0) -> 6 | X34: =IFERROR(W34/$W$28,0) -> 0.5
D35: Selected | E35: =IFERROR(aurora_data!D847+aurora_data!D947,0) -> 0 | F35: =IFERROR(aurora_data!E847+aurora_data!E947,0) -> 0 | G35: =IFERROR(aurora_data!F847+aurora_data!F947,0) -> 0 | H35: =IFERROR(aurora_data!G847+aurora_data!G947,0) -> 0 | I35: =IFERROR(aurora_data!H847+aurora_data!H947,0) -> 0 | J35: =IFERROR(aurora_data!I847+aurora_data!I947,0) -> 0 | K35: =IFERROR(aurora_data!J847+aurora_data!J947,0) -> 0 | L35: =IFERROR(aurora_data!K847+aurora_data!K947,0) -> 0 | ... U35: =IFERROR(aurora_data!T847+aurora_data!T947,0) -> 0 | W35: =IFERROR(aurora_data!U847+aurora_data!U947,0) -> 0 | X35: =IFERROR(W35/$W$28,0) -> 0

Sheet OSEP_ADHD
A1: Total Assigments below Target | D1: Study Information | N1: Additional Information
A2: Usable greater/equal to target | D2: =_xlfn.CONCAT("Study Name: "," CELF-6 RF1 & 2 OSEP ADHD (Age 5-17)") -> Study Name: CELF-6 RF1 & 2 OSEP ADHD (Age 5-17) | K2: Usable = case is available to Psychometrics for this study In Process = questionable, In Process Assigned Not Recd = Tests assigned to examiners, no tests received (required tests) Reserved not Received = Tests in reserved status, not received Total Assignments = sum of Usable, Received Non Final, Assigned Partial Received, Assigned Not Received Selected = default status for making an assignment
D3: =_xlfn.CONCAT("Study Acronym: "," OSEP_ADHD_RF1/OSEP_ADHD_RF2") -> Study Acronym: OSEP_ADHD_RF1/OSEP_ADHD_RF2 | F3: Study ID: 3750 & 3751
D5: Additional Requirements
D6: Age 5: n=4 Ages 6-11: n=70 Ages 12-17: n=74
B8: =_xlfn.CONCAT("Last Refreshed at: ",aurora_data!V1032) -> Last Refreshed at: 08/06/2026 @ 7:19 AM | E8: Demographic Variables | W8: Totals
D9: Variance Tolerance: | E9: some of each, if possible | J9: some of each, if possible | O9: some of each, if possible | S9: some of each, if possible
B10: Status | E10: Education Level | J10: Ethnicity | O10: Region | S10: SEX
C11: ageband | D11: report | E11: 1 | F11: 2 | G11: 3 | H11: 4 | I11: 5 | J11: AS | K11: BL | L11: HI | M11: OTH | N11: WH | O11: MW | P11: NE | Q11: SO | R11: WE | S11: F | T11: M | U11: INT
B12: Open | C12: =aurora_data!A1032 -> 05.00.00-08.11.30 | D12: Target | E12: =IFERROR(aurora_data!D1032,0) -> 0 | F12: =IFERROR(aurora_data!E1032,0) -> 0 | G12: =IFERROR(aurora_data!F1032,0) -> 0 | H12: =IFERROR(aurora_data!G1032,0) -> 0 | I12: =IFERROR(aurora_data!H1032,0) -> 0 | J12: =IFERROR(aurora_data!I1032,0) -> 0 | K12: =IFERROR(aurora_data!J1032,0) -> 0 | L12: =IFERROR(aurora_data!K1032,0) -> 0 | ... U12: =IFERROR(aurora_data!T1032,0) -> 0 | W12: =IFERROR(aurora_data!U1032,0) -> 35 | X12: =IFERROR(W12/$W$12,0) -> 1
D13: Usable | E13: =IFERROR(aurora_data!D1033,0) -> 3 | F13: =IFERROR(aurora_data!E1033,0) -> 5 | G13: =IFERROR(aurora_data!F1033,0) -> 3 | H13: =IFERROR(aurora_data!G1033,0) -> 3 | I13: =IFERROR(aurora_data!H1033,0) -> 0 | J13: =IFERROR(aurora_data!I1033,0) -> 1 | K13: =IFERROR(aurora_data!J1033,0) -> 3 | L13: =IFERROR(aurora_data!K1033,0) -> 2 | ... U13: =IFERROR(aurora_data!T1033,0) -> 0 | W13: =IFERROR(aurora_data!U1033,0) -> 14 | X13: =IFERROR(W13/$W$12,0) -> 0.4
D14: Stratified Out Usable N | E14: =IFERROR(aurora_data!D1034,0) -> 0 | F14: =IFERROR(aurora_data!E1034,0) -> 0 | G14: =IFERROR(aurora_data!F1034,0) -> 0 | H14: =IFERROR(aurora_data!G1034,0) -> 0 | I14: =IFERROR(aurora_data!H1034,0) -> 0 | J14: =IFERROR(aurora_data!I1034,0) -> 0 | K14: =IFERROR(aurora_data!J1034,0) -> 0 | L14: =IFERROR(aurora_data!K1034,0) -> 0 | ... U14: =IFERROR(aurora_data!T1034,0) -> 0 | W14: =IFERROR(aurora_data!U1034,0) -> 0 | X14: =IFERROR(W14/$W$12,0) -> 0
D15: In Process | E15: =IFERROR(aurora_data!D1035,0) -> 0 | F15: =IFERROR(aurora_data!E1035,0) -> 0 | G15: =IFERROR(aurora_data!F1035,0) -> 0 | H15: =IFERROR(aurora_data!G1035,0) -> 0 | I15: =IFERROR(aurora_data!H1035,0) -> 0 | J15: =IFERROR(aurora_data!I1035,0) -> 0 | K15: =IFERROR(aurora_data!J1035,0) -> 0 | L15: =IFERROR(aurora_data!K1035,0) -> 0 | ... U15: =IFERROR(aurora_data!T1035,0) -> 0 | W15: =IFERROR(aurora_data!U1035,0) -> 0 | X15: =IFERROR(W15/$W$12,0) -> 0
D16: Assigned Not Received | E16: =IFERROR(aurora_data!D1036,0) -> 0 | F16: =IFERROR(aurora_data!E1036,0) -> 0 | G16: =IFERROR(aurora_data!F1036,0) -> 0 | H16: =IFERROR(aurora_data!G1036,0) -> 0 | I16: =IFERROR(aurora_data!H1036,0) -> 0 | J16: =IFERROR(aurora_data!I1036,0) -> 0 | K16: =IFERROR(aurora_data!J1036,0) -> 0 | L16: =IFERROR(aurora_data!K1036,0) -> 0 | ... U16: =IFERROR(aurora_data!T1036,0) -> 0 | W16: =IFERROR(aurora_data!U1036,0) -> 0 | X16: =IFERROR(W16/$W$12,0) -> 0
D17: Reserved Not Received | E17: =IFERROR(aurora_data!D1037,0) -> 0 | F17: =IFERROR(aurora_data!E1037,0) -> 0 | G17: =IFERROR(aurora_data!F1037,0) -> 0 | H17: =IFERROR(aurora_data!G1037,0) -> 0 | I17: =IFERROR(aurora_data!H1037,0) -> 0 | J17: =IFERROR(aurora_data!I1037,0) -> 0 | K17: =IFERROR(aurora_data!J1037,0) -> 0 | L17: =IFERROR(aurora_data!K1037,0) -> 0 | ... U17: =IFERROR(aurora_data!T1037,0) -> 0 | W17: =IFERROR(aurora_data!U1037,0) -> 0 | X17: =IFERROR(W17/$W$12,0) -> 0
D18: Total Assignments | E18: =IFERROR(aurora_data!D1038,0) -> 3 | F18: =IFERROR(aurora_data!E1038,0) -> 5 | G18: =IFERROR(aurora_data!F1038,0) -> 3 | H18: =IFERROR(aurora_data!G1038,0) -> 3 | I18: =IFERROR(aurora_data!H1038,0) -> 0 | J18: =IFERROR(aurora_data!I1038,0) -> 1 | K18: =IFERROR(aurora_data!J1038,0) -> 3 | L18: =IFERROR(aurora_data!K1038,0) -> 2 | ... U18: =IFERROR(aurora_data!T1038,0) -> 0 | W18: =IFERROR(aurora_data!U1038,0) -> 14 | X18: =IFERROR(W18/$W$12,0) -> 0.4
D19: Selected | E19: =IFERROR(aurora_data!D1039,0) -> 0 | F19: =IFERROR(aurora_data!E1039,0) -> 0 | G19: =IFERROR(aurora_data!F1039,0) -> 0 | H19: =IFERROR(aurora_data!G1039,0) -> 0 | I19: =IFERROR(aurora_data!H1039,0) -> 0 | J19: =IFERROR(aurora_data!I1039,0) -> 0 | K19: =IFERROR(aurora_data!J1039,0) -> 0 | L19: =IFERROR(aurora_data!K1039,0) -> 0 | ... U19: =IFERROR(aurora_data!T1039,0) -> 0 | W19: =IFERROR(aurora_data!U1039,0) -> 0 | X19: =IFERROR(W19/$W$12,0) -> 0
B20: Open | C20: =aurora_data!A1132 -> 09.00.00-17.11.30 | D20: Target | E20: =IFERROR(aurora_data!D1132,0) -> 0 | F20: =IFERROR(aurora_data!E1132,0) -> 0 | G20: =IFERROR(aurora_data!F1132,0) -> 0 | H20: =IFERROR(aurora_data!G1132,0) -> 0 | I20: =IFERROR(aurora_data!H1132,0) -> 0 | J20: =IFERROR(aurora_data!I1132,0) -> 0 | K20: =IFERROR(aurora_data!J1132,0) -> 0 | L20: =IFERROR(aurora_data!K1132,0) -> 0 | ... U20: =IFERROR(aurora_data!T1132,0) -> 0 | W20: =IFERROR(aurora_data!U1132,0) -> 113 | X20: =IFERROR(W20/$W$20,0) -> 1
D21: Usable | E21: =IFERROR(aurora_data!D1133,0) -> 2 | F21: =IFERROR(aurora_data!E1133,0) -> 6 | G21: =IFERROR(aurora_data!F1133,0) -> 7 | H21: =IFERROR(aurora_data!G1133,0) -> 6 | I21: =IFERROR(aurora_data!H1133,0) -> 0 | J21: =IFERROR(aurora_data!I1133,0) -> 0 | K21: =IFERROR(aurora_data!J1133,0) -> 2 | L21: =IFERROR(aurora_data!K1133,0) -> 0 | ... U21: =IFERROR(aurora_data!T1133,0) -> 0 | W21: =IFERROR(aurora_data!U1133,0) -> 21 | X21: =IFERROR(W21/$W$20,0) -> 0.18584071
D22: Stratified Out Usable N | E22: =IFERROR(aurora_data!D1134,0) -> 0 | F22: =IFERROR(aurora_data!E1134,0) -> 0 | G22: =IFERROR(aurora_data!F1134,0) -> 0 | H22: =IFERROR(aurora_data!G1134,0) -> 0 | I22: =IFERROR(aurora_data!H1134,0) -> 0 | J22: =IFERROR(aurora_data!I1134,0) -> 0 | K22: =IFERROR(aurora_data!J1134,0) -> 0 | L22: =IFERROR(aurora_data!K1134,0) -> 0 | ... U22: =IFERROR(aurora_data!T1134,0) -> 0 | W22: =IFERROR(aurora_data!U1134,0) -> 0 | X22: =IFERROR(W22/$W$20,0) -> 0
D23: In Process | E23: =IFERROR(aurora_data!D1135,0) -> 0 | F23: =IFERROR(aurora_data!E1135,0) -> 0 | G23: =IFERROR(aurora_data!F1135,0) -> 0 | H23: =IFERROR(aurora_data!G1135,0) -> 0 | I23: =IFERROR(aurora_data!H1135,0) -> 0 | J23: =IFERROR(aurora_data!I1135,0) -> 0 | K23: =IFERROR(aurora_data!J1135,0) -> 0 | L23: =IFERROR(aurora_data!K1135,0) -> 0 | ... U23: =IFERROR(aurora_data!T1135,0) -> 0 | W23: =IFERROR(aurora_data!U1135,0) -> 0 | X23: =IFERROR(W23/$W$20,0) -> 0
D24: Assigned Not Received | E24: =IFERROR(aurora_data!D1136,0) -> 0 | F24: =IFERROR(aurora_data!E1136,0) -> 0 | G24: =IFERROR(aurora_data!F1136,0) -> 0 | H24: =IFERROR(aurora_data!G1136,0) -> 0 | I24: =IFERROR(aurora_data!H1136,0) -> 0 | J24: =IFERROR(aurora_data!I1136,0) -> 0 | K24: =IFERROR(aurora_data!J1136,0) -> 0 | L24: =IFERROR(aurora_data!K1136,0) -> 0 | ... U24: =IFERROR(aurora_data!T1136,0) -> 0 | W24: =IFERROR(aurora_data!U1136,0) -> 0 | X24: =IFERROR(W24/$W$20,0) -> 0
D25: Reserved Not Received | E25: =IFERROR(aurora_data!D1137,0) -> 0 | F25: =IFERROR(aurora_data!E1137,0) -> 0 | G25: =IFERROR(aurora_data!F1137,0) -> 0 | H25: =IFERROR(aurora_data!G1137,0) -> 0 | I25: =IFERROR(aurora_data!H1137,0) -> 0 | J25: =IFERROR(aurora_data!I1137,0) -> 0 | K25: =IFERROR(aurora_data!J1137,0) -> 0 | L25: =IFERROR(aurora_data!K1137,0) -> 0 | ... U25: =IFERROR(aurora_data!T1137,0) -> 0 | W25: =IFERROR(aurora_data!U1137,0) -> 0 | X25: =IFERROR(W25/$W$20,0) -> 0
D26: Total Assignments | E26: =IFERROR(aurora_data!D1138,0) -> 2 | F26: =IFERROR(aurora_data!E1138,0) -> 6 | G26: =IFERROR(aurora_data!F1138,0) -> 7 | H26: =IFERROR(aurora_data!G1138,0) -> 6 | I26: =IFERROR(aurora_data!H1138,0) -> 0 | J26: =IFERROR(aurora_data!I1138,0) -> 0 | K26: =IFERROR(aurora_data!J1138,0) -> 2 | L26: =IFERROR(aurora_data!K1138,0) -> 0 | ... U26: =IFERROR(aurora_data!T1138,0) -> 0 | W26: =IFERROR(aurora_data!U1138,0) -> 21 | X26: =IFERROR(W26/$W$20,0) -> 0.18584071
D27: Selected | E27: =IFERROR(aurora_data!D1139,0) -> 0 | F27: =IFERROR(aurora_data!E1139,0) -> 0 | G27: =IFERROR(aurora_data!F1139,0) -> 0 | H27: =IFERROR(aurora_data!G1139,0) -> 0 | I27: =IFERROR(aurora_data!H1139,0) -> 0 | J27: =IFERROR(aurora_data!I1139,0) -> 0 | K27: =IFERROR(aurora_data!J1139,0) -> 0 | L27: =IFERROR(aurora_data!K1139,0) -> 0 | ... U27: =IFERROR(aurora_data!T1139,0) -> 0 | W27: =IFERROR(aurora_data!U1139,0) -> 0 | X27: =IFERROR(W27/$W$20,0) -> 0
B28: Open | C28: Total | D28: Target | E28: =IFERROR(aurora_data!D1040+aurora_data!D1140,0) -> 0 | F28: =IFERROR(aurora_data!E1040+aurora_data!E1140,0) -> 0 | G28: =IFERROR(aurora_data!F1040+aurora_data!F1140,0) -> 0 | H28: =IFERROR(aurora_data!G1040+aurora_data!G1140,0) -> 0 | I28: =IFERROR(aurora_data!H1040+aurora_data!H1140,0) -> 0 | J28: =IFERROR(aurora_data!I1040+aurora_data!I1140,0) -> 0 | K28: =IFERROR(aurora_data!J1040+aurora_data!J1140,0) -> 0 | L28: =IFERROR(aurora_data!K1040+aurora_data!K1140,0) -> 0 | ... U28: =IFERROR(aurora_data!T1040+aurora_data!T1140,0) -> 0 | W28: =IFERROR(aurora_data!U1040+aurora_data!U1140,0) -> 148 | X28: =IFERROR(W28/$W$28,0) -> 1
D29: Usable | E29: =IFERROR(aurora_data!D1041+aurora_data!D1141,0) -> 5 | F29: =IFERROR(aurora_data!E1041+aurora_data!E1141,0) -> 11 | G29: =IFERROR(aurora_data!F1041+aurora_data!F1141,0) -> 10 | H29: =IFERROR(aurora_data!G1041+aurora_data!G1141,0) -> 9 | I29: =IFERROR(aurora_data!H1041+aurora_data!H1141,0) -> 0 | J29: =IFERROR(aurora_data!I1041+aurora_data!I1141,0) -> 1 | K29: =IFERROR(aurora_data!J1041+aurora_data!J1141,0) -> 5 | L29: =IFERROR(aurora_data!K1041+aurora_data!K1141,0) -> 2 | ... U29: =IFERROR(aurora_data!T1041+aurora_data!T1141,0) -> 0 | W29: =IFERROR(aurora_data!U1041+aurora_data!U1141,0) -> 35 | X29: =IFERROR(W29/$W$28,0) -> 0.23648649
D30: Stratified Out Usable N | E30: =IFERROR(aurora_data!D1042+aurora_data!D1142,0) -> 0 | F30: =IFERROR(aurora_data!E1042+aurora_data!E1142,0) -> 0 | G30: =IFERROR(aurora_data!F1042+aurora_data!F1142,0) -> 0 | H30: =IFERROR(aurora_data!G1042+aurora_data!G1142,0) -> 0 | I30: =IFERROR(aurora_data!H1042+aurora_data!H1142,0) -> 0 | J30: =IFERROR(aurora_data!I1042+aurora_data!I1142,0) -> 0 | K30: =IFERROR(aurora_data!J1042+aurora_data!J1142,0) -> 0 | L30: =IFERROR(aurora_data!K1042+aurora_data!K1142,0) -> 0 | ... U30: =IFERROR(aurora_data!T1042+aurora_data!T1142,0) -> 0 | W30: =IFERROR(aurora_data!U1042+aurora_data!U1142,0) -> 0 | X30: =IFERROR(W30/$W$28,0) -> 0
D31: In Process | E31: =IFERROR(aurora_data!D1043+aurora_data!D1143,0) -> 0 | F31: =IFERROR(aurora_data!E1043+aurora_data!E1143,0) -> 0 | G31: =IFERROR(aurora_data!F1043+aurora_data!F1143,0) -> 0 | H31: =IFERROR(aurora_data!G1043+aurora_data!G1143,0) -> 0 | I31: =IFERROR(aurora_data!H1043+aurora_data!H1143,0) -> 0 | J31: =IFERROR(aurora_data!I1043+aurora_data!I1143,0) -> 0 | K31: =IFERROR(aurora_data!J1043+aurora_data!J1143,0) -> 0 | L31: =IFERROR(aurora_data!K1043+aurora_data!K1143,0) -> 0 | ... U31: =IFERROR(aurora_data!T1043+aurora_data!T1143,0) -> 0 | W31: =IFERROR(aurora_data!U1043+aurora_data!U1143,0) -> 0 | X31: =IFERROR(W31/$W$28,0) -> 0
D32: Assigned Not Received | E32: =IFERROR(aurora_data!D1044+aurora_data!D1144,0) -> 0 | F32: =IFERROR(aurora_data!E1044+aurora_data!E1144,0) -> 0 | G32: =IFERROR(aurora_data!F1044+aurora_data!F1144,0) -> 0 | H32: =IFERROR(aurora_data!G1044+aurora_data!G1144,0) -> 0 | I32: =IFERROR(aurora_data!H1044+aurora_data!H1144,0) -> 0 | J32: =IFERROR(aurora_data!I1044+aurora_data!I1144,0) -> 0 | K32: =IFERROR(aurora_data!J1044+aurora_data!J1144,0) -> 0 | L32: =IFERROR(aurora_data!K1044+aurora_data!K1144,0) -> 0 | ... U32: =IFERROR(aurora_data!T1044+aurora_data!T1144,0) -> 0 | W32: =IFERROR(aurora_data!U1044+aurora_data!U1144,0) -> 0 | X32: =IFERROR(W32/$W$28,0) -> 0
D33: Reserved Not Received | E33: =IFERROR(aurora_data!D1045+aurora_data!D1145,0) -> 0 | F33: =IFERROR(aurora_data!E1045+aurora_data!E1145,0) -> 0 | G33: =IFERROR(aurora_data!F1045+aurora_data!F1145,0) -> 0 | H33: =IFERROR(aurora_data!G1045+aurora_data!G1145,0) -> 0 | I33: =IFERROR(aurora_data!H1045+aurora_data!H1145,0) -> 0 | J33: =IFERROR(aurora_data!I1045+aurora_data!I1145,0) -> 0 | K33: =IFERROR(aurora_data!J1045+aurora_data!J1145,0) -> 0 | L33: =IFERROR(aurora_data!K1045+aurora_data!K1145,0) -> 0 | ... U33: =IFERROR(aurora_data!T1045+aurora_data!T1145,0) -> 0 | W33: =IFERROR(aurora_data!U1045+aurora_data!U1145,0) -> 0 | X33: =IFERROR(W33/$W$28,0) -> 0
D34: Total Assignments | E34: =IFERROR(aurora_data!D1046+aurora_data!D1146,0) -> 5 | F34: =IFERROR(aurora_data!E1046+aurora_data!E1146,0) -> 11 | G34: =IFERROR(aurora_data!F1046+aurora_data!F1146,0) -> 10 | H34: =IFERROR(aurora_data!G1046+aurora_data!G1146,0) -> 9 | I34: =IFERROR(aurora_data!H1046+aurora_data!H1146,0) -> 0 | J34: =IFERROR(aurora_data!I1046+aurora_data!I1146,0) -> 1 | K34: =IFERROR(aurora_data!J1046+aurora_data!J1146,0) -> 5 | L34: =IFERROR(aurora_data!K1046+aurora_data!K1146,0) -> 2 | ... U34: =IFERROR(aurora_data!T1046+aurora_data!T1146,0) -> 0 | W34: =IFERROR(aurora_data!U1046+aurora_data!U1146,0) -> 35 | X34: =IFERROR(W34/$W$28,0) -> 0.23648649
D35: Selected | E35: =IFERROR(aurora_data!D1047+aurora_data!D1147,0) -> 0 | F35: =IFERROR(aurora_data!E1047+aurora_data!E1147,0) -> 0 | G35: =IFERROR(aurora_data!F1047+aurora_data!F1147,0) -> 0 | H35: =IFERROR(aurora_data!G1047+aurora_data!G1147,0) -> 0 | I35: =IFERROR(aurora_data!H1047+aurora_data!H1147,0) -> 0 | J35: =IFERROR(aurora_data!I1047+aurora_data!I1147,0) -> 0 | K35: =IFERROR(aurora_data!J1047+aurora_data!J1147,0) -> 0 | L35: =IFERROR(aurora_data!K1047+aurora_data!K1147,0) -> 0 | ... U35: =IFERROR(aurora_data!T1047+aurora_data!T1147,0) -> 0 | W35: =IFERROR(aurora_data!U1047+aurora_data!U1147,0) -> 0 | X35: =IFERROR(W35/$W$28,0) -> 0

Sheet OSEP_SLD
A1: Total Assigments below Target | D1: Study Information | N1: Additional Information
A2: Usable greater/equal to target | D2: =_xlfn.CONCAT("Study Name: "," CELF-6 RF1 & 2 OSEP Specific Learning Disability (Age 5-21)") -> Study Name: CELF-6 RF1 & 2 OSEP Specific Learning Disability (Age 5-21) | K2: Usable = case is available to Psychometrics for this study In Process = questionable, In Process Assigned Not Recd = Tests assigned to examiners, no tests received (required tests) Reserved not Received = Tests in reserved status, not received Total Assignments = sum of Usable, Received Non Final, Assigned Partial Received, Assigned Not Received Selected = default status for making an assignment
D3: =_xlfn.CONCAT("Study Acronym: "," OSEP_SLD_RF1/OSEP_SLD_RF2") -> Study Acronym: OSEP_SLD_RF1/OSEP_SLD_RF2 | F3: Study ID: 3752 & 3753
D5: Additional Requirements
D6: None
B8: =_xlfn.CONCAT("Last Refreshed at: ",aurora_data!V1232) -> Last Refreshed at: 08/06/2026 @ 7:19 AM | E8: Demographic Variables | W8: Totals
D9: Variance Tolerance: | E9: some of each, if possible | J9: some of each, if possible | O9: some of each, if possible | S9: some of each, if possible
B10: Status | E10: Education Level | J10: Ethnicity | O10: Region | S10: SEX
C11: ageband | D11: report | E11: 1 | F11: 2 | G11: 3 | H11: 4 | I11: 5 | J11: AS | K11: BL | L11: HI | M11: OTH | N11: WH | O11: MW | P11: NE | Q11: SO | R11: WE | S11: F | T11: M | U11: INT
B12: Open | C12: =aurora_data!A1232 -> 05.00.00-08.11.30 | D12: Target | E12: =IFERROR(aurora_data!D1232,0) -> 0 | F12: =IFERROR(aurora_data!E1232,0) -> 0 | G12: =IFERROR(aurora_data!F1232,0) -> 0 | H12: =IFERROR(aurora_data!G1232,0) -> 0 | I12: =IFERROR(aurora_data!H1232,0) -> 0 | J12: =IFERROR(aurora_data!I1232,0) -> 0 | K12: =IFERROR(aurora_data!J1232,0) -> 0 | L12: =IFERROR(aurora_data!K1232,0) -> 0 | ... U12: =IFERROR(aurora_data!T1232,0) -> 0 | W12: =IFERROR(aurora_data!U1232,0) -> 5 | X12: =IFERROR(W12/$W12,0) -> 1
D13: Usable | E13: =IFERROR(aurora_data!D1233,0) -> 0 | F13: =IFERROR(aurora_data!E1233,0) -> 0 | G13: =IFERROR(aurora_data!F1233,0) -> 1 | H13: =IFERROR(aurora_data!G1233,0) -> 1 | I13: =IFERROR(aurora_data!H1233,0) -> 0 | J13: =IFERROR(aurora_data!I1233,0) -> 0 | K13: =IFERROR(aurora_data!J1233,0) -> 0 | L13: =IFERROR(aurora_data!K1233,0) -> 1 | ... U13: =IFERROR(aurora_data!T1233,0) -> 0 | W13: =IFERROR(aurora_data!U1233,0) -> 2 | X13: =IFERROR(W13/$W12,0) -> 0.4
D14: Stratified Out Usable N | E14: =IFERROR(aurora_data!D1234,0) -> 0 | F14: =IFERROR(aurora_data!E1234,0) -> 0 | G14: =IFERROR(aurora_data!F1234,0) -> 0 | H14: =IFERROR(aurora_data!G1234,0) -> 0 | I14: =IFERROR(aurora_data!H1234,0) -> 0 | J14: =IFERROR(aurora_data!I1234,0) -> 0 | K14: =IFERROR(aurora_data!J1234,0) -> 0 | L14: =IFERROR(aurora_data!K1234,0) -> 0 | ... U14: =IFERROR(aurora_data!T1234,0) -> 0 | W14: =IFERROR(aurora_data!U1234,0) -> 0 | X14: =IFERROR(W14/$W12,0) -> 0
D15: In Process | E15: =IFERROR(aurora_data!D1235,0) -> 0 | F15: =IFERROR(aurora_data!E1235,0) -> 0 | G15: =IFERROR(aurora_data!F1235,0) -> 0 | H15: =IFERROR(aurora_data!G1235,0) -> 0 | I15: =IFERROR(aurora_data!H1235,0) -> 0 | J15: =IFERROR(aurora_data!I1235,0) -> 0 | K15: =IFERROR(aurora_data!J1235,0) -> 0 | L15: =IFERROR(aurora_data!K1235,0) -> 0 | ... U15: =IFERROR(aurora_data!T1235,0) -> 0 | W15: =IFERROR(aurora_data!U1235,0) -> 0 | X15: =IFERROR(W15/$W12,0) -> 0
D16: Assigned Not Received | E16: =IFERROR(aurora_data!D1236,0) -> 0 | F16: =IFERROR(aurora_data!E1236,0) -> 0 | G16: =IFERROR(aurora_data!F1236,0) -> 0 | H16: =IFERROR(aurora_data!G1236,0) -> 0 | I16: =IFERROR(aurora_data!H1236,0) -> 0 | J16: =IFERROR(aurora_data!I1236,0) -> 0 | K16: =IFERROR(aurora_data!J1236,0) -> 0 | L16: =IFERROR(aurora_data!K1236,0) -> 0 | ... U16: =IFERROR(aurora_data!T1236,0) -> 0 | W16: =IFERROR(aurora_data!U1236,0) -> 0 | X16: =IFERROR(W16/$W12,0) -> 0
D17: Reserved Not Received | E17: =IFERROR(aurora_data!D1237,0) -> 0 | F17: =IFERROR(aurora_data!E1237,0) -> 0 | G17: =IFERROR(aurora_data!F1237,0) -> 0 | H17: =IFERROR(aurora_data!G1237,0) -> 0 | I17: =IFERROR(aurora_data!H1237,0) -> 0 | J17: =IFERROR(aurora_data!I1237,0) -> 0 | K17: =IFERROR(aurora_data!J1237,0) -> 0 | L17: =IFERROR(aurora_data!K1237,0) -> 0 | ... U17: =IFERROR(aurora_data!T1237,0) -> 0 | W17: =IFERROR(aurora_data!U1237,0) -> 0 | X17: =IFERROR(W17/$W12,0) -> 0
D18: Total Assignments | E18: =IFERROR(aurora_data!D1238,0) -> 0 | F18: =IFERROR(aurora_data!E1238,0) -> 0 | G18: =IFERROR(aurora_data!F1238,0) -> 1 | H18: =IFERROR(aurora_data!G1238,0) -> 1 | I18: =IFERROR(aurora_data!H1238,0) -> 0 | J18: =IFERROR(aurora_data!I1238,0) -> 0 | K18: =IFERROR(aurora_data!J1238,0) -> 0 | L18: =IFERROR(aurora_data!K1238,0) -> 1 | ... U18: =IFERROR(aurora_data!T1238,0) -> 0 | W18: =IFERROR(aurora_data!U1238,0) -> 2 | X18: =IFERROR(W18/$W12,0) -> 0.4
D19: Selected | E19: =IFERROR(aurora_data!D1239,0) -> 0 | F19: =IFERROR(aurora_data!E1239,0) -> 0 | G19: =IFERROR(aurora_data!F1239,0) -> 0 | H19: =IFERROR(aurora_data!G1239,0) -> 0 | I19: =IFERROR(aurora_data!H1239,0) -> 0 | J19: =IFERROR(aurora_data!I1239,0) -> 0 | K19: =IFERROR(aurora_data!J1239,0) -> 0 | L19: =IFERROR(aurora_data!K1239,0) -> 0 | ... U19: =IFERROR(aurora_data!T1239,0) -> 0 | W19: =IFERROR(aurora_data!U1239,0) -> 0 | X19: =IFERROR(W19/$W12,0) -> 0
B20: Open | C20: =aurora_data!A1332 -> 09.00.00-12.11.30 | D20: Target | E20: =IFERROR(aurora_data!D1332,0) -> 0 | F20: =IFERROR(aurora_data!E1332,0) -> 0 | G20: =IFERROR(aurora_data!F1332,0) -> 0 | H20: =IFERROR(aurora_data!G1332,0) -> 0 | I20: =IFERROR(aurora_data!H1332,0) -> 0 | J20: =IFERROR(aurora_data!I1332,0) -> 0 | K20: =IFERROR(aurora_data!J1332,0) -> 0 | L20: =IFERROR(aurora_data!K1332,0) -> 0 | ... U20: =IFERROR(aurora_data!T1332,0) -> 0 | W20: =IFERROR(aurora_data!U1332,0) -> 9 | X20: =IFERROR(W20/$W20,0) -> 1
D21: Usable | E21: =IFERROR(aurora_data!D1333,0) -> 0 | F21: =IFERROR(aurora_data!E1333,0) -> 0 | G21: =IFERROR(aurora_data!F1333,0) -> 0 | H21: =IFERROR(aurora_data!G1333,0) -> 0 | I21: =IFERROR(aurora_data!H1333,0) -> 0 | J21: =IFERROR(aurora_data!I1333,0) -> 0 | K21: =IFERROR(aurora_data!J1333,0) -> 0 | L21: =IFERROR(aurora_data!K1333,0) -> 0 | ... U21: =IFERROR(aurora_data!T1333,0) -> 0 | W21: =IFERROR(aurora_data!U1333,0) -> 0 | X21: =IFERROR(W21/$W20,0) -> 0
D22: Stratified Out Usable N | E22: =IFERROR(aurora_data!D1334,0) -> 0 | F22: =IFERROR(aurora_data!E1334,0) -> 0 | G22: =IFERROR(aurora_data!F1334,0) -> 0 | H22: =IFERROR(aurora_data!G1334,0) -> 0 | I22: =IFERROR(aurora_data!H1334,0) -> 0 | J22: =IFERROR(aurora_data!I1334,0) -> 0 | K22: =IFERROR(aurora_data!J1334,0) -> 0 | L22: =IFERROR(aurora_data!K1334,0) -> 0 | ... U22: =IFERROR(aurora_data!T1334,0) -> 0 | W22: =IFERROR(aurora_data!U1334,0) -> 0 | X22: =IFERROR(W22/$W20,0) -> 0
D23: In Process | E23: =IFERROR(aurora_data!D1335,0) -> 0 | F23: =IFERROR(aurora_data!E1335,0) -> 0 | G23: =IFERROR(aurora_data!F1335,0) -> 0 | H23: =IFERROR(aurora_data!G1335,0) -> 0 | I23: =IFERROR(aurora_data!H1335,0) -> 0 | J23: =IFERROR(aurora_data!I1335,0) -> 0 | K23: =IFERROR(aurora_data!J1335,0) -> 0 | L23: =IFERROR(aurora_data!K1335,0) -> 0 | ... U23: =IFERROR(aurora_data!T1335,0) -> 0 | W23: =IFERROR(aurora_data!U1335,0) -> 0 | X23: =IFERROR(W23/$W20,0) -> 0
D24: Assigned Not Received | E24: =IFERROR(aurora_data!D1336,0) -> 0 | F24: =IFERROR(aurora_data!E1336,0) -> 0 | G24: =IFERROR(aurora_data!F1336,0) -> 0 | H24: =IFERROR(aurora_data!G1336,0) -> 0 | I24: =IFERROR(aurora_data!H1336,0) -> 0 | J24: =IFERROR(aurora_data!I1336,0) -> 0 | K24: =IFERROR(aurora_data!J1336,0) -> 0 | L24: =IFERROR(aurora_data!K1336,0) -> 0 | ... U24: =IFERROR(aurora_data!T1336,0) -> 0 | W24: =IFERROR(aurora_data!U1336,0) -> 0 | X24: =IFERROR(W24/$W20,0) -> 0
D25: Reserved Not Received | E25: =IFERROR(aurora_data!D1337,0) -> 0 | F25: =IFERROR(aurora_data!E1337,0) -> 0 | G25: =IFERROR(aurora_data!F1337,0) -> 0 | H25: =IFERROR(aurora_data!G1337,0) -> 0 | I25: =IFERROR(aurora_data!H1337,0) -> 0 | J25: =IFERROR(aurora_data!I1337,0) -> 0 | K25: =IFERROR(aurora_data!J1337,0) -> 0 | L25: =IFERROR(aurora_data!K1337,0) -> 0 | ... U25: =IFERROR(aurora_data!T1337,0) -> 0 | W25: =IFERROR(aurora_data!U1337,0) -> 0 | X25: =IFERROR(W25/$W20,0) -> 0
D26: Total Assignments | E26: =IFERROR(aurora_data!D1338,0) -> 0 | F26: =IFERROR(aurora_data!E1338,0) -> 0 | G26: =IFERROR(aurora_data!F1338,0) -> 0 | H26: =IFERROR(aurora_data!G1338,0) -> 0 | I26: =IFERROR(aurora_data!H1338,0) -> 0 | J26: =IFERROR(aurora_data!I1338,0) -> 0 | K26: =IFERROR(aurora_data!J1338,0) -> 0 | L26: =IFERROR(aurora_data!K1338,0) -> 0 | ... U26: =IFERROR(aurora_data!T1338,0) -> 0 | W26: =IFERROR(aurora_data!U1338,0) -> 0 | X26: =IFERROR(W26/$W20,0) -> 0
D27: Selected | E27: =IFERROR(aurora_data!D1339,0) -> 0 | F27: =IFERROR(aurora_data!E1339,0) -> 0 | G27: =IFERROR(aurora_data!F1339,0) -> 0 | H27: =IFERROR(aurora_data!G1339,0) -> 0 | I27: =IFERROR(aurora_data!H1339,0) -> 0 | J27: =IFERROR(aurora_data!I1339,0) -> 0 | K27: =IFERROR(aurora_data!J1339,0) -> 0 | L27: =IFERROR(aurora_data!K1339,0) -> 0 | ... U27: =IFERROR(aurora_data!T1339,0) -> 0 | W27: =IFERROR(aurora_data!U1339,0) -> 0 | X27: =IFERROR(W27/$W20,0) -> 0
B28: Open | C28: =aurora_data!A1340 -> 13.00.00-21.11.30 | D28: Target | E28: =IFERROR(aurora_data!D1340,0) -> 0 | F28: =IFERROR(aurora_data!E1340,0) -> 0 | G28: =IFERROR(aurora_data!F1340,0) -> 0 | H28: =IFERROR(aurora_data!G1340,0) -> 0 | I28: =IFERROR(aurora_data!H1340,0) -> 0 | J28: =IFERROR(aurora_data!I1340,0) -> 0 | K28: =IFERROR(aurora_data!J1340,0) -> 0 | L28: =IFERROR(aurora_data!K1340,0) -> 0 | ... U28: =IFERROR(aurora_data!T1340,0) -> 0 | W28: =IFERROR(aurora_data!U1340,0) -> 9 | X28: =IFERROR(W28/$W28,0) -> 1
D29: Usable | E29: =IFERROR(aurora_data!D1341,0) -> 0 | F29: =IFERROR(aurora_data!E1341,0) -> 1 | G29: =IFERROR(aurora_data!F1341,0) -> 2 | H29: =IFERROR(aurora_data!G1341,0) -> 1 | I29: =IFERROR(aurora_data!H1341,0) -> 0 | J29: =IFERROR(aurora_data!I1341,0) -> 0 | K29: =IFERROR(aurora_data!J1341,0) -> 0 | L29: =IFERROR(aurora_data!K1341,0) -> 1 | ... U29: =IFERROR(aurora_data!T1341,0) -> 0 | W29: =IFERROR(aurora_data!U1341,0) -> 4 | X29: =IFERROR(W29/$W28,0) -> 0.44444444
D30: Stratified Out Usable N | E30: =IFERROR(aurora_data!D1342,0) -> 0 | F30: =IFERROR(aurora_data!E1342,0) -> 0 | G30: =IFERROR(aurora_data!F1342,0) -> 0 | H30: =IFERROR(aurora_data!G1342,0) -> 0 | I30: =IFERROR(aurora_data!H1342,0) -> 0 | J30: =IFERROR(aurora_data!I1342,0) -> 0 | K30: =IFERROR(aurora_data!J1342,0) -> 0 | L30: =IFERROR(aurora_data!K1342,0) -> 0 | ... U30: =IFERROR(aurora_data!T1342,0) -> 0 | W30: =IFERROR(aurora_data!U1342,0) -> 0 | X30: =IFERROR(W30/$W28,0) -> 0
D31: In Process | E31: =IFERROR(aurora_data!D1343,0) -> 0 | F31: =IFERROR(aurora_data!E1343,0) -> 0 | G31: =IFERROR(aurora_data!F1343,0) -> 0 | H31: =IFERROR(aurora_data!G1343,0) -> 0 | I31: =IFERROR(aurora_data!H1343,0) -> 0 | J31: =IFERROR(aurora_data!I1343,0) -> 0 | K31: =IFERROR(aurora_data!J1343,0) -> 0 | L31: =IFERROR(aurora_data!K1343,0) -> 0 | ... U31: =IFERROR(aurora_data!T1343,0) -> 0 | W31: =IFERROR(aurora_data!U1343,0) -> 0 | X31: =IFERROR(W31/$W28,0) -> 0
D32: Assigned Not Received | E32: =IFERROR(aurora_data!D1344,0) -> 0 | F32: =IFERROR(aurora_data!E1344,0) -> 0 | G32: =IFERROR(aurora_data!F1344,0) -> 0 | H32: =IFERROR(aurora_data!G1344,0) -> 0 | I32: =IFERROR(aurora_data!H1344,0) -> 0 | J32: =IFERROR(aurora_data!I1344,0) -> 0 | K32: =IFERROR(aurora_data!J1344,0) -> 0 | L32: =IFERROR(aurora_data!K1344,0) -> 0 | ... U32: =IFERROR(aurora_data!T1344,0) -> 0 | W32: =IFERROR(aurora_data!U1344,0) -> 0 | X32: =IFERROR(W32/$W28,0) -> 0
D33: Reserved Not Received | E33: =IFERROR(aurora_data!D1345,0) -> 0 | F33: =IFERROR(aurora_data!E1345,0) -> 0 | G33: =IFERROR(aurora_data!F1345,0) -> 0 | H33: =IFERROR(aurora_data!G1345,0) -> 0 | I33: =IFERROR(aurora_data!H1345,0) -> 0 | J33: =IFERROR(aurora_data!I1345,0) -> 0 | K33: =IFERROR(aurora_data!J1345,0) -> 0 | L33: =IFERROR(aurora_data!K1345,0) -> 0 | ... U33: =IFERROR(aurora_data!T1345,0) -> 0 | W33: =IFERROR(aurora_data!U1345,0) -> 0 | X33: =IFERROR(W33/$W28,0) -> 0
D34: Total Assignments | E34: =IFERROR(aurora_data!D1346,0) -> 0 | F34: =IFERROR(aurora_data!E1346,0) -> 1 | G34: =IFERROR(aurora_data!F1346,0) -> 2 | H34: =IFERROR(aurora_data!G1346,0) -> 1 | I34: =IFERROR(aurora_data!H1346,0) -> 0 | J34: =IFERROR(aurora_data!I1346,0) -> 0 | K34: =IFERROR(aurora_data!J1346,0) -> 0 | L34: =IFERROR(aurora_data!K1346,0) -> 1 | ... U34: =IFERROR(aurora_data!T1346,0) -> 0 | W34: =IFERROR(aurora_data!U1346,0) -> 4 | X34: =IFERROR(W34/$W28,0) -> 0.44444444
D35: Selected | E35: =IFERROR(aurora_data!D1347,0) -> 0 | F35: =IFERROR(aurora_data!E1347,0) -> 0 | G35: =IFERROR(aurora_data!F1347,0) -> 0 | H35: =IFERROR(aurora_data!G1347,0) -> 0 | I35: =IFERROR(aurora_data!H1347,0) -> 0 | J35: =IFERROR(aurora_data!I1347,0) -> 0 | K35: =IFERROR(aurora_data!J1347,0) -> 0 | L35: =IFERROR(aurora_data!K1347,0) -> 0 | ... U35: =IFERROR(aurora_data!T1347,0) -> 0 | W35: =IFERROR(aurora_data!U1347,0) -> 0 | X35: =IFERROR(W35/$W28,0) -> 0
B36: Open | C36: Total | D36: Target | E36: =IFERROR(aurora_data!D1240+aurora_data!D1348,0) -> 0 | F36: =IFERROR(aurora_data!E1240+aurora_data!E1348,0) -> 0 | G36: =IFERROR(aurora_data!F1240+aurora_data!F1348,0) -> 0 | H36: =IFERROR(aurora_data!G1240+aurora_data!G1348,0) -> 0 | I36: =IFERROR(aurora_data!H1240+aurora_data!H1348,0) -> 0 | J36: =IFERROR(aurora_data!I1240+aurora_data!I1348,0) -> 0 | K36: =IFERROR(aurora_data!J1240+aurora_data!J1348,0) -> 0 | L36: =IFERROR(aurora_data!K1240+aurora_data!K1348,0) -> 0 | ... U36: =IFERROR(aurora_data!T1240+aurora_data!T1348,0) -> 0 | W36: =IFERROR(aurora_data!U1240+aurora_data!U1348,0) -> 23 | X36: =IFERROR(W36/$W36,0) -> 1
D37: Usable | E37: =IFERROR(aurora_data!D1241+aurora_data!D1349,0) -> 0 | F37: =IFERROR(aurora_data!E1241+aurora_data!E1349,0) -> 1 | G37: =IFERROR(aurora_data!F1241+aurora_data!F1349,0) -> 3 | H37: =IFERROR(aurora_data!G1241+aurora_data!G1349,0) -> 2 | I37: =IFERROR(aurora_data!H1241+aurora_data!H1349,0) -> 0 | J37: =IFERROR(aurora_data!I1241+aurora_data!I1349,0) -> 0 | K37: =IFERROR(aurora_data!J1241+aurora_data!J1349,0) -> 0 | L37: =IFERROR(aurora_data!K1241+aurora_data!K1349,0) -> 2 | ... U37: =IFERROR(aurora_data!T1241+aurora_data!T1349,0) -> 0 | W37: =IFERROR(aurora_data!U1241+aurora_data!U1349,0) -> 6 | X37: =IFERROR(W37/$W36,0) -> 0.26086957
D38: Stratified Out Usable N | E38: =IFERROR(aurora_data!D1242+aurora_data!D1350,0) -> 0 | F38: =IFERROR(aurora_data!E1242+aurora_data!E1350,0) -> 0 | G38: =IFERROR(aurora_data!F1242+aurora_data!F1350,0) -> 0 | H38: =IFERROR(aurora_data!G1242+aurora_data!G1350,0) -> 0 | I38: =IFERROR(aurora_data!H1242+aurora_data!H1350,0) -> 0 | J38: =IFERROR(aurora_data!I1242+aurora_data!I1350,0) -> 0 | K38: =IFERROR(aurora_data!J1242+aurora_data!J1350,0) -> 0 | L38: =IFERROR(aurora_data!K1242+aurora_data!K1350,0) -> 0 | ... U38: =IFERROR(aurora_data!T1242+aurora_data!T1350,0) -> 0 | W38: =IFERROR(aurora_data!U1242+aurora_data!U1350,0) -> 0 | X38: =IFERROR(W38/$W36,0) -> 0
D39: In Process | E39: =IFERROR(aurora_data!D1243+aurora_data!D1351,0) -> 0 | F39: =IFERROR(aurora_data!E1243+aurora_data!E1351,0) -> 0 | G39: =IFERROR(aurora_data!F1243+aurora_data!F1351,0) -> 0 | H39: =IFERROR(aurora_data!G1243+aurora_data!G1351,0) -> 0 | I39: =IFERROR(aurora_data!H1243+aurora_data!H1351,0) -> 0 | J39: =IFERROR(aurora_data!I1243+aurora_data!I1351,0) -> 0 | K39: =IFERROR(aurora_data!J1243+aurora_data!J1351,0) -> 0 | L39: =IFERROR(aurora_data!K1243+aurora_data!K1351,0) -> 0 | ... U39: =IFERROR(aurora_data!T1243+aurora_data!T1351,0) -> 0 | W39: =IFERROR(aurora_data!U1243+aurora_data!U1351,0) -> 0 | X39: =IFERROR(W39/$W36,0) -> 0
D40: Assigned Not Received | E40: =IFERROR(aurora_data!D1244+aurora_data!D1352,0) -> 0 | F40: =IFERROR(aurora_data!E1244+aurora_data!E1352,0) -> 0 | G40: =IFERROR(aurora_data!F1244+aurora_data!F1352,0) -> 0 | H40: =IFERROR(aurora_data!G1244+aurora_data!G1352,0) -> 0 | I40: =IFERROR(aurora_data!H1244+aurora_data!H1352,0) -> 0 | J40: =IFERROR(aurora_data!I1244+aurora_data!I1352,0) -> 0 | K40: =IFERROR(aurora_data!J1244+aurora_data!J1352,0) -> 0 | L40: =IFERROR(aurora_data!K1244+aurora_data!K1352,0) -> 0 | ... U40: =IFERROR(aurora_data!T1244+aurora_data!T1352,0) -> 0 | W40: =IFERROR(aurora_data!U1244+aurora_data!U1352,0) -> 0 | X40: =IFERROR(W40/$W36,0) -> 0
D41: Reserved Not Received | E41: =IFERROR(aurora_data!D1245+aurora_data!D1353,0) -> 0 | F41: =IFERROR(aurora_data!E1245+aurora_data!E1353,0) -> 0 | G41: =IFERROR(aurora_data!F1245+aurora_data!F1353,0) -> 0 | H41: =IFERROR(aurora_data!G1245+aurora_data!G1353,0) -> 0 | I41: =IFERROR(aurora_data!H1245+aurora_data!H1353,0) -> 0 | J41: =IFERROR(aurora_data!I1245+aurora_data!I1353,0) -> 0 | K41: =IFERROR(aurora_data!J1245+aurora_data!J1353,0) -> 0 | L41: =IFERROR(aurora_data!K1245+aurora_data!K1353,0) -> 0 | ... U41: =IFERROR(aurora_data!T1245+aurora_data!T1353,0) -> 0 | W41: =IFERROR(aurora_data!U1245+aurora_data!U1353,0) -> 0 | X41: =IFERROR(W41/$W36,0) -> 0
D42: Total Assignments | E42: =IFERROR(aurora_data!D1246+aurora_data!D1354,0) -> 0 | F42: =IFERROR(aurora_data!E1246+aurora_data!E1354,0) -> 1 | G42: =IFERROR(aurora_data!F1246+aurora_data!F1354,0) -> 3 | H42: =IFERROR(aurora_data!G1246+aurora_data!G1354,0) -> 2 | I42: =IFERROR(aurora_data!H1246+aurora_data!H1354,0) -> 0 | J42: =IFERROR(aurora_data!I1246+aurora_data!I1354,0) -> 0 | K42: =IFERROR(aurora_data!J1246+aurora_data!J1354,0) -> 0 | L42: =IFERROR(aurora_data!K1246+aurora_data!K1354,0) -> 2 | ... U42: =IFERROR(aurora_data!T1246+aurora_data!T1354,0) -> 0 | W42: =IFERROR(aurora_data!U1246+aurora_data!U1354,0) -> 6 | X42: =IFERROR(W42/$W36,0) -> 0.26086957
D43: Selected | E43: =IFERROR(aurora_data!D1247+aurora_data!D1355,0) -> 0 | F43: =IFERROR(aurora_data!E1247+aurora_data!E1355,0) -> 0 | G43: =IFERROR(aurora_data!F1247+aurora_data!F1355,0) -> 0 | H43: =IFERROR(aurora_data!G1247+aurora_data!G1355,0) -> 0 | I43: =IFERROR(aurora_data!H1247+aurora_data!H1355,0) -> 0 | J43: =IFERROR(aurora_data!I1247+aurora_data!I1355,0) -> 0 | K43: =IFERROR(aurora_data!J1247+aurora_data!J1355,0) -> 0 | L43: =IFERROR(aurora_data!K1247+aurora_data!K1355,0) -> 0 | ... U43: =IFERROR(aurora_data!T1247+aurora_data!T1355,0) -> 0 | W43: =IFERROR(aurora_data!U1247+aurora_data!U1355,0) -> 0 | X43: =IFERROR(W43/$W36,0) -> 0

Sheet OSEP_GT
A1: Total Assigments below Target | D1: Study Information | N1: Additional Information
A2: Usable greater/equal to target | D2: =_xlfn.CONCAT("Study Name: "," CELF-6 RF1 & 2 OSEP Gifted and Talented (Age 5-21)") -> Study Name: CELF-6 RF1 & 2 OSEP Gifted and Talented (Age 5-21) | K2: Usable = case is available to Psychometrics for this study In Process = questionable, In Process Assigned Not Recd = Tests assigned to examiners, no tests received (required tests) Reserved not Received = Tests in reserved status, not received Total Assignments = sum of Usable, Received Non Final, Assigned Partial Received, Assigned Not Received Selected = default status for making an assignment
D3: =_xlfn.CONCAT("Study Acronym: "," OSEP_GT_RF1/OSEP_GT_RF2") -> Study Acronym: OSEP_GT_RF1/OSEP_GT_RF2 | F3: Study ID: 3756 & 3757
D5: Additional Requirements
D6: There is no max to the number of GT OSEPs allowed in the sample
B8: =_xlfn.CONCAT("Last Refreshed at: ",aurora_data!V1632) -> Last Refreshed at: 08/06/2026 @ 7:19 AM | E8: Demographic Variables | W8: Totals
D9: Variance Tolerance: | E9: some of each, if possible | J9: some of each, if possible | O9: some of each, if possible | S9: some of each, if possible
B10: Status | E10: Education Level | J10: Ethnicity | O10: Region | S10: SEX
C11: ageband | D11: report | E11: 1 | F11: 2 | G11: 3 | H11: 4 | I11: 5 | J11: AS | K11: BL | L11: HI | M11: OTH | N11: WH | O11: MW | P11: NE | Q11: SO | R11: WE | S11: F | T11: M | U11: INT
B12: Open | C12: =aurora_data!A1632 -> 05.00.00-08.11.30 | D12: Target | E12: =IFERROR(aurora_data!D1632,0) -> 0 | F12: =IFERROR(aurora_data!E1632,0) -> 0 | G12: =IFERROR(aurora_data!F1632,0) -> 0 | H12: =IFERROR(aurora_data!G1632,0) -> 0 | I12: =IFERROR(aurora_data!H1632,0) -> 0 | J12: =IFERROR(aurora_data!I1632,0) -> 0 | K12: =IFERROR(aurora_data!J1632,0) -> 0 | L12: =IFERROR(aurora_data!K1632,0) -> 0 | ... U12: =IFERROR(aurora_data!T1632,0) -> 0 | W12: =IFERROR(aurora_data!U1632,0) -> 15 | X12: =IFERROR(W12/$W$12,0) -> 1
D13: Usable | E13: =IFERROR(aurora_data!D1633,0) -> 1 | F13: =IFERROR(aurora_data!E1633,0) -> 0 | G13: =IFERROR(aurora_data!F1633,0) -> 0 | H13: =IFERROR(aurora_data!G1633,0) -> 0 | I13: =IFERROR(aurora_data!H1633,0) -> 0 | J13: =IFERROR(aurora_data!I1633,0) -> 0 | K13: =IFERROR(aurora_data!J1633,0) -> 0 | L13: =IFERROR(aurora_data!K1633,0) -> 1 | ... U13: =IFERROR(aurora_data!T1633,0) -> 0 | W13: =IFERROR(aurora_data!U1633,0) -> 1 | X13: =IFERROR(W13/$W$12,0) -> 0.066666667
D14: Stratified Out Usable N | E14: =IFERROR(aurora_data!D1634,0) -> 0 | F14: =IFERROR(aurora_data!E1634,0) -> 0 | G14: =IFERROR(aurora_data!F1634,0) -> 0 | H14: =IFERROR(aurora_data!G1634,0) -> 0 | I14: =IFERROR(aurora_data!H1634,0) -> 0 | J14: =IFERROR(aurora_data!I1634,0) -> 0 | K14: =IFERROR(aurora_data!J1634,0) -> 0 | L14: =IFERROR(aurora_data!K1634,0) -> 0 | ... U14: =IFERROR(aurora_data!T1634,0) -> 0 | W14: =IFERROR(aurora_data!U1634,0) -> 0 | X14: =IFERROR(W14/$W$12,0) -> 0
D15: In Process | E15: =IFERROR(aurora_data!D1635,0) -> 0 | F15: =IFERROR(aurora_data!E1635,0) -> 0 | G15: =IFERROR(aurora_data!F1635,0) -> 0 | H15: =IFERROR(aurora_data!G1635,0) -> 0 | I15: =IFERROR(aurora_data!H1635,0) -> 0 | J15: =IFERROR(aurora_data!I1635,0) -> 0 | K15: =IFERROR(aurora_data!J1635,0) -> 0 | L15: =IFERROR(aurora_data!K1635,0) -> 0 | ... U15: =IFERROR(aurora_data!T1635,0) -> 0 | W15: =IFERROR(aurora_data!U1635,0) -> 0 | X15: =IFERROR(W15/$W$12,0) -> 0
D16: Assigned Not Received | E16: =IFERROR(aurora_data!D1636,0) -> 0 | F16: =IFERROR(aurora_data!E1636,0) -> 0 | G16: =IFERROR(aurora_data!F1636,0) -> 0 | H16: =IFERROR(aurora_data!G1636,0) -> 0 | I16: =IFERROR(aurora_data!H1636,0) -> 0 | J16: =IFERROR(aurora_data!I1636,0) -> 0 | K16: =IFERROR(aurora_data!J1636,0) -> 0 | L16: =IFERROR(aurora_data!K1636,0) -> 0 | ... U16: =IFERROR(aurora_data!T1636,0) -> 0 | W16: =IFERROR(aurora_data!U1636,0) -> 0 | X16: =IFERROR(W16/$W$12,0) -> 0
D17: Reserved Not Received | E17: =IFERROR(aurora_data!D1637,0) -> 0 | F17: =IFERROR(aurora_data!E1637,0) -> 0 | G17: =IFERROR(aurora_data!F1637,0) -> 0 | H17: =IFERROR(aurora_data!G1637,0) -> 0 | I17: =IFERROR(aurora_data!H1637,0) -> 0 | J17: =IFERROR(aurora_data!I1637,0) -> 0 | K17: =IFERROR(aurora_data!J1637,0) -> 0 | L17: =IFERROR(aurora_data!K1637,0) -> 0 | ... U17: =IFERROR(aurora_data!T1637,0) -> 0 | W17: =IFERROR(aurora_data!U1637,0) -> 0 | X17: =IFERROR(W17/$W$12,0) -> 0
D18: Total Assignments | E18: =IFERROR(aurora_data!D1638,0) -> 1 | F18: =IFERROR(aurora_data!E1638,0) -> 0 | G18: =IFERROR(aurora_data!F1638,0) -> 0 | H18: =IFERROR(aurora_data!G1638,0) -> 0 | I18: =IFERROR(aurora_data!H1638,0) -> 0 | J18: =IFERROR(aurora_data!I1638,0) -> 0 | K18: =IFERROR(aurora_data!J1638,0) -> 0 | L18: =IFERROR(aurora_data!K1638,0) -> 1 | ... U18: =IFERROR(aurora_data!T1638,0) -> 0 | W18: =IFERROR(aurora_data!U1638,0) -> 1 | X18: =IFERROR(W18/$W$12,0) -> 0.066666667
D19: Selected | E19: =IFERROR(aurora_data!D1639,0) -> 0 | F19: =IFERROR(aurora_data!E1639,0) -> 0 | G19: =IFERROR(aurora_data!F1639,0) -> 0 | H19: =IFERROR(aurora_data!G1639,0) -> 0 | I19: =IFERROR(aurora_data!H1639,0) -> 0 | J19: =IFERROR(aurora_data!I1639,0) -> 0 | K19: =IFERROR(aurora_data!J1639,0) -> 0 | L19: =IFERROR(aurora_data!K1639,0) -> 0 | ... U19: =IFERROR(aurora_data!T1639,0) -> 0 | W19: =IFERROR(aurora_data!U1639,0) -> 0 | X19: =IFERROR(W19/$W$12,0) -> 0
B20: Open | C20: =aurora_data!A1732 -> 09.00.00-12.11.30 | D20: Target | E20: =IFERROR(aurora_data!D1732,0) -> 0 | F20: =IFERROR(aurora_data!E1732,0) -> 0 | G20: =IFERROR(aurora_data!F1732,0) -> 0 | H20: =IFERROR(aurora_data!G1732,0) -> 0 | I20: =IFERROR(aurora_data!H1732,0) -> 0 | J20: =IFERROR(aurora_data!I1732,0) -> 0 | K20: =IFERROR(aurora_data!J1732,0) -> 0 | L20: =IFERROR(aurora_data!K1732,0) -> 0 | ... U20: =IFERROR(aurora_data!T1732,0) -> 0 | W20: =IFERROR(aurora_data!U1732,0) -> 15 | X20: =IFERROR(W20/$W$20,0) -> 1
D21: Usable | E21: =IFERROR(aurora_data!D1733,0) -> 0 | F21: =IFERROR(aurora_data!E1733,0) -> 2 | G21: =IFERROR(aurora_data!F1733,0) -> 3 | H21: =IFERROR(aurora_data!G1733,0) -> 3 | I21: =IFERROR(aurora_data!H1733,0) -> 0 | J21: =IFERROR(aurora_data!I1733,0) -> 0 | K21: =IFERROR(aurora_data!J1733,0) -> 1 | L21: =IFERROR(aurora_data!K1733,0) -> 0 | ... U21: =IFERROR(aurora_data!T1733,0) -> 0 | W21: =IFERROR(aurora_data!U1733,0) -> 8 | X21: =IFERROR(W21/$W$20,0) -> 0.53333333
D22: Stratified Out Usable N | E22: =IFERROR(aurora_data!D1734,0) -> 0 | F22: =IFERROR(aurora_data!E1734,0) -> 0 | G22: =IFERROR(aurora_data!F1734,0) -> 0 | H22: =IFERROR(aurora_data!G1734,0) -> 0 | I22: =IFERROR(aurora_data!H1734,0) -> 0 | J22: =IFERROR(aurora_data!I1734,0) -> 0 | K22: =IFERROR(aurora_data!J1734,0) -> 0 | L22: =IFERROR(aurora_data!K1734,0) -> 0 | ... U22: =IFERROR(aurora_data!T1734,0) -> 0 | W22: =IFERROR(aurora_data!U1734,0) -> 0 | X22: =IFERROR(W22/$W$20,0) -> 0
D23: In Process | E23: =IFERROR(aurora_data!D1735,0) -> 0 | F23: =IFERROR(aurora_data!E1735,0) -> 0 | G23: =IFERROR(aurora_data!F1735,0) -> 0 | H23: =IFERROR(aurora_data!G1735,0) -> 0 | I23: =IFERROR(aurora_data!H1735,0) -> 0 | J23: =IFERROR(aurora_data!I1735,0) -> 0 | K23: =IFERROR(aurora_data!J1735,0) -> 0 | L23: =IFERROR(aurora_data!K1735,0) -> 0 | ... U23: =IFERROR(aurora_data!T1735,0) -> 0 | W23: =IFERROR(aurora_data!U1735,0) -> 0 | X23: =IFERROR(W23/$W$20,0) -> 0
D24: Assigned Not Received | E24: =IFERROR(aurora_data!D1736,0) -> 0 | F24: =IFERROR(aurora_data!E1736,0) -> 0 | G24: =IFERROR(aurora_data!F1736,0) -> 0 | H24: =IFERROR(aurora_data!G1736,0) -> 0 | I24: =IFERROR(aurora_data!H1736,0) -> 0 | J24: =IFERROR(aurora_data!I1736,0) -> 0 | K24: =IFERROR(aurora_data!J1736,0) -> 0 | L24: =IFERROR(aurora_data!K1736,0) -> 0 | ... U24: =IFERROR(aurora_data!T1736,0) -> 0 | W24: =IFERROR(aurora_data!U1736,0) -> 0 | X24: =IFERROR(W24/$W$20,0) -> 0
D25: Reserved Not Received | E25: =IFERROR(aurora_data!D1737,0) -> 0 | F25: =IFERROR(aurora_data!E1737,0) -> 0 | G25: =IFERROR(aurora_data!F1737,0) -> 0 | H25: =IFERROR(aurora_data!G1737,0) -> 0 | I25: =IFERROR(aurora_data!H1737,0) -> 0 | J25: =IFERROR(aurora_data!I1737,0) -> 0 | K25: =IFERROR(aurora_data!J1737,0) -> 0 | L25: =IFERROR(aurora_data!K1737,0) -> 0 | ... U25: =IFERROR(aurora_data!T1737,0) -> 0 | W25: =IFERROR(aurora_data!U1737,0) -> 0 | X25: =IFERROR(W25/$W$20,0) -> 0
D26: Total Assignments | E26: =IFERROR(aurora_data!D1738,0) -> 0 | F26: =IFERROR(aurora_data!E1738,0) -> 2 | G26: =IFERROR(aurora_data!F1738,0) -> 3 | H26: =IFERROR(aurora_data!G1738,0) -> 3 | I26: =IFERROR(aurora_data!H1738,0) -> 0 | J26: =IFERROR(aurora_data!I1738,0) -> 0 | K26: =IFERROR(aurora_data!J1738,0) -> 1 | L26: =IFERROR(aurora_data!K1738,0) -> 0 | ... U26: =IFERROR(aurora_data!T1738,0) -> 0 | W26: =IFERROR(aurora_data!U1738,0) -> 8 | X26: =IFERROR(W26/$W$20,0) -> 0.53333333
D27: Selected | E27: =IFERROR(aurora_data!D1739,0) -> 0 | F27: =IFERROR(aurora_data!E1739,0) -> 0 | G27: =IFERROR(aurora_data!F1739,0) -> 0 | H27: =IFERROR(aurora_data!G1739,0) -> 0 | I27: =IFERROR(aurora_data!H1739,0) -> 0 | J27: =IFERROR(aurora_data!I1739,0) -> 0 | K27: =IFERROR(aurora_data!J1739,0) -> 0 | L27: =IFERROR(aurora_data!K1739,0) -> 0 | ... U27: =IFERROR(aurora_data!T1739,0) -> 0 | W27: =IFERROR(aurora_data!U1739,0) -> 0 | X27: =IFERROR(W27/$W$20,0) -> 0
B28: Open | C28: =aurora_data!A1740 -> 13.00.00-21.11.30 | D28: Target | E28: =IFERROR(aurora_data!D1740,0) -> 0 | F28: =IFERROR(aurora_data!E1740,0) -> 0 | G28: =IFERROR(aurora_data!F1740,0) -> 0 | H28: =IFERROR(aurora_data!G1740,0) -> 0 | I28: =IFERROR(aurora_data!H1740,0) -> 0 | J28: =IFERROR(aurora_data!I1740,0) -> 0 | K28: =IFERROR(aurora_data!J1740,0) -> 0 | L28: =IFERROR(aurora_data!K1740,0) -> 0 | ... U28: =IFERROR(aurora_data!T1740,0) -> 0 | W28: =IFERROR(aurora_data!U1740,0) -> 15 | X28: =IFERROR(W28/$W$28,0) -> 1
D29: Usable | E29: =IFERROR(aurora_data!D1741,0) -> 0 | F29: =IFERROR(aurora_data!E1741,0) -> 1 | G29: =IFERROR(aurora_data!F1741,0) -> 5 | H29: =IFERROR(aurora_data!G1741,0) -> 6 | I29: =IFERROR(aurora_data!H1741,0) -> 0 | J29: =IFERROR(aurora_data!I1741,0) -> 3 | K29: =IFERROR(aurora_data!J1741,0) -> 3 | L29: =IFERROR(aurora_data!K1741,0) -> 2 | ... U29: =IFERROR(aurora_data!T1741,0) -> 0 | W29: =IFERROR(aurora_data!U1741,0) -> 12 | X29: =IFERROR(W29/$W$28,0) -> 0.8
D30: Stratified Out Usable N | E30: =IFERROR(aurora_data!D1742,0) -> 0 | F30: =IFERROR(aurora_data!E1742,0) -> 0 | G30: =IFERROR(aurora_data!F1742,0) -> 0 | H30: =IFERROR(aurora_data!G1742,0) -> 0 | I30: =IFERROR(aurora_data!H1742,0) -> 0 | J30: =IFERROR(aurora_data!I1742,0) -> 0 | K30: =IFERROR(aurora_data!J1742,0) -> 0 | L30: =IFERROR(aurora_data!K1742,0) -> 0 | ... U30: =IFERROR(aurora_data!T1742,0) -> 0 | W30: =IFERROR(aurora_data!U1742,0) -> 0 | X30: =IFERROR(W30/$W$28,0) -> 0
D31: In Process | E31: =IFERROR(aurora_data!D1743,0) -> 0 | F31: =IFERROR(aurora_data!E1743,0) -> 0 | G31: =IFERROR(aurora_data!F1743,0) -> 0 | H31: =IFERROR(aurora_data!G1743,0) -> 0 | I31: =IFERROR(aurora_data!H1743,0) -> 0 | J31: =IFERROR(aurora_data!I1743,0) -> 0 | K31: =IFERROR(aurora_data!J1743,0) -> 0 | L31: =IFERROR(aurora_data!K1743,0) -> 0 | ... U31: =IFERROR(aurora_data!T1743,0) -> 0 | W31: =IFERROR(aurora_data!U1743,0) -> 0 | X31: =IFERROR(W31/$W$28,0) -> 0
D32: Assigned Not Received | E32: =IFERROR(aurora_data!D1744,0) -> 0 | F32: =IFERROR(aurora_data!E1744,0) -> 0 | G32: =IFERROR(aurora_data!F1744,0) -> 0 | H32: =IFERROR(aurora_data!G1744,0) -> 0 | I32: =IFERROR(aurora_data!H1744,0) -> 0 | J32: =IFERROR(aurora_data!I1744,0) -> 0 | K32: =IFERROR(aurora_data!J1744,0) -> 0 | L32: =IFERROR(aurora_data!K1744,0) -> 0 | ... U32: =IFERROR(aurora_data!T1744,0) -> 0 | W32: =IFERROR(aurora_data!U1744,0) -> 0 | X32: =IFERROR(W32/$W$28,0) -> 0
D33: Reserved Not Received | E33: =IFERROR(aurora_data!D1745,0) -> 0 | F33: =IFERROR(aurora_data!E1745,0) -> 0 | G33: =IFERROR(aurora_data!F1745,0) -> 0 | H33: =IFERROR(aurora_data!G1745,0) -> 0 | I33: =IFERROR(aurora_data!H1745,0) -> 0 | J33: =IFERROR(aurora_data!I1745,0) -> 0 | K33: =IFERROR(aurora_data!J1745,0) -> 0 | L33: =IFERROR(aurora_data!K1745,0) -> 0 | ... U33: =IFERROR(aurora_data!T1745,0) -> 0 | W33: =IFERROR(aurora_data!U1745,0) -> 0 | X33: =IFERROR(W33/$W$28,0) -> 0
D34: Total Assignments | E34: =IFERROR(aurora_data!D1746,0) -> 0 | F34: =IFERROR(aurora_data!E1746,0) -> 1 | G34: =IFERROR(aurora_data!F1746,0) -> 5 | H34: =IFERROR(aurora_data!G1746,0) -> 6 | I34: =IFERROR(aurora_data!H1746,0) -> 0 | J34: =IFERROR(aurora_data!I1746,0) -> 3 | K34: =IFERROR(aurora_data!J1746,0) -> 3 | L34: =IFERROR(aurora_data!K1746,0) -> 2 | ... U34: =IFERROR(aurora_data!T1746,0) -> 0 | W34: =IFERROR(aurora_data!U1746,0) -> 12 | X34: =IFERROR(W34/$W$28,0) -> 0.8
D35: Selected | E35: =IFERROR(aurora_data!D1747,0) -> 0 | F35: =IFERROR(aurora_data!E1747,0) -> 0 | G35: =IFERROR(aurora_data!F1747,0) -> 0 | H35: =IFERROR(aurora_data!G1747,0) -> 0 | I35: =IFERROR(aurora_data!H1747,0) -> 0 | J35: =IFERROR(aurora_data!I1747,0) -> 0 | K35: =IFERROR(aurora_data!J1747,0) -> 0 | L35: =IFERROR(aurora_data!K1747,0) -> 0 | ... U35: =IFERROR(aurora_data!T1747,0) -> 0 | W35: =IFERROR(aurora_data!U1747,0) -> 0 | X35: =IFERROR(W35/$W$28,0) -> 0
B36: Open | C36: Total | D36: Target | E36: =IFERROR(aurora_data!D1640+aurora_data!D1748,0) -> 0 | F36: =IFERROR(aurora_data!E1640+aurora_data!E1748,0) -> 0 | G36: =IFERROR(aurora_data!F1640+aurora_data!F1748,0) -> 0 | H36: =IFERROR(aurora_data!G1640+aurora_data!G1748,0) -> 0 | I36: =IFERROR(aurora_data!H1640+aurora_data!H1748,0) -> 0 | J36: =IFERROR(aurora_data!I1640+aurora_data!I1748,0) -> 0 | K36: =IFERROR(aurora_data!J1640+aurora_data!J1748,0) -> 0 | L36: =IFERROR(aurora_data!K1640+aurora_data!K1748,0) -> 0 | ... U36: =IFERROR(aurora_data!T1640+aurora_data!T1748,0) -> 0 | W36: =IFERROR(aurora_data!U1640+aurora_data!U1748,0) -> 45 | X36: =IFERROR(W36/$W$36,0) -> 1
D37: Usable | E37: =IFERROR(aurora_data!D1641+aurora_data!D1749,0) -> 1 | F37: =IFERROR(aurora_data!E1641+aurora_data!E1749,0) -> 3 | G37: =IFERROR(aurora_data!F1641+aurora_data!F1749,0) -> 8 | H37: =IFERROR(aurora_data!G1641+aurora_data!G1749,0) -> 9 | I37: =IFERROR(aurora_data!H1641+aurora_data!H1749,0) -> 0 | J37: =IFERROR(aurora_data!I1641+aurora_data!I1749,0) -> 3 | K37: =IFERROR(aurora_data!J1641+aurora_data!J1749,0) -> 4 | L37: =IFERROR(aurora_data!K1641+aurora_data!K1749,0) -> 3 | ... U37: =IFERROR(aurora_data!T1641+aurora_data!T1749,0) -> 0 | W37: =IFERROR(aurora_data!U1641+aurora_data!U1749,0) -> 21 | X37: =IFERROR(W37/$W$36,0) -> 0.46666667
D38: Stratified Out Usable N | E38: =IFERROR(aurora_data!D1642+aurora_data!D1750,0) -> 0 | F38: =IFERROR(aurora_data!E1642+aurora_data!E1750,0) -> 0 | G38: =IFERROR(aurora_data!F1642+aurora_data!F1750,0) -> 0 | H38: =IFERROR(aurora_data!G1642+aurora_data!G1750,0) -> 0 | I38: =IFERROR(aurora_data!H1642+aurora_data!H1750,0) -> 0 | J38: =IFERROR(aurora_data!I1642+aurora_data!I1750,0) -> 0 | K38: =IFERROR(aurora_data!J1642+aurora_data!J1750,0) -> 0 | L38: =IFERROR(aurora_data!K1642+aurora_data!K1750,0) -> 0 | ... U38: =IFERROR(aurora_data!T1642+aurora_data!T1750,0) -> 0 | W38: =IFERROR(aurora_data!U1642+aurora_data!U1750,0) -> 0 | X38: =IFERROR(W38/$W$36,0) -> 0
D39: In Process | E39: =IFERROR(aurora_data!D1643+aurora_data!D1751,0) -> 0 | F39: =IFERROR(aurora_data!E1643+aurora_data!E1751,0) -> 0 | G39: =IFERROR(aurora_data!F1643+aurora_data!F1751,0) -> 0 | H39: =IFERROR(aurora_data!G1643+aurora_data!G1751,0) -> 0 | I39: =IFERROR(aurora_data!H1643+aurora_data!H1751,0) -> 0 | J39: =IFERROR(aurora_data!I1643+aurora_data!I1751,0) -> 0 | K39: =IFERROR(aurora_data!J1643+aurora_data!J1751,0) -> 0 | L39: =IFERROR(aurora_data!K1643+aurora_data!K1751,0) -> 0 | ... U39: =IFERROR(aurora_data!T1643+aurora_data!T1751,0) -> 0 | W39: =IFERROR(aurora_data!U1643+aurora_data!U1751,0) -> 0 | X39: =IFERROR(W39/$W$36,0) -> 0
D40: Assigned Not Received | E40: =IFERROR(aurora_data!D1644+aurora_data!D1752,0) -> 0 | F40: =IFERROR(aurora_data!E1644+aurora_data!E1752,0) -> 0 | G40: =IFERROR(aurora_data!F1644+aurora_data!F1752,0) -> 0 | H40: =IFERROR(aurora_data!G1644+aurora_data!G1752,0) -> 0 | I40: =IFERROR(aurora_data!H1644+aurora_data!H1752,0) -> 0 | J40: =IFERROR(aurora_data!I1644+aurora_data!I1752,0) -> 0 | K40: =IFERROR(aurora_data!J1644+aurora_data!J1752,0) -> 0 | L40: =IFERROR(aurora_data!K1644+aurora_data!K1752,0) -> 0 | ... U40: =IFERROR(aurora_data!T1644+aurora_data!T1752,0) -> 0 | W40: =IFERROR(aurora_data!U1644+aurora_data!U1752,0) -> 0 | X40: =IFERROR(W40/$W$36,0) -> 0
D41: Reserved Not Received | E41: =IFERROR(aurora_data!D1645+aurora_data!D1753,0) -> 0 | F41: =IFERROR(aurora_data!E1645+aurora_data!E1753,0) -> 0 | G41: =IFERROR(aurora_data!F1645+aurora_data!F1753,0) -> 0 | H41: =IFERROR(aurora_data!G1645+aurora_data!G1753,0) -> 0 | I41: =IFERROR(aurora_data!H1645+aurora_data!H1753,0) -> 0 | J41: =IFERROR(aurora_data!I1645+aurora_data!I1753,0) -> 0 | K41: =IFERROR(aurora_data!J1645+aurora_data!J1753,0) -> 0 | L41: =IFERROR(aurora_data!K1645+aurora_data!K1753,0) -> 0 | ... U41: =IFERROR(aurora_data!T1645+aurora_data!T1753,0) -> 0 | W41: =IFERROR(aurora_data!U1645+aurora_data!U1753,0) -> 0 | X41: =IFERROR(W41/$W$36,0) -> 0
D42: Total Assignments | E42: =IFERROR(aurora_data!D1646+aurora_data!D1754,0) -> 1 | F42: =IFERROR(aurora_data!E1646+aurora_data!E1754,0) -> 3 | G42: =IFERROR(aurora_data!F1646+aurora_data!F1754,0) -> 8 | H42: =IFERROR(aurora_data!G1646+aurora_data!G1754,0) -> 9 | I42: =IFERROR(aurora_data!H1646+aurora_data!H1754,0) -> 0 | J42: =IFERROR(aurora_data!I1646+aurora_data!I1754,0) -> 3 | K42: =IFERROR(aurora_data!J1646+aurora_data!J1754,0) -> 4 | L42: =IFERROR(aurora_data!K1646+aurora_data!K1754,0) -> 3 | ... U42: =IFERROR(aurora_data!T1646+aurora_data!T1754,0) -> 0 | W42: =IFERROR(aurora_data!U1646+aurora_data!U1754,0) -> 21 | X42: =IFERROR(W42/$W$36,0) -> 0.46666667
D43: Selected | E43: =IFERROR(aurora_data!D1647+aurora_data!D1755,0) -> 0 | F43: =IFERROR(aurora_data!E1647+aurora_data!E1755,0) -> 0 | G43: =IFERROR(aurora_data!F1647+aurora_data!F1755,0) -> 0 | H43: =IFERROR(aurora_data!G1647+aurora_data!G1755,0) -> 0 | I43: =IFERROR(aurora_data!H1647+aurora_data!H1755,0) -> 0 | J43: =IFERROR(aurora_data!I1647+aurora_data!I1755,0) -> 0 | K43: =IFERROR(aurora_data!J1647+aurora_data!J1755,0) -> 0 | L43: =IFERROR(aurora_data!K1647+aurora_data!K1755,0) -> 0 | ... U43: =IFERROR(aurora_data!T1647+aurora_data!T1755,0) -> 0 | W43: =IFERROR(aurora_data!U1647+aurora_data!U1755,0) -> 0 | X43: =IFERROR(W43/$W$36,0) -> 0
