Workbook

Sheet setup
B3: Phase Setup
B4: Phase Id | C4: 402
B6: Main Study Setup | H6: Stratification Types | K6: matrix sproc
C7: Stratification % | D7: (separate study ids by and exclamation point ! for more than one) | E7: Stratification Type | H7: 1 = 2 Cross | K7: call report_matrix(studyids, stratfication type, stratification%);
B8: StudyIDs (2Cross) | C8: 50 | D8: 3037 | E8: 1 | H8: 2 = 3 Cross ETH/ED
B9: StudyIDs (3Cross) | C9: 50 | D9: 3037 | E9: 2 | H9: 3 = 3 Cross SEX/ETH
B10: StudyIDs (2Cross) | C10: 100 | D10: 3037 | E10: 1
B11: StudyIDs (3Cross) | C11: 100 | D11: 3037 | E11: 2
B12: StudyIDs (3Cross alternate view) | C12: 100 | D12: 3037 | E12: 3
B13: Validity/Reliability Setup | H13: Total study count for this report | K13: =COUNTIF(M:M, "Active") - COUNTIFS(L:L, "OSEP*",M:M, "Active") - COUNTIFS(L:L,"C_*",M:M, "Active") +2 -> 18
B14: Reports will show based on the ordered list below | H14: Phase Study List
B15: Report Order (do not touch) | C15: Study Id (separate studyids by !) | D15: Study Name | E15: Study Acronym | F15: Total Assignment | H15: study_id | I15: study_type_description | J15: sort_order | K15: study_name | L15: study_acronym | M15: study_status
A16: =LEN(C16) - LEN(SUBSTITUTE(C16, "!", "")) + 1 -> 1 | B16: 1 | C16: 3725 | D16: CELF-6 Standardization Record Form 1 (Ages 5-8) | E16: CELF6_RF1_STDZ | F16: =aurora_data!BJ58 -> 732 | H16: 3726 | I16: Main | J16: 1 | K16: CELF-6 Standardization Record Form 2 (Ages 9-21) | L16: CELF6_RF2_STDZ_9-21 | M16: Active
A17: =LEN(C17) - LEN(SUBSTITUTE(C17, "!", "")) + 1 -> 1 | B17: 2 | C17: 3726 | D17: CELF-6 Standardization Record Form 2 (Ages 9-21) | E17: CELF6_RF2_STDZ | F17: =aurora_data!BJ210 -> 1068 | H17: 3725 | I17: Main | J17: 1 | K17: CELF-6 Standardization Record Form 1 (Ages 5-8) | L17: CELF6_RF1_STDZ_5-8 | M17: Active
A18: =LEN(C18) - LEN(SUBSTITUTE(C18, "!", "")) + 1 -> 1 | B18: 3 | C18: 3727 | D18: Retest CELF-6 Standardization Record Form 1 (Ages 5-8) | E18: R_CELF6_RF1_STDZ | F18: =aurora_data!U257 -> 100 | H18: 3757 | I18: Clinical | J18: 2 | K18: CELF-6 RF2 OSEP Gifted and Talented (Ages 9-21) | L18: OSEP_GT_RF2 | M18: Active
A19: =LEN(C19) - LEN(SUBSTITUTE(C19, "!", "")) + 1 -> 1 | B19: 4 | C19: 3728 | D19: Retest CELF-6 Standardization Record Form 2 (Ages 9-16) | E19: R_CELF6_RF2_STDZ | F19: =aurora_data!U357 -> 104 | H19: 3756 | I19: Clinical | J19: 2 | K19: CELF-6 RF1 OSEP Gifted and Talented (Ages 5-8) | L19: OSEP_GT_RF1 | M19: Active
A20: =LEN(C20) - LEN(SUBSTITUTE(C20, "!", "")) + 1 -> 1 | B20: 5 | C20: 3732 | D20: Validity CELF-6 RF1/CELFP-3 (Ages 5-6) | E20: V_CELFP3_RF1 | F20: =aurora_data!U457 -> 35 | H20: 3755 | I20: Clinical | J20: 2 | K20: CELF-6 RF2 OSEP Speech Impairment (Ages 9-21) | L20: OSEP_SI_RF2 | M20: Active
A21: =LEN(C21) - LEN(SUBSTITUTE(C21, "!", "")) + 1 -> 1 | B21: 6 | C21: 3729 | D21: Validity CELF-6 RF1/CELF-5 (Ages 5-8) | E21: V_CELF5_RF1 | F21: =aurora_data!U548 -> 26 | H21: 3754 | I21: Clinical | J21: 2 | K21: CELF-6 RF1 OSEP Speech Impairment (Ages 5-8) | L21: OSEP_SI_RF1 | M21: Active
A22: =LEN(C22) - LEN(SUBSTITUTE(C22, "!", "")) + 1 -> 1 | B22: 7 | C22: 3730 | D22: Validity CELF-6 RF2/CELF-5 (Ages 9-16) | E22: V_CELF5_RF2 | F22: =aurora_data!U648 -> 26 | H22: 3753 | I22: Clinical | J22: 2 | K22: CELF-6 RF2 OSEP Specific Learning Disability (Ages 9-21) | L22: OSEP_SLD_RF2 | M22: Active
A23: =LEN(C23) - LEN(SUBSTITUTE(C23, "!", "")) + 1 -> 1 | B23: 8 | C23: 3731 | D23: Validity CELF-6 RF2/CELF-5 Meta (Ages 9-21) | E23: V_META_RF2 | F23: =aurora_data!U757 -> 35 | H23: 3752 | I23: Clinical | J23: 2 | K23: CELF-6 RF1 OSEP Specific Learning Disability (Ages 5-8) | L23: OSEP_SLD_RF1 | M23: Active
A24: =LEN(C24) - LEN(SUBSTITUTE(C24, "!", "")) + 1 -> 1 | B24: 9 | C24: 3733 | D24: Validity CELF-6 RF1/CCC-2 (Ages 5-8) | E24: V_CCC2_RF1 | F24: =aurora_data!U848 -> 25 | H24: 3751 | I24: Clinical | J24: 2 | K24: CELF-6 RF2 OSEP ADHD (Ages 9-17) | L24: OSEP_ADHD_RF2 | M24: Active
A25: =LEN(C25) - LEN(SUBSTITUTE(C25, "!", "")) + 1 -> 1 | B25: 10 | C25: 3734 | D25: Validity CELF-6 RF2/CCC-2 (Ages 9-16) | E25: V_CCC2_RF2 | F25: =aurora_data!U948 -> 29 | H25: 3750 | I25: Clinical | J25: 2 | K25: CELF-6 RF1 OSEP ADHD (Ages 5-8) | L25: OSEP_ADHD_RF1 | M25: Active
A26: =LEN(C26) - LEN(SUBSTITUTE(C26, "!", "")) + 1 -> 1 | B26: 11 | C26: 3735 | D26: Counterbalance CELF-5/CELF-6 RF1 (Ages 5-8) | E26: CB_CELF5_RF1 | F26: =aurora_data!U1048 -> 27 | H26: 3749 | I26: Clinical | J26: 2 | K26: CELF-6 RF2 OSEP Intellectual Disability (Ages 9-21) | L26: OSEP_ID_RF2 | M26: Active
A27: =LEN(C27) - LEN(SUBSTITUTE(C27, "!", "")) + 1 -> 1 | B27: 12 | C27: 3736 | D27: Counterbalance CELF-5/CELF-6 RF2 (Ages 9-16) | E27: CB_CELF5_RF2 | F27: =aurora_data!U1148 -> 27 | H27: 3748 | I27: Clinical | J27: 2 | K27: CELF-6 RF1 OSEP Intellectual Disability (Ages 5-8) | L27: OSEP_ID_RF1 | M27: Active
A28: =LEN(C28) - LEN(SUBSTITUTE(C28, "!", "")) + 1 -> 1 | B28: 13 | C28: 3737 | D28: Counterbalance CELF-5 Meta/CELF-6 RF2 (Ages 9-21) | E28: CB_META_RF2 | F28: =aurora_data!U1257 -> 33 | H28: 3747 | I28: Clinical | J28: 2 | K28: CELF-6 RF1 OSEP Developmental Delay (Ages 5-8) | L28: OSEP_DD_RF1 | M28: Active
A29: =LEN(C29) - LEN(SUBSTITUTE(C29, "!", "")) + 1 -> 1 | B29: 14 | C29: 3738 | D29: Counterbalance CELFP-3/CELF-6 RF1 (Ages 5-6) | E29: CB_CELFP3_RF1 | F29: =aurora_data!U1357 -> 35 | H29: 3746 | I29: Clinical | J29: 2 | K29: CELF-6 RF 2 Clinical Specific Learning Disability in Reading and/or Writing (Ages 9-21) | L29: C_SLDRW_RF2 | M29: Active
A30: =LEN(C30) - LEN(SUBSTITUTE(C30, "!", "")) + 1 -> 1 | B30: 15 | C30: 3758 | D30: CELF-6 Standardization Record Form 1 (Ages 5-8) Usability | E30: CELF6_RF1_USB | F30: =aurora_data!U1446 -> 2 | H30: 3745 | I30: Clinical | J30: 2 | K30: CELF-6 RF 1 Clinical Specific Learning Disability in Reading and/or Writing (Age 8) | L30: C_SLDRW_RF1 | M30: Active
A31: =LEN(C31) - LEN(SUBSTITUTE(C31, "!", "")) + 1 -> 1 | B31: 16 | C31: 3759 | D31: CELF-6 Standardization Record Form 2 (Ages 9-21) Usability | E31: CELF6_RF2_USB | F31: =aurora_data!U1546 -> 1 | H31: 3744 | I31: Clinical | J31: 2 | K31: CELF-6 RF 2 Clinical Autism Spectrum Disorder (Ages 9-16) | L31: C_ASDL_RF2 | M31: Active
A32: =LEN(C32) - LEN(SUBSTITUTE(C32, "!", "")) + 1 -> 1 | B32: 17 | C32: 3760 | D32: CELF-6 RF 1 Clinical Language Disorder (Ages 5-8) Usability | E32: C_LD_RF1_USB | F32: =aurora_data!U1646 -> 1 | H32: 3743 | I32: Clinical | J32: 2 | K32: CELF-6 RF 1 Clinical Autism Spectrum Disorder (Ages 5-8) | L32: C_ASDL_RF1 | M32: Active
A33: =LEN(C33) - LEN(SUBSTITUTE(C33, "!", "")) + 1 -> 1 | B33: 18 | C33: 3761 | D33: CELF-6 RF 2 Clinical Language Disorder (Ages 9-21) Usability | E33: C_LD_RF2_USB | F33: =aurora_data!U1746 -> 1 | H33: 3741 | I33: Clinical | J33: 2 | K33: CELF-6 RF 1 Clinical Hard of Hearing (Ages 5-8) | L33: C_HH_RF1 | M33: Active
B34: Total | C34: =SUM(A16:A33) -> 18 | H34: 3740 | I34: Clinical | J34: 2 | K34: CELF-6 RF 2 Clinical Language Disorder (Ages 9-16) | L34: C_LD_RF2 | M34: Active
H35: 3739 | I35: Clinical | J35: 2 | K35: CELF-6 RF 1 Clinical Language Disorder (Ages 5-8) | L35: C_LD_RF1 | M35: Active
H36: 3742 | I36: Clinical | J36: 2 | K36: CELF-6 RF 2 Clinical Hard of Hearing (Ages 9-16) | L36: C_HH_RF2 | M36: Active
H37: 3727 | I37: Reliability | J37: 3 | K37: Retest CELF-6 Standardization Record Form 1 (Ages 5-8) | L37: R_CELF6_RF1_STDZ_5-8 | M37: Active
H38: 3728 | I38: Reliability | J38: 3 | K38: Retest CELF-6 Standardization Record Form 2 (Ages 9-16) | L38: R_CELF6_RF2_STDZ_9-16 | M38: Active
H39: 3732 | I39: Validity | J39: 4 | K39: Validity CELF-6 RF1/CELFP-3 (Ages 5-6) | L39: V_CELFP3_RF1 | M39: Active
H40: 3729 | I40: Validity | J40: 4 | K40: Validity CELF-6 RF1/CELF-5 (Ages 5-8) | L40: V_CELF5_RF1 | M40: Active
H41: 3730 | I41: Validity | J41: 4 | K41: Validity CELF-6 RF2/CELF-5 (Ages 9-16) | L41: V_CELF5_RF2 | M41: Active
H42: 3731 | I42: Validity | J42: 4 | K42: Validity CELF-6 RF2/CELF-5 Meta (Ages 9-21) | L42: V_META_RF2 | M42: Active
H43: 3733 | I43: Validity | J43: 4 | K43: Validity CELF-6 RF1/CCC-2 (Ages 5-8) | L43: V_CCC2_RF1 | M43: Active
H44: 3734 | I44: Validity | J44: 4 | K44: Validity CELF-6 RF2/CCC-2 (Ages 9-16) | L44: V_CCC2_RF2 | M44: Active
H45: 3735 | I45: Validity | J45: 4 | K45: Counterbalance CELF-5/CELF-6 RF1 (Ages 5-8) | L45: CB_CELF5_RF1 | M45: Active
H46: 3736 | I46: Validity | J46: 4 | K46: Counterbalance CELF-5/CELF-6 RF2 (Ages 9-16) | L46: CB_CELF5_RF2 | M46: Active
... H52: 3761 | I52: Other | J52: 7 | K52: CELF-6 RF 2 Clinical Language Disorder (Ages 9-21) Usability | L52: C_LD_RF2_USB | M52: Active

Sheet Open Cells
A8: =setup!C16 -> 3725
A9: =setup!D16 -> CELF-6 Standardization Record Form 1 (Ages 5-8)
A10: status | B10: day | C10: Yr | D10: Wk | E10: WeekOf | F10: ageband | G10: variable_type | H10: variable_value | I10: target | J10: targetRounded | K10: AssignDay | L10: AssignCounts | M10: totalCells | N10: cummAssingCount | O10: openCells | P10: reportSession | Q10: last_refreshed
A11: Total Assignments | B11: 08/05/2026 | C11: 2026 | D11: 32 | E11: 08/03/2026 | F11: 05.00.00-05.05.30 | G11: ED | H11: 1 | I11: 6.96 | J11: 7 | K11: 01/01/2024 | L11: 10 | M11: 2400 | N11: 10 | O11: 0 | P11: 0 | Q11: 08/05/2026 @ 7:32 AM
A12: Total Assignments | B12: 08/05/2026 | C12: 2026 | D12: 32 | E12: 08/03/2026 | F12: 05.00.00-05.05.30 | G12: ED | H12: 2 | I12: 19.98 | J12: 20 | K12: 01/01/2024 | L12: 22 | M12: 2400 | N12: 22 | O12: 0 | P12: 0 | Q12: 08/05/2026 @ 7:32 AM
A13: Total Assignments | B13: 08/05/2026 | C13: 2026 | D13: 32 | E13: 08/03/2026 | F13: 05.00.00-05.05.30 | G13: ED | H13: 3 | I13: 32.57 | J13: 33 | K13: 01/01/2024 | L13: 39 | M13: 2400 | N13: 39 | O13: 0 | P13: 0 | Q13: 08/05/2026 @ 7:32 AM
A14: Total Assignments | B14: 08/05/2026 | C14: 2026 | D14: 32 | E14: 08/03/2026 | F14: 05.00.00-05.05.30 | G14: ED | H14: 4 | I14: 40.48 | J14: 40 | K14: 01/01/2024 | L14: 46 | M14: 2400 | N14: 46 | O14: 0 | P14: 0 | Q14: 08/05/2026 @ 7:32 AM
A15: Total Assignments | B15: 08/05/2026 | C15: 2026 | D15: 32 | E15: 08/03/2026 | F15: 05.00.00-05.05.30 | G15: ETH | H15: AS | I15: 4.58 | J15: 5 | K15: 01/01/2024 | L15: 8 | M15: 2400 | N15: 8 | O15: 0 | P15: 0 | Q15: 08/05/2026 @ 7:32 AM
A16: Total Assignments | B16: 08/05/2026 | C16: 2026 | D16: 32 | E16: 08/03/2026 | F16: 05.00.00-05.05.30 | G16: ETH | H16: BL | I16: 13.31 | J16: 13 | K16: 01/01/2024 | L16: 15 | M16: 2400 | N16: 15 | O16: 0 | P16: 0 | Q16: 08/05/2026 @ 7:32 AM
A17: Total Assignments | B17: 08/05/2026 | C17: 2026 | D17: 32 | E17: 08/03/2026 | F17: 05.00.00-05.05.30 | G17: ETH | H17: HI | I17: 23.1 | J17: 23 | K17: 01/01/2024 | L17: 23 | M17: 2400 | N17: 23 | O17: 0 | P17: 0 | Q17: 08/05/2026 @ 7:32 AM
A18: Total Assignments | B18: 08/05/2026 | C18: 2026 | D18: 32 | E18: 08/03/2026 | F18: 05.00.00-05.05.30 | G18: ETH | H18: OT | I18: 10.54 | J18: 11 | K18: 01/01/2024 | L18: 15 | M18: 2400 | N18: 15 | O18: 0 | P18: 0 | Q18: 08/05/2026 @ 7:32 AM
A19: Total Assignments | B19: 08/05/2026 | C19: 2026 | D19: 32 | E19: 08/03/2026 | F19: 05.00.00-05.05.30 | G19: ETH | H19: WH | I19: 48.47 | J19: 48 | K19: 01/01/2024 | L19: 56 | M19: 2400 | N19: 56 | O19: 0 | P19: 0 | Q19: 08/05/2026 @ 7:32 AM
A20: Total Assignments | B20: 08/05/2026 | C20: 2026 | D20: 32 | E20: 08/03/2026 | F20: 05.00.00-05.05.30 | G20: REGION | H20: MW | I20: 21.13 | J20: 21 | K20: 01/01/2024 | L20: 29 | M20: 2400 | N20: 29 | O20: 0 | P20: 0 | Q20: 08/05/2026 @ 7:32 AM
A21: Total Assignments | B21: 08/05/2026 | C21: 2026 | D21: 32 | E21: 08/03/2026 | F21: 05.00.00-05.05.30 | G21: REGION | H21: NE | I21: 15.8 | J21: 16 | K21: 01/01/2024 | L21: 18 | M21: 2400 | N21: 18 | O21: 0 | P21: 0 | Q21: 08/05/2026 @ 7:32 AM
A22: Total Assignments | B22: 08/05/2026 | C22: 2026 | D22: 32 | E22: 08/03/2026 | F22: 05.00.00-05.05.30 | G22: REGION | H22: SO | I22: 39.96 | J22: 40 | K22: 01/01/2024 | L22: 44 | M22: 2400 | N22: 44 | O22: 0 | P22: 0 | Q22: 08/05/2026 @ 7:32 AM
... A106: Total Assignments | B106: 08/05/2026 | C106: 2026 | D106: 32 | E106: 08/03/2026 | F106: 08.00.00-08.11.30 | G106: SEX | H106: OTHER | I106: 0 | J106: 0 | K106: 08/05/2026 | L106: 0 | M106: 2400 | N106: 0 | O106: 0 | P106: 0 | Q106: 08/05/2026 @ 7:32 AM
A158: =setup!C17 -> 3726
A159: =setup!D17 -> CELF-6 Standardization Record Form 2 (Ages 9-21)
A160: status | B160: day | C160: Yr | D160: Wk | E160: WeekOf | F160: ageband | G160: variable_type | H160: variable_value | I160: target | J160: targetRounded | K160: AssignDay | L160: AssignCounts | M160: totalCells | N160: cummAssingCount | O160: openCells | P160: reportSession | Q160: last_refreshed
A161: Total Assignments | B161: 08/05/2026 | C161: 2026 | D161: 32 | E161: 08/03/2026 | F161: 09.00.00-09.11.30 | G161: ED | H161: 1 | I161: 8.29 | J161: 8 | K161: 01/01/2024 | L161: 10 | M161: 3600 | N161: 10 | O161: 0 | P161: 0 | Q161: 08/05/2026 @ 7:31 AM
A162: Total Assignments | B162: 08/05/2026 | C162: 2026 | D162: 32 | E162: 08/03/2026 | F162: 09.00.00-09.11.30 | G162: ED | H162: 2 | I162: 20.14 | J162: 20 | K162: 01/01/2024 | L162: 27 | M162: 3600 | N162: 27 | O162: 0 | P162: 0 | Q162: 08/05/2026 @ 7:31 AM
A163: Total Assignments | B163: 08/05/2026 | C163: 2026 | D163: 32 | E163: 08/03/2026 | F163: 09.00.00-09.11.30 | G163: ED | H163: 3 | I163: 31.94 | J163: 32 | K163: 01/01/2024 | L163: 45 | M163: 3600 | N163: 45 | O163: 0 | P163: 0 | Q163: 08/05/2026 @ 7:31 AM
A164: Total Assignments | B164: 08/05/2026 | C164: 2026 | D164: 32 | E164: 08/03/2026 | F164: 09.00.00-09.11.30 | G164: ED | H164: 4 | I164: 39.63 | J164: 40 | K164: 01/01/2024 | L164: 48 | M164: 3600 | N164: 48 | O164: 0 | P164: 0 | Q164: 08/05/2026 @ 7:31 AM
A165: Total Assignments | B165: 08/05/2026 | C165: 2026 | D165: 32 | E165: 08/03/2026 | F165: 09.00.00-09.11.30 | G165: ETH | H165: AS | I165: 5.08 | J165: 5 | K165: 01/01/2024 | L165: 6 | M165: 3600 | N165: 6 | O165: 0 | P165: 0 | Q165: 08/05/2026 @ 7:31 AM
A166: Total Assignments | B166: 08/05/2026 | C166: 2026 | D166: 32 | E166: 08/03/2026 | F166: 09.00.00-09.11.30 | G166: ETH | H166: BL | I166: 12.66 | J166: 13 | K166: 01/01/2024 | L166: 18 | M166: 3600 | N166: 18 | O166: 0 | P166: 0 | Q166: 08/05/2026 @ 7:31 AM
A167: Total Assignments | B167: 08/05/2026 | C167: 2026 | D167: 32 | E167: 08/03/2026 | F167: 09.00.00-09.11.30 | G167: ETH | H167: HI | I167: 24 | J167: 24 | K167: 01/01/2024 | L167: 32 | M167: 3600 | N167: 32 | O167: 0 | P167: 0 | Q167: 08/05/2026 @ 7:31 AM
A168: Total Assignments | B168: 08/05/2026 | C168: 2026 | D168: 32 | E168: 08/03/2026 | F168: 09.00.00-09.11.30 | G168: ETH | H168: OT | I168: 9.92 | J168: 10 | K168: 01/01/2024 | L168: 12 | M168: 3600 | N168: 12 | O168: 0 | P168: 0 | Q168: 08/05/2026 @ 7:31 AM
A169: Total Assignments | B169: 08/05/2026 | C169: 2026 | D169: 32 | E169: 08/03/2026 | F169: 09.00.00-09.11.30 | G169: ETH | H169: WH | I169: 48.34 | J169: 48 | K169: 01/01/2024 | L169: 62 | M169: 3600 | N169: 62 | O169: 0 | P169: 0 | Q169: 08/05/2026 @ 7:31 AM
A170: Total Assignments | B170: 08/05/2026 | C170: 2026 | D170: 32 | E170: 08/03/2026 | F170: 09.00.00-09.11.30 | G170: REGION | H170: MW | I170: 21.61 | J170: 22 | K170: 01/01/2024 | L170: 30 | M170: 3600 | N170: 30 | O170: 0 | P170: 0 | Q170: 08/05/2026 @ 7:31 AM
A171: Total Assignments | B171: 08/05/2026 | C171: 2026 | D171: 32 | E171: 08/03/2026 | F171: 09.00.00-09.11.30 | G171: REGION | H171: NE | I171: 15.54 | J171: 16 | K171: 01/01/2024 | L171: 17 | M171: 3600 | N171: 17 | O171: 0 | P171: 0 | Q171: 08/05/2026 @ 7:31 AM
A172: Total Assignments | B172: 08/05/2026 | C172: 2026 | D172: 32 | E172: 08/03/2026 | F172: 09.00.00-09.11.30 | G172: REGION | H172: SO | I172: 39.7 | J172: 40 | K172: 01/01/2024 | L172: 53 | M172: 3600 | N172: 53 | O172: 0 | P172: 0 | Q172: 08/05/2026 @ 7:31 AM
... A304: Total Assignments | B304: 08/05/2026 | C304: 2026 | D304: 32 | E304: 08/03/2026 | F304: 17.00.00-21.11.30 | G304: SEX | H304: OTHER | I304: 0 | J304: 0 | K304: 08/05/2026 | L304: 0 | M304: 3600 | N304: 0 | O304: 0 | P304: 0 | Q304: 08/05/2026 @ 7:31 AM
A356: =setup!C18 -> 3727
A357: =setup!D18 -> Retest CELF-6 Standardization Record Form 1 (Ages 5-8)
A358: status | B358: day | C358: Yr | D358: Wk | E358: WeekOf | F358: ageband | G358: variable_type | H358: variable_value | I358: target | J358: targetRounded | K358: AssignDay | L358: AssignCounts | M358: totalCells | N358: cummAssingCount | O358: openCells | P358: reportSession | Q358: last_refreshed
A359: Total Assignments | B359: 08/05/2026 | C359: 2026 | D359: 32 | E359: 08/03/2026 | F359: 05.00.00-06.11.30 | H359: 5 | I359: 1 | J359: 1 | K359: 08/05/2026 | L359: 0 | M359: 32 | N359: 0 | O359: 1 | P359: 0 | Q359: 08/05/2026 @ 7:31 AM
A360: Total Assignments | B360: 08/05/2026 | C360: 2026 | D360: 32 | E360: 08/03/2026 | F360: 05.00.00-06.11.30 | G360: ED | H360: 1 | I360: 1 | J360: 1 | K360: 01/01/2024 | L360: 2 | M360: 32 | N360: 2 | O360: 0 | P360: 0 | Q360: 08/05/2026 @ 7:31 AM
A361: Total Assignments | B361: 08/05/2026 | C361: 2026 | D361: 32 | E361: 08/03/2026 | F361: 05.00.00-06.11.30 | G361: ED | H361: 2 | I361: 1 | J361: 1 | K361: 01/01/2024 | L361: 7 | M361: 32 | N361: 7 | O361: 0 | P361: 0 | Q361: 08/05/2026 @ 7:31 AM
A362: Total Assignments | B362: 08/05/2026 | C362: 2026 | D362: 32 | E362: 08/03/2026 | F362: 05.00.00-06.11.30 | G362: ED | H362: 3 | I362: 1 | J362: 1 | K362: 01/01/2024 | L362: 15 | M362: 32 | N362: 15 | O362: 0 | P362: 0 | Q362: 08/05/2026 @ 7:31 AM
A363: Total Assignments | B363: 08/05/2026 | C363: 2026 | D363: 32 | E363: 08/03/2026 | F363: 05.00.00-06.11.30 | G363: ED | H363: 4 | I363: 1 | J363: 1 | K363: 01/01/2024 | L363: 26 | M363: 32 | N363: 26 | O363: 0 | P363: 0 | Q363: 08/05/2026 @ 7:31 AM
A364: Total Assignments | B364: 08/05/2026 | C364: 2026 | D364: 32 | E364: 08/03/2026 | F364: 05.00.00-06.11.30 | G364: ETH | H364: AS | I364: 1 | J364: 1 | K364: 01/01/2024 | L364: 3 | M364: 32 | N364: 3 | O364: 0 | P364: 0 | Q364: 08/05/2026 @ 7:31 AM
A365: Total Assignments | B365: 08/05/2026 | C365: 2026 | D365: 32 | E365: 08/03/2026 | F365: 05.00.00-06.11.30 | G365: ETH | H365: BL | I365: 1 | J365: 1 | K365: 01/01/2024 | L365: 5 | M365: 32 | N365: 5 | O365: 0 | P365: 0 | Q365: 08/05/2026 @ 7:31 AM
A366: Total Assignments | B366: 08/05/2026 | C366: 2026 | D366: 32 | E366: 08/03/2026 | F366: 05.00.00-06.11.30 | G366: ETH | H366: HI | I366: 1 | J366: 1 | K366: 01/01/2024 | L366: 8 | M366: 32 | N366: 8 | O366: 0 | P366: 0 | Q366: 08/05/2026 @ 7:31 AM
A367: Total Assignments | B367: 08/05/2026 | C367: 2026 | D367: 32 | E367: 08/03/2026 | F367: 05.00.00-06.11.30 | G367: ETH | H367: OT | I367: 1 | J367: 1 | K367: 01/01/2024 | L367: 7 | M367: 32 | N367: 7 | O367: 0 | P367: 0 | Q367: 08/05/2026 @ 7:31 AM
A368: Total Assignments | B368: 08/05/2026 | C368: 2026 | D368: 32 | E368: 08/03/2026 | F368: 05.00.00-06.11.30 | G368: ETH | H368: WH | I368: 1 | J368: 1 | K368: 01/01/2024 | L368: 27 | M368: 32 | N368: 27 | O368: 0 | P368: 0 | Q368: 08/05/2026 @ 7:31 AM
A369: Total Assignments | B369: 08/05/2026 | C369: 2026 | D369: 32 | E369: 08/03/2026 | F369: 05.00.00-06.11.30 | G369: REGION | H369: MW | I369: 1 | J369: 1 | K369: 01/01/2024 | L369: 14 | M369: 32 | N369: 14 | O369: 0 | P369: 0 | Q369: 08/05/2026 @ 7:31 AM
A370: Total Assignments | B370: 08/05/2026 | C370: 2026 | D370: 32 | E370: 08/03/2026 | F370: 05.00.00-06.11.30 | G370: REGION | H370: NE | I370: 1 | J370: 1 | K370: 01/01/2024 | L370: 2 | M370: 32 | N370: 2 | O370: 0 | P370: 0 | Q370: 08/05/2026 @ 7:31 AM
A371: Total Assignments | B371: 08/05/2026 | C371: 2026 | D371: 32 | E371: 08/03/2026 | F371: 05.00.00-06.11.30 | G371: REGION | H371: SO | I371: 1 | J371: 1 | K371: 01/01/2024 | L371: 17 | M371: 32 | N371: 17 | O371: 0 | P371: 0 | Q371: 08/05/2026 @ 7:31 AM
... A375: Total Assignments | B375: 08/05/2026 | C375: 2026 | D375: 32 | E375: 08/03/2026 | F375: 05.00.00-06.11.30 | G375: SEX | H375: OTHER | I375: 0 | J375: 0 | K375: 08/05/2026 | L375: 0 | M375: 32 | N375: 0 | O375: 0 | P375: 0 | Q375: 08/05/2026 @ 7:31 AM
A376: Total Assignments | B376: 08/05/2026 | C376: 2026 | D376: 32 | E376: 08/03/2026 | F376: 07.00.00-08.11.30 | H376: 5 | I376: 1 | J376: 1 | K376: 08/05/2026 | L376: 0 | M376: 32 | N376: 0 | O376: 1 | P376: 0 | Q376: 08/05/2026 @ 7:31 AM
A377: Total Assignments | B377: 08/05/2026 | C377: 2026 | D377: 32 | E377: 08/03/2026 | F377: 07.00.00-08.11.30 | G377: ED | H377: 1 | I377: 1 | J377: 1 | K377: 01/01/2024 | L377: 2 | M377: 32 | N377: 2 | O377: 0 | P377: 0 | Q377: 08/05/2026 @ 7:31 AM
A378: Total Assignments | B378: 08/05/2026 | C378: 2026 | D378: 32 | E378: 08/03/2026 | F378: 07.00.00-08.11.30 | G378: ED | H378: 2 | I378: 1 | J378: 1 | K378: 01/01/2024 | L378: 9 | M378: 32 | N378: 9 | O378: 0 | P378: 0 | Q378: 08/05/2026 @ 7:31 AM
A379: Total Assignments | B379: 08/05/2026 | C379: 2026 | D379: 32 | E379: 08/03/2026 | F379: 07.00.00-08.11.30 | G379: ED | H379: 3 | I379: 1 | J379: 1 | K379: 01/01/2024 | L379: 15 | M379: 32 | N379: 15 | O379: 0 | P379: 0 | Q379: 08/05/2026 @ 7:31 AM
A380: Total Assignments | B380: 08/05/2026 | C380: 2026 | D380: 32 | E380: 08/03/2026 | F380: 07.00.00-08.11.30 | G380: ED | H380: 4 | I380: 1 | J380: 1 | K380: 01/01/2024 | L380: 25 | M380: 32 | N380: 25 | O380: 0 | P380: 0 | Q380: 08/05/2026 @ 7:31 AM
A381: Total Assignments | B381: 08/05/2026 | C381: 2026 | D381: 32 | E381: 08/03/2026 | F381: 07.00.00-08.11.30 | G381: ETH | H381: AS | I381: 1 | J381: 1 | K381: 01/01/2024 | L381: 5 | M381: 32 | N381: 5 | O381: 0 | P381: 0 | Q381: 08/05/2026 @ 7:31 AM
A382: Total Assignments | B382: 08/05/2026 | C382: 2026 | D382: 32 | E382: 08/03/2026 | F382: 07.00.00-08.11.30 | G382: ETH | H382: BL | I382: 1 | J382: 1 | K382: 01/01/2024 | L382: 8 | M382: 32 | N382: 8 | O382: 0 | P382: 0 | Q382: 08/05/2026 @ 7:31 AM
A383: Total Assignments | B383: 08/05/2026 | C383: 2026 | D383: 32 | E383: 08/03/2026 | F383: 07.00.00-08.11.30 | G383: ETH | H383: HI | I383: 1 | J383: 1 | K383: 01/01/2024 | L383: 10 | M383: 32 | N383: 10 | O383: 0 | P383: 0 | Q383: 08/05/2026 @ 7:31 AM
A384: Total Assignments | B384: 08/05/2026 | C384: 2026 | D384: 32 | E384: 08/03/2026 | F384: 07.00.00-08.11.30 | G384: ETH | H384: OT | I384: 1 | J384: 1 | K384: 01/01/2024 | L384: 5 | M384: 32 | N384: 5 | O384: 0 | P384: 0 | Q384: 08/05/2026 @ 7:31 AM
A385: Total Assignments | B385: 08/05/2026 | C385: 2026 | D385: 32 | E385: 08/03/2026 | F385: 07.00.00-08.11.30 | G385: ETH | H385: WH | I385: 1 | J385: 1 | K385: 01/01/2024 | L385: 23 | M385: 32 | N385: 23 | O385: 0 | P385: 0 | Q385: 08/05/2026 @ 7:31 AM
A386: Total Assignments | B386: 08/05/2026 | C386: 2026 | D386: 32 | E386: 08/03/2026 | F386: 07.00.00-08.11.30 | G386: REGION | H386: MW | I386: 1 | J386: 1 | K386: 01/01/2024 | L386: 12 | M386: 32 | N386: 12 | O386: 0 | P386: 0 | Q386: 08/05/2026 @ 7:31 AM
A387: Total Assignments | B387: 08/05/2026 | C387: 2026 | D387: 32 | E387: 08/03/2026 | F387: 07.00.00-08.11.30 | G387: REGION | H387: NE | I387: 1 | J387: 1 | K387: 01/01/2024 | L387: 4 | M387: 32 | N387: 4 | O387: 0 | P387: 0 | Q387: 08/05/2026 @ 7:31 AM
A388: Total Assignments | B388: 08/05/2026 | C388: 2026 | D388: 32 | E388: 08/03/2026 | F388: 07.00.00-08.11.30 | G388: REGION | H388: SO | I388: 1 | J388: 1 | K388: 01/01/2024 | L388: 23 | M388: 32 | N388: 23 | O388: 0 | P388: 0 | Q388: 08/05/2026 @ 7:31 AM
... A392: Total Assignments | B392: 08/05/2026 | C392: 2026 | D392: 32 | E392: 08/03/2026 | F392: 07.00.00-08.11.30 | G392: SEX | H392: OTHER | I392: 0 | J392: 0 | K392: 08/05/2026 | L392: 0 | M392: 32 | N392: 0 | O392: 0 | P392: 0 | Q392: 08/05/2026 @ 7:31 AM
A410: =setup!C19 -> 3728
A411: =setup!D19 -> Retest CELF-6 Standardization Record Form 2 (Ages 9-16)
A412: status | B412: day | C412: Yr | D412: Wk | E412: WeekOf | F412: ageband | G412: variable_type | H412: variable_value | I412: target | J412: targetRounded | K412: AssignDay | L412: AssignCounts | M412: totalCells | N412: cummAssingCount | O412: openCells | P412: reportSession | Q412: last_refreshed
A413: Total Assignments | B413: 08/05/2026 | C413: 2026 | D413: 32 | E413: 08/03/2026 | F413: 09.00.00-11.11.30 | H413: 5 | I413: 1 | J413: 1 | K413: 08/05/2026 | L413: 0 | M413: 32 | N413: 0 | O413: 1 | P413: 0 | Q413: 08/05/2026 @ 7:31 AM
A414: Total Assignments | B414: 08/05/2026 | C414: 2026 | D414: 32 | E414: 08/03/2026 | F414: 09.00.00-11.11.30 | G414: ED | H414: 1 | I414: 1 | J414: 1 | K414: 01/01/2024 | L414: 5 | M414: 32 | N414: 5 | O414: 0 | P414: 0 | Q414: 08/05/2026 @ 7:31 AM
A415: Total Assignments | B415: 08/05/2026 | C415: 2026 | D415: 32 | E415: 08/03/2026 | F415: 09.00.00-11.11.30 | G415: ED | H415: 2 | I415: 1 | J415: 1 | K415: 01/01/2024 | L415: 6 | M415: 32 | N415: 6 | O415: 0 | P415: 0 | Q415: 08/05/2026 @ 7:31 AM
A416: Total Assignments | B416: 08/05/2026 | C416: 2026 | D416: 32 | E416: 08/03/2026 | F416: 09.00.00-11.11.30 | G416: ED | H416: 3 | I416: 1 | J416: 1 | K416: 01/01/2024 | L416: 22 | M416: 32 | N416: 22 | O416: 0 | P416: 0 | Q416: 08/05/2026 @ 7:31 AM
A417: Total Assignments | B417: 08/05/2026 | C417: 2026 | D417: 32 | E417: 08/03/2026 | F417: 09.00.00-11.11.30 | G417: ED | H417: 4 | I417: 1 | J417: 1 | K417: 01/01/2024 | L417: 18 | M417: 32 | N417: 18 | O417: 0 | P417: 0 | Q417: 08/05/2026 @ 7:31 AM
A418: Total Assignments | B418: 08/05/2026 | C418: 2026 | D418: 32 | E418: 08/03/2026 | F418: 09.00.00-11.11.30 | G418: ETH | H418: AS | I418: 1 | J418: 1 | K418: 01/01/2024 | L418: 3 | M418: 32 | N418: 3 | O418: 0 | P418: 0 | Q418: 08/05/2026 @ 7:31 AM
A419: Total Assignments | B419: 08/05/2026 | C419: 2026 | D419: 32 | E419: 08/03/2026 | F419: 09.00.00-11.11.30 | G419: ETH | H419: BL | I419: 1 | J419: 1 | K419: 01/01/2024 | L419: 2 | M419: 32 | N419: 2 | O419: 0 | P419: 0 | Q419: 08/05/2026 @ 7:31 AM
A420: Total Assignments | B420: 08/05/2026 | C420: 2026 | D420: 32 | E420: 08/03/2026 | F420: 09.00.00-11.11.30 | G420: ETH | H420: HI | I420: 1 | J420: 1 | K420: 01/01/2024 | L420: 12 | M420: 32 | N420: 12 | O420: 0 | P420: 0 | Q420: 08/05/2026 @ 7:31 AM
A421: Total Assignments | B421: 08/05/2026 | C421: 2026 | D421: 32 | E421: 08/03/2026 | F421: 09.00.00-11.11.30 | G421: ETH | H421: OT | I421: 1 | J421: 1 | K421: 01/01/2024 | L421: 5 | M421: 32 | N421: 5 | O421: 0 | P421: 0 | Q421: 08/05/2026 @ 7:31 AM
A422: Total Assignments | B422: 08/05/2026 | C422: 2026 | D422: 32 | E422: 08/03/2026 | F422: 09.00.00-11.11.30 | G422: ETH | H422: WH | I422: 1 | J422: 1 | K422: 01/01/2024 | L422: 29 | M422: 32 | N422: 29 | O422: 0 | P422: 0 | Q422: 08/05/2026 @ 7:31 AM
A423: Total Assignments | B423: 08/05/2026 | C423: 2026 | D423: 32 | E423: 08/03/2026 | F423: 09.00.00-11.11.30 | G423: REGION | H423: MW | I423: 1 | J423: 1 | K423: 01/01/2024 | L423: 13 | M423: 32 | N423: 13 | O423: 0 | P423: 0 | Q423: 08/05/2026 @ 7:31 AM
A424: Total Assignments | B424: 08/05/2026 | C424: 2026 | D424: 32 | E424: 08/03/2026 | F424: 09.00.00-11.11.30 | G424: REGION | H424: NE | I424: 1 | J424: 1 | K424: 01/01/2024 | L424: 4 | M424: 32 | N424: 4 | O424: 0 | P424: 0 | Q424: 08/05/2026 @ 7:31 AM
A425: Total Assignments | B425: 08/05/2026 | C425: 2026 | D425: 32 | E425: 08/03/2026 | F425: 09.00.00-11.11.30 | G425: REGION | H425: SO | I425: 1 | J425: 1 | K425: 01/01/2024 | L425: 22 | M425: 32 | N425: 22 | O425: 0 | P425: 0 | Q425: 08/05/2026 @ 7:31 AM
... A429: Total Assignments | B429: 08/05/2026 | C429: 2026 | D429: 32 | E429: 08/03/2026 | F429: 09.00.00-11.11.30 | G429: SEX | H429: OTHER | I429: 0 | J429: 0 | K429: 08/05/2026 | L429: 0 | M429: 32 | N429: 0 | O429: 0 | P429: 0 | Q429: 08/05/2026 @ 7:31 AM
A430: Total Assignments | B430: 08/05/2026 | C430: 2026 | D430: 32 | E430: 08/03/2026 | F430: 12.00.00-16.11.30 | H430: 5 | I430: 1 | J430: 1 | K430: 08/05/2026 | L430: 0 | M430: 32 | N430: 0 | O430: 1 | P430: 0 | Q430: 08/05/2026 @ 7:31 AM
A431: Total Assignments | B431: 08/05/2026 | C431: 2026 | D431: 32 | E431: 08/03/2026 | F431: 12.00.00-16.11.30 | G431: ED | H431: 1 | I431: 1 | J431: 1 | K431: 01/01/2024 | L431: 6 | M431: 32 | N431: 6 | O431: 0 | P431: 0 | Q431: 08/05/2026 @ 7:31 AM
A432: Total Assignments | B432: 08/05/2026 | C432: 2026 | D432: 32 | E432: 08/03/2026 | F432: 12.00.00-16.11.30 | G432: ED | H432: 2 | I432: 1 | J432: 1 | K432: 01/01/2024 | L432: 10 | M432: 32 | N432: 10 | O432: 0 | P432: 0 | Q432: 08/05/2026 @ 7:31 AM
A433: Total Assignments | B433: 08/05/2026 | C433: 2026 | D433: 32 | E433: 08/03/2026 | F433: 12.00.00-16.11.30 | G433: ED | H433: 3 | I433: 1 | J433: 1 | K433: 01/01/2024 | L433: 17 | M433: 32 | N433: 17 | O433: 0 | P433: 0 | Q433: 08/05/2026 @ 7:31 AM
A434: Total Assignments | B434: 08/05/2026 | C434: 2026 | D434: 32 | E434: 08/03/2026 | F434: 12.00.00-16.11.30 | G434: ED | H434: 4 | I434: 1 | J434: 1 | K434: 01/01/2024 | L434: 20 | M434: 32 | N434: 20 | O434: 0 | P434: 0 | Q434: 08/05/2026 @ 7:31 AM
A435: Total Assignments | B435: 08/05/2026 | C435: 2026 | D435: 32 | E435: 08/03/2026 | F435: 12.00.00-16.11.30 | G435: ETH | H435: AS | I435: 1 | J435: 1 | K435: 01/01/2024 | L435: 10 | M435: 32 | N435: 10 | O435: 0 | P435: 0 | Q435: 08/05/2026 @ 7:31 AM
A436: Total Assignments | B436: 08/05/2026 | C436: 2026 | D436: 32 | E436: 08/03/2026 | F436: 12.00.00-16.11.30 | G436: ETH | H436: BL | I436: 1 | J436: 1 | K436: 01/01/2024 | L436: 5 | M436: 32 | N436: 5 | O436: 0 | P436: 0 | Q436: 08/05/2026 @ 7:31 AM
A437: Total Assignments | B437: 08/05/2026 | C437: 2026 | D437: 32 | E437: 08/03/2026 | F437: 12.00.00-16.11.30 | G437: ETH | H437: HI | I437: 1 | J437: 1 | K437: 01/01/2024 | L437: 11 | M437: 32 | N437: 11 | O437: 0 | P437: 0 | Q437: 08/05/2026 @ 7:31 AM
A438: Total Assignments | B438: 08/05/2026 | C438: 2026 | D438: 32 | E438: 08/03/2026 | F438: 12.00.00-16.11.30 | G438: ETH | H438: OT | I438: 1 | J438: 1 | K438: 01/01/2024 | L438: 2 | M438: 32 | N438: 2 | O438: 0 | P438: 0 | Q438: 08/05/2026 @ 7:31 AM
A439: Total Assignments | B439: 08/05/2026 | C439: 2026 | D439: 32 | E439: 08/03/2026 | F439: 12.00.00-16.11.30 | G439: ETH | H439: WH | I439: 1 | J439: 1 | K439: 01/01/2024 | L439: 25 | M439: 32 | N439: 25 | O439: 0 | P439: 0 | Q439: 08/05/2026 @ 7:31 AM
A440: Total Assignments | B440: 08/05/2026 | C440: 2026 | D440: 32 | E440: 08/03/2026 | F440: 12.00.00-16.11.30 | G440: REGION | H440: MW | I440: 1 | J440: 1 | K440: 01/01/2024 | L440: 10 | M440: 32 | N440: 10 | O440: 0 | P440: 0 | Q440: 08/05/2026 @ 7:31 AM
A441: Total Assignments | B441: 08/05/2026 | C441: 2026 | D441: 32 | E441: 08/03/2026 | F441: 12.00.00-16.11.30 | G441: REGION | H441: NE | I441: 1 | J441: 1 | K441: 01/01/2024 | L441: 3 | M441: 32 | N441: 3 | O441: 0 | P441: 0 | Q441: 08/05/2026 @ 7:31 AM
A442: Total Assignments | B442: 08/05/2026 | C442: 2026 | D442: 32 | E442: 08/03/2026 | F442: 12.00.00-16.11.30 | G442: REGION | H442: SO | I442: 1 | J442: 1 | K442: 01/01/2024 | L442: 23 | M442: 32 | N442: 23 | O442: 0 | P442: 0 | Q442: 08/05/2026 @ 7:31 AM
... A446: Total Assignments | B446: 08/05/2026 | C446: 2026 | D446: 32 | E446: 08/03/2026 | F446: 12.00.00-16.11.30 | G446: SEX | H446: OTHER | I446: 0 | J446: 0 | K446: 08/05/2026 | L446: 0 | M446: 32 | N446: 0 | O446: 0 | P446: 0 | Q446: 08/05/2026 @ 7:31 AM
A464: =setup!C20 -> 3732
A465: =setup!D20 -> Validity CELF-6 RF1/CELFP-3 (Ages 5-6)
A466: status | B466: day | C466: Yr | D466: Wk | E466: WeekOf | F466: ageband | G466: variable_type | H466: variable_value | I466: target | J466: targetRounded | K466: AssignDay | L466: AssignCounts | M466: totalCells | N466: cummAssingCount | O466: openCells | P466: reportSession | Q466: last_refreshed
A467: Total Assignments | B467: 08/05/2026 | C467: 2026 | D467: 32 | E467: 08/03/2026 | F467: 05.00.00-05.11.30 | H467: 5 | I467: 1 | J467: 1 | K467: 08/05/2026 | L467: 0 | M467: 32 | N467: 0 | O467: 1 | P467: 0 | Q467: 08/05/2026 @ 7:31 AM
A468: Total Assignments | B468: 08/05/2026 | C468: 2026 | D468: 32 | E468: 08/03/2026 | F468: 05.00.00-05.11.30 | G468: ED | H468: 1 | I468: 1 | J468: 1 | K468: 01/01/2024 | L468: 2 | M468: 32 | N468: 2 | O468: 0 | P468: 0 | Q468: 08/05/2026 @ 7:31 AM
A469: Total Assignments | B469: 08/05/2026 | C469: 2026 | D469: 32 | E469: 08/03/2026 | F469: 05.00.00-05.11.30 | G469: ED | H469: 2 | I469: 1 | J469: 1 | K469: 01/01/2024 | L469: 6 | M469: 32 | N469: 6 | O469: 0 | P469: 0 | Q469: 08/05/2026 @ 7:31 AM
...

Sheet aurora_data
A1: =setup!C16 -> 3725 | F1: CELF-6 Standardization Record Form 1 (Ages 5-8) - CELF6_RF1_STDZ | AA1: =setup!C16 -> 3725 | AM1: CELF6_STDZ_Eth_by_Ed | CA1: =setup!C16 -> 3725 | CK1: CELF6_STDZ_Sex_by_Eth | DA1: 3725 | DL1: CELF6_STDZ_Sex_by_Ed | FA1: 3725 | FK1: CELF6_STDZ_Eth_by_Reg
A2: =_xlfn.CONCAT(setup!D16, " - ",setup!E16) -> CELF-6 Standardization Record Form 1 (Ages 5-8) - CELF6_RF1_STDZ | AA2: =_xlfn.CONCAT(setup!D16, " - ",setup!E16) -> CELF-6 Standardization Record Form 1 (Ages 5-8) - CELF6_RF1_STDZ | CA2: =_xlfn.CONCAT(setup!D16, " - ",setup!E16) -> CELF-6 Standardization Record Form 1 (Ages 5-8) - CELF6_RF1_STDZ | DA2: CELF-6 Standardization Record Form 1 (Ages 5-8) - CELF6_RF1_STDZ | FA2: CELF-6 Standardization Record Form 1 (Ages 5-8) - CELF6_RF1_STDZ
A3: ageband | B3: gradeband | C3: report | D3: 1 | E3: 2 | F3: 3 | G3: 4 | H3: 5 | I3: AS | J3: BL | K3: HI | L3: OT | M3: WH | N3: MW | O3: NE | P3: SO | Q3: WE | R3: F | S3: M | T3: OTHER | U3: Total | V3: LastRefreshed | AA3: ageband | AB3: gradeband | AC3: report | AD3: AS1 | AE3: AS2 | AF3: AS3 | AG3: AS4 | AH3: AS5 | AI3: BL1 | AJ3: BL2 | AK3: BL3 | AL3: BL4 | AM3: BL5 | AN3: HI1 | AO3: HI2 | AP3: HI3 | AQ3: HI4 | AR3: HI5 | AS3: OT1 | AT3: OT2 | AU3: OT3 | AV3: OT4 | AW3: OT5 | AX3: WH1 | AY3: WH2 | AZ3: WH3 | BA3: WH4 | BB3: WH5 | BC3: MW | BD3: NE | BE3: SO | BF3: WE | BG3: F | BH3: M | BI3: OTHER | BJ3: Total | BK3: LastRefreshed | CA3: ageband | CB3: gradeband | CC3: report | CD3: 1 | CE3: 2 | CF3: 3 | CG3: 4 | CH3: 5 | CI3: MAS | CJ3: FAS | CK3: MBL | CL3: FBL | CM3: MHI | CN3: FHI | CO3: MOT | CP3: FOT | CQ3: MWH | CR3: FWH | CS3: MW | CT3: NE | CU3: SO | CV3: WE | CW3: Total | CX3: LastRefreshed | DA3: ageband | DB3: gradeband | DC3: report | DD3: F1 | DE3: F2 | DF3: F3 | DG3: F4 | DH3: F5 | DI3: M1 | DJ3: M2 | DK3: M3 | DL3: M4 | DM3: M5 | DN3: OTHER1 | DO3: OTHER2 | DP3: OTHER3 | DQ3: OTHER4 | DR3: OTHER5 | DS3: AS | DT3: BL | DU3: HI | DV3: OT | DW3: WH | DX3: MW | DY3: NE | DZ3: SO | EA3: WE | EB3: Total | EC3: LastRefreshed | FA3: ageband | FB3: gradeband | FC3: report | FD3: 1 | FE3: 2 | FF3: 3 | FG3: 4 | FH3: 5 | FI3: ASMW | FJ3: ASNE | FK3: ASSO | FL3: ASWE | FM3: BLMW | FN3: BLNE | FO3: BLSO | FP3: BLWE | FQ3: HIMW | FR3: HINE | FS3: HISO | FT3: HIWE | FU3: OTMW | FV3: OTNE | FW3: OTSO | FX3: OTWE | FY3: WHMW | FZ3: WHNE | GA3: WHSO | GB3: WHWE | GC3: F | GD3: M | GE3: OTHER | GF3: Total | GG3: LastRefreshed
A4: 05.00.00-05.05.30 | C4: Target N | D4: 6.96 | E4: 19.98 | F4: 32.57 | G4: 40.48 | H4: 0 | I4: 4.58 | J4: 13.31 | K4: 23.1 | L4: 10.54 | M4: 48.47 | N4: 21.13 | O4: 15.8 | P4: 39.96 | Q4: 23.12 | R4: 50 | S4: 50 | T4: 0 | U4: 100 | V4: 08/05/2026 @ 7:34 AM | AA4: 05.00.00-05.05.30 | AC4: Target N | AD4: 0.24 | AE4: 0.42 | AF4: 0.77 | AG4: 3.15 | AH4: 0 | AI4: 1.24 | AJ4: 3.68 | AK4: 5.19 | AL4: 3.19 | AM4: 0 | AN4: 3.41 | AO4: 6.58 | AP4: 7.75 | AQ4: 5.36 | AR4: 0 | AS4: 0.51 | AT4: 1.94 | AU4: 3.47 | AV4: 4.62 | AW4: 0 | AX4: 1.55 | AY4: 7.37 | AZ4: 15.39 | BA4: 24.17 | BB4: 0 | BC4: 21.13 | BD4: 15.8 | BE4: 39.96 | BF4: 23.12 | BG4: 50 | BH4: 50 | BI4: 0 | BJ4: 100 | BK4: 08/05/2026 @ 7:34 AM | CA4: 05.00.00-05.05.30 | CC4: Target N | CD4: 6.96 | CE4: 19.98 | CF4: 32.57 | CG4: 40.48 | CH4: 0 | CI4: 2.29 | CJ4: 2.29 | CK4: 6.65 | CL4: 6.65 | CM4: 11.55 | CN4: 11.55 | CO4: 5.27 | CP4: 5.27 | CQ4: 24.23 | CR4: 24.23 | CS4: 21.13 | CT4: 15.8 | CU4: 39.96 | CV4: 23.12 | CW4: 100 | CX4: 08/05/2026 @ 7:33 AM | DA4: 05.00.00-05.05.30 | DC4: Target N | DD4: 3.48 | DE4: 9.99 | DF4: 16.29 | DG4: 20.24 | DH4: 0 | DI4: 3.48 | DJ4: 9.99 | DK4: 16.29 | DL4: 20.24 | DM4: 0 | DN4: 0 | DO4: 0 | DP4: 0 | DQ4: 0 | DR4: 0 | DS4: 4.58 | DT4: 13.31 | DU4: 23.1 | DV4: 10.54 | DW4: 48.47 | DX4: 21.13 | DY4: 15.8 | DZ4: 39.96 | EA4: 23.12 | EB4: 100 | EC4: 08/05/2026 @ 7:33 AM | FA4: 05.00.00-05.05.30 | FC4: Target N | FD4: 6.96 | FE4: 19.98 | FF4: 32.57 | FG4: 40.48 | FH4: 0 | FI4: 0.55 | FJ4: 0.88 | FK4: 1.25 | FL4: 1.9 | FM4: 2.62 | FN4: 1.74 | FO4: 8.06 | FP4: 0.89 | FQ4: 2.58 | FR4: 3.3 | FS4: 8.85 | FT4: 8.37 | FU4: 1.97 | FV4: 1.64 | FW4: 3.7 | FX4: 3.23 | FY4: 13.41 | FZ4: 8.24 | GA4: 18.09 | GB4: 8.72 | GC4: 50 | GD4: 50 | GE4: 0 | GF4: 100 | GG4: 08/05/2026 @ 7:33 AM
A5: 05.00.00-05.05.30 | C5: Stratified Usable N | D5: 8 | E5: 20 | F5: 32 | G5: 40 | H5: 0 | I5: 5 | J5: 13 | K5: 21 | L5: 12 | M5: 49 | N5: 20 | O5: 16 | P5: 41 | Q5: 23 | R5: 50 | S5: 50 | T5: 0 | U5: 100 | V5: 08/05/2026 @ 7:34 AM | AA5: 05.00.00-05.05.30 | AC5: Stratified Usable N | AD5: 1 | AE5: 0 | AF5: 1 | AG5: 3 | AH5: 0 | AI5: 1 | AJ5: 4 | AK5: 5 | AL5: 3 | AM5: 0 | AN5: 2 | AO5: 6 | AP5: 8 | AQ5: 5 | AR5: 0 | AS5: 2 | AT5: 2 | AU5: 3 | AV5: 5 | AW5: 0 | AX5: 2 | AY5: 8 | AZ5: 15 | BA5: 24 | BB5: 0 | BC5: 20 | BD5: 16 | BE5: 41 | BF5: 23 | BG5: 50 | BH5: 50 | BI5: 0 | BJ5: 100 | BK5: 08/05/2026 @ 7:34 AM | CA5: 05.00.00-05.05.30 | CC5: Stratified Usable N | CD5: 8 | CE5: 20 | CF5: 32 | CG5: 40 | CH5: 0 | CI5: 3 | CJ5: 2 | CK5: 7 | CL5: 6 | CM5: 12 | CN5: 9 | CO5: 4 | CP5: 8 | CQ5: 24 | CR5: 25 | CS5: 20 | CT5: 16 | CU5: 41 | CV5: 23 | CW5: 100 | CX5: 08/05/2026 @ 7:33 AM | DA5: 05.00.00-05.05.30 | DC5: Stratified Usable N | DD5: 4 | DE5: 9 | DF5: 19 | DG5: 18 | DH5: 0 | DI5: 4 | DJ5: 11 | DK5: 13 | DL5: 22 | DM5: 0 | DN5: 0 | DO5: 0 | DP5: 0 | DQ5: 0 | DR5: 0 | DS5: 5 | DT5: 13 | DU5: 21 | DV5: 12 | DW5: 49 | DX5: 20 | DY5: 16 | DZ5: 41 | EA5: 23 | EB5: 100 | EC5: 08/05/2026 @ 7:33 AM | FA5: 05.00.00-05.05.30 | FC5: Stratified Usable N | FD5: 8 | FE5: 20 | FF5: 32 | FG5: 40 | FH5: 0 | FI5: 1 | FJ5: 1 | FK5: 1 | FL5: 2 | FM5: 0 | FN5: 1 | FO5: 11 | FP5: 1 | FQ5: 1 | FR5: 3 | FS5: 9 | FT5: 8 | FU5: 4 | FV5: 1 | FW5: 4 | FX5: 3 | FY5: 14 | FZ5: 10 | GA5: 16 | GB5: 9 | GC5: 50 | GD5: 50 | GE5: 0 | GF5: 100 | GG5: 08/05/2026 @ 7:33 AM
A6: 05.00.00-05.05.30 | C6: Stratified Out Usable N | D6: 2 | E6: 2 | F6: 7 | G6: 6 | H6: 0 | I6: 3 | J6: 2 | K6: 2 | L6: 3 | M6: 7 | N6: 9 | O6: 2 | P6: 3 | Q6: 3 | R6: 13 | S6: 4 | T6: 0 | U6: 17 | V6: 08/05/2026 @ 7:34 AM | AA6: 05.00.00-05.05.30 | AC6: Stratified Out Usable N | AD6: 0 | AE6: 0 | AF6: 3 | AG6: 0 | AH6: 0 | AI6: 0 | AJ6: 0 | AK6: 1 | AL6: 1 | AM6: 0 | AN6: 0 | AO6: 0 | AP6: 1 | AQ6: 1 | AR6: 0 | AS6: 2 | AT6: 1 | AU6: 0 | AV6: 0 | AW6: 0 | AX6: 0 | AY6: 1 | AZ6: 2 | BA6: 4 | BB6: 0 | BC6: 9 | BD6: 2 | BE6: 3 | BF6: 3 | BG6: 13 | BH6: 4 | BI6: 0 | BJ6: 17 | BK6: 08/05/2026 @ 7:34 AM | CA6: 05.00.00-05.05.30 | CC6: Stratified Out Usable N | CD6: 2 | CE6: 2 | CF6: 7 | CG6: 6 | CH6: 0 | CI6: 1 | CJ6: 2 | CK6: 1 | CL6: 1 | CM6: 0 | CN6: 2 | CO6: 2 | CP6: 1 | CQ6: 0 | CR6: 7 | CS6: 9 | CT6: 2 | CU6: 3 | CV6: 3 | CW6: 17 | CX6: 08/05/2026 @ 7:33 AM | DA6: 05.00.00-05.05.30 | DC6: Stratified Out Usable N | DD6: 0 | DE6: 2 | DF6: 6 | DG6: 5 | DH6: 0 | DI6: 2 | DJ6: 0 | DK6: 1 | DL6: 1 | DM6: 0 | DN6: 0 | DO6: 0 | DP6: 0 | DQ6: 0 | DR6: 0 | DS6: 3 | DT6: 2 | DU6: 2 | DV6: 3 | DW6: 7 | DX6: 9 | DY6: 2 | DZ6: 3 | EA6: 3 | EB6: 17 | EC6: 08/05/2026 @ 7:33 AM | FA6: 05.00.00-05.05.30 | FC6: Stratified Out Usable N | FD6: 2 | FE6: 2 | FF6: 7 | FG6: 6 | FH6: 0 | FI6: 0 | FJ6: 1 | FK6: 0 | FL6: 2 | FM6: 0 | FN6: 1 | FO6: 1 | FP6: 0 | FQ6: 1 | FR6: 0 | FS6: 1 | FT6: 0 | FU6: 2 | FV6: 0 | FW6: 0 | FX6: 1 | FY6: 6 | FZ6: 0 | GA6: 1 | GB6: 0 | GC6: 13 | GD6: 4 | GE6: 0 | GF6: 17 | GG6: 08/05/2026 @ 7:33 AM
A7: 05.00.00-05.05.30 | C7: In Process N | D7: 0 | E7: 0 | F7: 0 | G7: 0 | H7: 0 | I7: 0 | J7: 0 | K7: 0 | L7: 0 | M7: 0 | N7: 0 | O7: 0 | P7: 0 | Q7: 0 | R7: 0 | S7: 0 | T7: 0 | U7: 0 | V7: 08/05/2026 @ 7:34 AM | AA7: 05.00.00-05.05.30 | AC7: In Process N | AD7: 0 | AE7: 0 | AF7: 0 | AG7: 0 | AH7: 0 | AI7: 0 | AJ7: 0 | AK7: 0 | AL7: 0 | AM7: 0 | AN7: 0 | AO7: 0 | AP7: 0 | AQ7: 0 | AR7: 0 | AS7: 0 | AT7: 0 | AU7: 0 | AV7: 0 | AW7: 0 | AX7: 0 | AY7: 0 | AZ7: 0 | BA7: 0 | BB7: 0 | BC7: 0 | BD7: 0 | BE7: 0 | BF7: 0 | BG7: 0 | BH7: 0 | BI7: 0 | BJ7: 0 | BK7: 08/05/2026 @ 7:34 AM | CA7: 05.00.00-05.05.30 | CC7: In Process N | CD7: 0 | CE7: 0 | CF7: 0 | CG7: 0 | CH7: 0 | CI7: 0 | CJ7: 0 | CK7: 0 | CL7: 0 | CM7: 0 | CN7: 0 | CO7: 0 | CP7: 0 | CQ7: 0 | CR7: 0 | CS7: 0 | CT7: 0 | CU7: 0 | CV7: 0 | CW7: 0 | CX7: 08/05/2026 @ 7:33 AM | DA7: 05.00.00-05.05.30 | DC7: In Process N | DD7: 0 | DE7: 0 | DF7: 0 | DG7: 0 | DH7: 0 | DI7: 0 | DJ7: 0 | DK7: 0 | DL7: 0 | DM7: 0 | DN7: 0 | DO7: 0 | DP7: 0 | DQ7: 0 | DR7: 0 | DS7: 0 | DT7: 0 | DU7: 0 | DV7: 0 | DW7: 0 | DX7: 0 | DY7: 0 | DZ7: 0 | EA7: 0 | EB7: 0 | EC7: 08/05/2026 @ 7:33 AM | FA7: 05.00.00-05.05.30 | FC7: In Process N | FD7: 0 | FE7: 0 | FF7: 0 | FG7: 0 | FH7: 0 | FI7: 0 | FJ7: 0 | FK7: 0 | FL7: 0 | FM7: 0 | FN7: 0 | FO7: 0 | FP7: 0 | FQ7: 0 | FR7: 0 | FS7: 0 | FT7: 0 | FU7: 0 | FV7: 0 | FW7: 0 | FX7: 0 | FY7: 0 | FZ7: 0 | GA7: 0 | GB7: 0 | GC7: 0 | GD7: 0 | GE7: 0 | GF7: 0 | GG7: 08/05/2026 @ 7:33 AM
A8: 05.00.00-05.05.30 | C8: Assigned Not Recd N | D8: 0 | E8: 0 | F8: 0 | G8: 0 | H8: 0 | I8: 0 | J8: 0 | K8: 0 | L8: 0 | M8: 0 | N8: 0 | O8: 0 | P8: 0 | Q8: 0 | R8: 0 | S8: 0 | T8: 0 | U8: 0 | V8: 08/05/2026 @ 7:34 AM | AA8: 05.00.00-05.05.30 | AC8: Assigned Not Recd N | AD8: 0 | AE8: 0 | AF8: 0 | AG8: 0 | AH8: 0 | AI8: 0 | AJ8: 0 | AK8: 0 | AL8: 0 | AM8: 0 | AN8: 0 | AO8: 0 | AP8: 0 | AQ8: 0 | AR8: 0 | AS8: 0 | AT8: 0 | AU8: 0 | AV8: 0 | AW8: 0 | AX8: 0 | AY8: 0 | AZ8: 0 | BA8: 0 | BB8: 0 | BC8: 0 | BD8: 0 | BE8: 0 | BF8: 0 | BG8: 0 | BH8: 0 | BI8: 0 | BJ8: 0 | BK8: 08/05/2026 @ 7:34 AM | CA8: 05.00.00-05.05.30 | CC8: Assigned Not Recd N | CD8: 0 | CE8: 0 | CF8: 0 | CG8: 0 | CH8: 0 | CI8: 0 | CJ8: 0 | CK8: 0 | CL8: 0 | CM8: 0 | CN8: 0 | CO8: 0 | CP8: 0 | CQ8: 0 | CR8: 0 | CS8: 0 | CT8: 0 | CU8: 0 | CV8: 0 | CW8: 0 | CX8: 08/05/2026 @ 7:33 AM | DA8: 05.00.00-05.05.30 | DC8: Assigned Not Recd N | DD8: 0 | DE8: 0 | DF8: 0 | DG8: 0 | DH8: 0 | DI8: 0 | DJ8: 0 | DK8: 0 | DL8: 0 | DM8: 0 | DN8: 0 | DO8: 0 | DP8: 0 | DQ8: 0 | DR8: 0 | DS8: 0 | DT8: 0 | DU8: 0 | DV8: 0 | DW8: 0 | DX8: 0 | DY8: 0 | DZ8: 0 | EA8: 0 | EB8: 0 | EC8: 08/05/2026 @ 7:33 AM | FA8: 05.00.00-05.05.30 | FC8: Assigned Not Recd N | FD8: 0 | FE8: 0 | FF8: 0 | FG8: 0 | FH8: 0 | FI8: 0 | FJ8: 0 | FK8: 0 | FL8: 0 | FM8: 0 | FN8: 0 | FO8: 0 | FP8: 0 | FQ8: 0 | FR8: 0 | FS8: 0 | FT8: 0 | FU8: 0 | FV8: 0 | FW8: 0 | FX8: 0 | FY8: 0 | FZ8: 0 | GA8: 0 | GB8: 0 | GC8: 0 | GD8: 0 | GE8: 0 | GF8: 0 | GG8: 08/05/2026 @ 7:33 AM
A9: 05.00.00-05.05.30 | C9: Reserved Not Recd N | D9: 0 | E9: 0 | F9: 0 | G9: 0 | H9: 0 | I9: 0 | J9: 0 | K9: 0 | L9: 0 | M9: 0 | N9: 0 | O9: 0 | P9: 0 | Q9: 0 | R9: 0 | S9: 0 | T9: 0 | U9: 0 | V9: 08/05/2026 @ 7:34 AM | AA9: 05.00.00-05.05.30 | AC9: Reserved Not Recd N | AD9: 0 | AE9: 0 | AF9: 0 | AG9: 0 | AH9: 0 | AI9: 0 | AJ9: 0 | AK9: 0 | AL9: 0 | AM9: 0 | AN9: 0 | AO9: 0 | AP9: 0 | AQ9: 0 | AR9: 0 | AS9: 0 | AT9: 0 | AU9: 0 | AV9: 0 | AW9: 0 | AX9: 0 | AY9: 0 | AZ9: 0 | BA9: 0 | BB9: 0 | BC9: 0 | BD9: 0 | BE9: 0 | BF9: 0 | BG9: 0 | BH9: 0 | BI9: 0 | BJ9: 0 | BK9: 08/05/2026 @ 7:34 AM | CA9: 05.00.00-05.05.30 | CC9: Reserved Not Recd N | CD9: 0 | CE9: 0 | CF9: 0 | CG9: 0 | CH9: 0 | CI9: 0 | CJ9: 0 | CK9: 0 | CL9: 0 | CM9: 0 | CN9: 0 | CO9: 0 | CP9: 0 | CQ9: 0 | CR9: 0 | CS9: 0 | CT9: 0 | CU9: 0 | CV9: 0 | CW9: 0 | CX9: 08/05/2026 @ 7:33 AM | DA9: 05.00.00-05.05.30 | DC9: Reserved Not Recd N | DD9: 0 | DE9: 0 | DF9: 0 | DG9: 0 | DH9: 0 | DI9: 0 | DJ9: 0 | DK9: 0 | DL9: 0 | DM9: 0 | DN9: 0 | DO9: 0 | DP9: 0 | DQ9: 0 | DR9: 0 | DS9: 0 | DT9: 0 | DU9: 0 | DV9: 0 | DW9: 0 | DX9: 0 | DY9: 0 | DZ9: 0 | EA9: 0 | EB9: 0 | EC9: 08/05/2026 @ 7:33 AM | FA9: 05.00.00-05.05.30 | FC9: Reserved Not Recd N | FD9: 0 | FE9: 0 | FF9: 0 | FG9: 0 | FH9: 0 | FI9: 0 | FJ9: 0 | FK9: 0 | FL9: 0 | FM9: 0 | FN9: 0 | FO9: 0 | FP9: 0 | FQ9: 0 | FR9: 0 | FS9: 0 | FT9: 0 | FU9: 0 | FV9: 0 | FW9: 0 | FX9: 0 | FY9: 0 | FZ9: 0 | GA9: 0 | GB9: 0 | GC9: 0 | GD9: 0 | GE9: 0 | GF9: 0 | GG9: 08/05/2026 @ 7:33 AM
A10: 05.00.00-05.05.30 | C10: Total Assignments | D10: 10 | E10: 22 | F10: 39 | G10: 46 | H10: 0 | I10: 8 | J10: 15 | K10: 23 | L10: 15 | M10: 56 | N10: 29 | O10: 18 | P10: 44 | Q10: 26 | R10: 63 | S10: 54 | T10: 0 | U10: 117 | V10: 08/05/2026 @ 7:34 AM | AA10: 05.00.00-05.05.30 | AC10: Total Assignments | AD10: 1 | AE10: 0 | AF10: 4 | AG10: 3 | AH10: 0 | AI10: 1 | AJ10: 4 | AK10: 6 | AL10: 4 | AM10: 0 | AN10: 2 | AO10: 6 | AP10: 9 | AQ10: 6 | AR10: 0 | AS10: 4 | AT10: 3 | AU10: 3 | AV10: 5 | AW10: 0 | AX10: 2 | AY10: 9 | AZ10: 17 | BA10: 28 | BB10: 0 | BC10: 29 | BD10: 18 | BE10: 44 | BF10: 26 | BG10: 63 | BH10: 54 | BI10: 0 | BJ10: 117 | BK10: 08/05/2026 @ 7:34 AM | CA10: 05.00.00-05.05.30 | CC10: Total Assignments | CD10: 10 | CE10: 22 | CF10: 39 | CG10: 46 | CH10: 0 | CI10: 4 | CJ10: 4 | CK10: 8 | CL10: 7 | CM10: 12 | CN10: 11 | CO10: 6 | CP10: 9 | CQ10: 24 | CR10: 32 | CS10: 29 | CT10: 18 | CU10: 44 | CV10: 26 | CW10: 117 | CX10: 08/05/2026 @ 7:33 AM | DA10: 05.00.00-05.05.30 | DC10: Total Assignments | DD10: 4 | DE10: 11 | DF10: 25 | DG10: 23 | DH10: 0 | DI10: 6 | DJ10: 11 | DK10: 14 | DL10: 23 | DM10: 0 | DN10: 0 | DO10: 0 | DP10: 0 | DQ10: 0 | DR10: 0 | DS10: 8 | DT10: 15 | DU10: 23 | DV10: 15 | DW10: 56 | DX10: 29 | DY10: 18 | DZ10: 44 | EA10: 26 | EB10: 117 | EC10: 08/05/2026 @ 7:33 AM | FA10: 05.00.00-05.05.30 | FC10: Total Assignments | FD10: 10 | FE10: 22 | FF10: 39 | FG10: 46 | FH10: 0 | FI10: 1 | FJ10: 2 | FK10: 1 | FL10: 4 | FM10: 0 | FN10: 2 | FO10: 12 | FP10: 1 | FQ10: 2 | FR10: 3 | FS10: 10 | FT10: 8 | FU10: 6 | FV10: 1 | FW10: 4 | FX10: 4 | FY10: 20 | FZ10: 10 | GA10: 17 | GB10: 9 | GC10: 63 | GD10: 54 | GE10: 0 | GF10: 117 | GG10: 08/05/2026 @ 7:33 AM
A11: 05.00.00-05.05.30 | C11: Selected N | D11: 0 | E11: 0 | F11: 0 | G11: 0 | H11: 0 | I11: 0 | J11: 0 | K11: 0 | L11: 0 | M11: 0 | N11: 0 | O11: 0 | P11: 0 | Q11: 0 | R11: 0 | S11: 0 | T11: 0 | U11: 0 | V11: 08/05/2026 @ 7:34 AM | AA11: 05.00.00-05.05.30 | AC11: Selected N | AD11: 0 | AE11: 0 | AF11: 0 | AG11: 0 | AH11: 0 | AI11: 0 | AJ11: 0 | AK11: 0 | AL11: 0 | AM11: 0 | AN11: 0 | AO11: 0 | AP11: 0 | AQ11: 0 | AR11: 0 | AS11: 0 | AT11: 0 | AU11: 0 | AV11: 0 | AW11: 0 | AX11: 0 | AY11: 0 | AZ11: 0 | BA11: 0 | BB11: 0 | BC11: 0 | BD11: 0 | BE11: 0 | BF11: 0 | BG11: 0 | BH11: 0 | BI11: 0 | BJ11: 0 | BK11: 08/05/2026 @ 7:34 AM | CA11: 05.00.00-05.05.30 | CC11: Selected N | CD11: 0 | CE11: 0 | CF11: 0 | CG11: 0 | CH11: 0 | CI11: 0 | CJ11: 0 | CK11: 0 | CL11: 0 | CM11: 0 | CN11: 0 | CO11: 0 | CP11: 0 | CQ11: 0 | CR11: 0 | CS11: 0 | CT11: 0 | CU11: 0 | CV11: 0 | CW11: 0 | CX11: 08/05/2026 @ 7:33 AM | DA11: 05.00.00-05.05.30 | DC11: Selected N | DD11: 0 | DE11: 0 | DF11: 0 | DG11: 0 | DH11: 0 | DI11: 0 | DJ11: 0 | DK11: 0 | DL11: 0 | DM11: 0 | DN11: 0 | DO11: 0 | DP11: 0 | DQ11: 0 | DR11: 0 | DS11: 0 | DT11: 0 | DU11: 0 | DV11: 0 | DW11: 0 | DX11: 0 | DY11: 0 | DZ11: 0 | EA11: 0 | EB11: 0 | EC11: 08/05/2026 @ 7:33 AM | FA11: 05.00.00-05.05.30 | FC11: Selected N | FD11: 0 | FE11: 0 | FF11: 0 | FG11: 0 | FH11: 0 | FI11: 0 | FJ11: 0 | FK11: 0 | FL11: 0 | FM11: 0 | FN11: 0 | FO11: 0 | FP11: 0 | FQ11: 0 | FR11: 0 | FS11: 0 | FT11: 0 | FU11: 0 | FV11: 0 | FW11: 0 | FX11: 0 | FY11: 0 | FZ11: 0 | GA11: 0 | GB11: 0 | GC11: 0 | GD11: 0 | GE11: 0 | GF11: 0 | GG11: 08/05/2026 @ 7:33 AM
A12: 05.06.00-05.11.30 | C12: Target N | D12: 6.96 | E12: 19.98 | F12: 32.57 | G12: 40.48 | H12: 0 | I12: 4.58 | J12: 13.31 | K12: 23.1 | L12: 10.54 | M12: 48.47 | N12: 21.13 | O12: 15.8 | P12: 39.96 | Q12: 23.12 | R12: 50 | S12: 50 | T12: 0 | U12: 100 | V12: 08/05/2026 @ 7:34 AM | AA12: 05.06.00-05.11.30 | AC12: Target N | AD12: 0.24 | AE12: 0.42 | AF12: 0.77 | AG12: 3.15 | AH12: 0 | AI12: 1.24 | AJ12: 3.68 | AK12: 5.19 | AL12: 3.19 | AM12: 0 | AN12: 3.41 | AO12: 6.58 | AP12: 7.75 | AQ12: 5.36 | AR12: 0 | AS12: 0.51 | AT12: 1.94 | AU12: 3.47 | AV12: 4.62 | AW12: 0 | AX12: 1.55 | AY12: 7.37 | AZ12: 15.39 | BA12: 24.17 | BB12: 0 | BC12: 21.13 | BD12: 15.8 | BE12: 39.96 | BF12: 23.12 | BG12: 50 | BH12: 50 | BI12: 0 | BJ12: 100 | BK12: 08/05/2026 @ 7:34 AM | CA12: 05.06.00-05.11.30 | CC12: Target N | CD12: 6.96 | CE12: 19.98 | CF12: 32.57 | CG12: 40.48 | CH12: 0 | CI12: 2.29 | CJ12: 2.29 | CK12: 6.65 | CL12: 6.65 | CM12: 11.55 | CN12: 11.55 | CO12: 5.27 | CP12: 5.27 | CQ12: 24.23 | CR12: 24.23 | CS12: 21.13 | CT12: 15.8 | CU12: 39.96 | CV12: 23.12 | CW12: 100 | CX12: 08/05/2026 @ 7:33 AM | DA12: 05.06.00-05.11.30 | DC12: Target N | DD12: 3.48 | DE12: 9.99 | DF12: 16.29 | DG12: 20.24 | DH12: 0 | DI12: 3.48 | DJ12: 9.99 | DK12: 16.29 | DL12: 20.24 | DM12: 0 | DN12: 0 | DO12: 0 | DP12: 0 | DQ12: 0 | DR12: 0 | DS12: 4.58 | DT12: 13.31 | DU12: 23.1 | DV12: 10.54 | DW12: 48.47 | DX12: 21.13 | DY12: 15.8 | DZ12: 39.96 | EA12: 23.12 | EB12: 100 | EC12: 08/05/2026 @ 7:33 AM | FA12: 05.06.00-05.11.30 | FC12: Target N | FD12: 6.96 | FE12: 19.98 | FF12: 32.57 | FG12: 40.48 | FH12: 0 | FI12: 0.55 | FJ12: 0.88 | FK12: 1.25 | FL12: 1.9 | FM12: 2.62 | FN12: 1.74 | FO12: 8.06 | FP12: 0.89 | FQ12: 2.58 | FR12: 3.3 | FS12: 8.85 | FT12: 8.37 | FU12: 1.97 | FV12: 1.64 | FW12: 3.7 | FX12: 3.23 | FY12: 13.41 | FZ12: 8.24 | GA12: 18.09 | GB12: 8.72 | GC12: 50 | GD12: 50 | GE12: 0 | GF12: 100 | GG12: 08/05/2026 @ 7:33 AM
A13: 05.06.00-05.11.30 | C13: Stratified Usable N | D13: 6 | E13: 21 | F13: 29 | G13: 44 | H13: 0 | I13: 5 | J13: 14 | K13: 23 | L13: 10 | M13: 48 | N13: 22 | O13: 16 | P13: 41 | Q13: 21 | R13: 50 | S13: 50 | T13: 0 | U13: 100 | V13: 08/05/2026 @ 7:34 AM | AA13: 05.06.00-05.11.30 | AC13: Stratified Usable N | AD13: 0 | AE13: 1 | AF13: 1 | AG13: 3 | AH13: 0 | AI13: 1 | AJ13: 4 | AK13: 2 | AL13: 7 | AM13: 0 | AN13: 3 | AO13: 7 | AP13: 8 | AQ13: 5 | AR13: 0 | AS13: 0 | AT13: 2 | AU13: 3 | AV13: 5 | AW13: 0 | AX13: 2 | AY13: 7 | AZ13: 15 | BA13: 24 | BB13: 0 | BC13: 22 | BD13: 16 | BE13: 41 | BF13: 21 | BG13: 50 | BH13: 50 | BI13: 0 | BJ13: 100 | BK13: 08/05/2026 @ 7:34 AM | CA13: 05.06.00-05.11.30 | CC13: Stratified Usable N | CD13: 6 | CE13: 21 | CF13: 29 | CG13: 44 | CH13: 0 | CI13: 3 | CJ13: 2 | CK13: 7 | CL13: 7 | CM13: 8 | CN13: 15 | CO13: 6 | CP13: 4 | CQ13: 26 | CR13: 22 | CS13: 22 | CT13: 16 | CU13: 41 | CV13: 21 | CW13: 100 | CX13: 08/05/2026 @ 7:33 AM | DA13: 05.06.00-05.11.30 | DC13: Stratified Usable N | DD13: 1 | DE13: 11 | DF13: 17 | DG13: 21 | DH13: 0 | DI13: 5 | DJ13: 10 | DK13: 12 | DL13: 23 | DM13: 0 | DN13: 0 | DO13: 0 | DP13: 0 | DQ13: 0 | DR13: 0 | DS13: 5 | DT13: 14 | DU13: 23 | DV13: 10 | DW13: 48 | DX13: 22 | DY13: 16 | DZ13: 41 | EA13: 21 | EB13: 100 | EC13: 08/05/2026 @ 7:33 AM | FA13: 05.06.00-05.11.30 | FC13: Stratified Usable N | FD13: 6 | FE13: 21 | FF13: 29 | FG13: 44 | FH13: 0 | FI13: 1 | FJ13: 2 | FK13: 1 | FL13: 1 | FM13: 3 | FN13: 0 | FO13: 11 | FP13: 0 | FQ13: 2 | FR13: 3 | FS13: 12 | FT13: 6 | FU13: 2 | FV13: 3 | FW13: 2 | FX13: 3 | FY13: 14 | FZ13: 8 | GA13: 15 | GB13: 11 | GC13: 50 | GD13: 50 | GE13: 0 | GF13: 100 | GG13: 08/05/2026 @ 7:33 AM
A14: 05.06.00-05.11.30 | C14: Stratified Out Usable N | D14: 1 | E14: 5 | F14: 4 | G14: 5 | H14: 0 | I14: 1 | J14: 0 | K14: 3 | L14: 6 | M14: 5 | N14: 5 | O14: 0 | P14: 10 | Q14: 0 | R14: 11 | S14: 4 | T14: 0 | U14: 15 | V14: 08/05/2026 @ 7:34 AM | AA14: 05.06.00-05.11.30 | AC14: Stratified Out Usable N | AD14: 0 | AE14: 0 | AF14: 0 | AG14: 1 | AH14: 0 | AI14: 0 | AJ14: 0 | AK14: 0 | AL14: 0 | AM14: 0 | AN14: 1 | AO14: 2 | AP14: 0 | AQ14: 0 | AR14: 0 | AS14: 0 | AT14: 0 | AU14: 2 | AV14: 4 | AW14: 0 | AX14: 0 | AY14: 3 | AZ14: 2 | BA14: 0 | BB14: 0 | BC14: 5 | BD14: 0 | BE14: 10 | BF14: 0 | BG14: 11 | BH14: 4 | BI14: 0 | BJ14: 15 | BK14: 08/05/2026 @ 7:34 AM | CA14: 05.06.00-05.11.30 | CC14: Stratified Out Usable N | CD14: 1 | CE14: 5 | CF14: 4 | CG14: 5 | CH14: 0 | CI14: 1 | CJ14: 0 | CK14: 0 | CL14: 0 | CM14: 0 | CN14: 3 | CO14: 2 | CP14: 4 | CQ14: 1 | CR14: 4 | CS14: 5 | CT14: 0 | CU14: 10 | CV14: 0 | CW14: 15 | CX14: 08/05/2026 @ 7:33 AM | DA14: 05.06.00-05.11.30 | DC14: Stratified Out Usable N | DD14: 1 | DE14: 5 | DF14: 3 | DG14: 2 | DH14: 0 | DI14: 0 | DJ14: 0 | DK14: 1 | DL14: 3 | DM14: 0 | DN14: 0 | DO14: 0 | DP14: 0 | DQ14: 0 | DR14: 0 | DS14: 1 | DT14: 0 | DU14: 3 | DV14: 6 | DW14: 5 | DX14: 5 | DY14: 0 | DZ14: 10 | EA14: 0 | EB14: 15 | EC14: 08/05/2026 @ 7:33 AM | FA14: 05.06.00-05.11.30 | FC14: Stratified Out Usable N | FD14: 1 | FE14: 5 | FF14: 4 | FG14: 5 | FH14: 0 | FI14: 1 | FJ14: 0 | FK14: 0 | FL14: 0 | FM14: 0 | FN14: 0 | FO14: 0 | FP14: 0 | FQ14: 0 | FR14: 0 | FS14: 3 | FT14: 0 | FU14: 2 | FV14: 0 | FW14: 4 | FX14: 0 | FY14: 2 | FZ14: 0 | GA14: 3 | GB14: 0 | GC14: 11 | GD14: 4 | GE14: 0 | GF14: 15 | GG14: 08/05/2026 @ 7:33 AM
A15: 05.06.00-05.11.30 | C15: In Process N | D15: 0 | E15: 0 | F15: 0 | G15: 0 | H15: 0 | I15: 0 | J15: 0 | K15: 0 | L15: 0 | M15: 0 | N15: 0 | O15: 0 | P15: 0 | Q15: 0 | R15: 0 | S15: 0 | T15: 0 | U15: 0 | V15: 08/05/2026 @ 7:34 AM | AA15: 05.06.00-05.11.30 | AC15: In Process N | AD15: 0 | AE15: 0 | AF15: 0 | AG15: 0 | AH15: 0 | AI15: 0 | AJ15: 0 | AK15: 0 | AL15: 0 | AM15: 0 | AN15: 0 | AO15: 0 | AP15: 0 | AQ15: 0 | AR15: 0 | AS15: 0 | AT15: 0 | AU15: 0 | AV15: 0 | AW15: 0 | AX15: 0 | AY15: 0 | AZ15: 0 | BA15: 0 | BB15: 0 | BC15: 0 | BD15: 0 | BE15: 0 | BF15: 0 | BG15: 0 | BH15: 0 | BI15: 0 | BJ15: 0 | BK15: 08/05/2026 @ 7:34 AM | CA15: 05.06.00-05.11.30 | CC15: In Process N | CD15: 0 | CE15: 0 | CF15: 0 | CG15: 0 | CH15: 0 | CI15: 0 | CJ15: 0 | CK15: 0 | CL15: 0 | CM15: 0 | CN15: 0 | CO15: 0 | CP15: 0 | CQ15: 0 | CR15: 0 | CS15: 0 | CT15: 0 | CU15: 0 | CV15: 0 | CW15: 0 | CX15: 08/05/2026 @ 7:33 AM | DA15: 05.06.00-05.11.30 | DC15: In Process N | DD15: 0 | DE15: 0 | DF15: 0 | DG15: 0 | DH15: 0 | DI15: 0 | DJ15: 0 | DK15: 0 | DL15: 0 | DM15: 0 | DN15: 0 | DO15: 0 | DP15: 0 | DQ15: 0 | DR15: 0 | DS15: 0 | DT15: 0 | DU15: 0 | DV15: 0 | DW15: 0 | DX15: 0 | DY15: 0 | DZ15: 0 | EA15: 0 | EB15: 0 | EC15: 08/05/2026 @ 7:33 AM | FA15: 05.06.00-05.11.30 | FC15: In Process N | FD15: 0 | FE15: 0 | FF15: 0 | FG15: 0 | FH15: 0 | FI15: 0 | FJ15: 0 | FK15: 0 | FL15: 0 | FM15: 0 | FN15: 0 | FO15: 0 | FP15: 0 | FQ15: 0 | FR15: 0 | FS15: 0 | FT15: 0 | FU15: 0 | FV15: 0 | FW15: 0 | FX15: 0 | FY15: 0 | FZ15: 0 | GA15: 0 | GB15: 0 | GC15: 0 | GD15: 0 | GE15: 0 | GF15: 0 | GG15: 08/05/2026 @ 7:33 AM
... A59: Total | C59: Selected N | D59: 0 | E59: 0 | F59: 0 | G59: 0 | H59: 0 | I59: 0 | J59: 0 | K59: 0 | L59: 0 | M59: 0 | N59: 0 | O59: 0 | P59: 0 | Q59: 0 | R59: 0 | S59: 0 | T59: 0 | U59: 0 | V59: 08/05/2026 @ 7:34 AM | AA59: Total | AC59: Selected N | AD59: 0 | AE59: 0 | AF59: 0 | AG59: 0 | AH59: 0 | AI59: 0 | AJ59: 0 | AK59: 0 | AL59: 0 | AM59: 0 | AN59: 0 | AO59: 0 | AP59: 0 | AQ59: 0 | AR59: 0 | AS59: 0 | AT59: 0 | AU59: 0 | AV59: 0 | AW59: 0 | AX59: 0 | AY59: 0 | AZ59: 0 | BA59: 0 | BB59: 0 | BC59: 0 | BD59: 0 | BE59: 0 | BF59: 0 | BG59: 0 | BH59: 0 | BI59: 0 | BJ59: 0 | BK59: 08/05/2026 @ 7:34 AM | CA59: Total | CC59: Selected N | CD59: 0 | CE59: 0 | CF59: 0 | CG59: 0 | CH59: 0 | CI59: 0 | CJ59: 0 | CK59: 0 | CL59: 0 | CM59: 0 | CN59: 0 | CO59: 0 | CP59: 0 | CQ59: 0 | CR59: 0 | CS59: 0 | CT59: 0 | CU59: 0 | CV59: 0 | CW59: 0 | CX59: 08/05/2026 @ 7:33 AM | DA59: Total | DC59: Selected N | DD59: 0 | DE59: 0 | DF59: 0 | DG59: 0 | DH59: 0 | DI59: 0 | DJ59: 0 | DK59: 0 | DL59: 0 | DM59: 0 | DN59: 0 | DO59: 0 | DP59: 0 | DQ59: 0 | DR59: 0 | DS59: 0 | DT59: 0 | DU59: 0 | DV59: 0 | DW59: 0 | DX59: 0 | DY59: 0 | DZ59: 0 | EA59: 0 | EB59: 0 | EC59: 08/05/2026 @ 7:33 AM | FA59: Total | FC59: Selected N | FD59: 0 | FE59: 0 | FF59: 0 | FG59: 0 | FH59: 0 | FI59: 0 | FJ59: 0 | FK59: 0 | FL59: 0 | FM59: 0 | FN59: 0 | FO59: 0 | FP59: 0 | FQ59: 0 | FR59: 0 | FS59: 0 | FT59: 0 | FU59: 0 | FV59: 0 | FW59: 0 | FX59: 0 | FY59: 0 | FZ59: 0 | GA59: 0 | GB59: 0 | GC59: 0 | GD59: 0 | GE59: 0 | GF59: 0 | GG59: 08/05/2026 @ 7:33 AM
G128: CELF-6 Standardization Record Form 2 (Ages 9-21) - CELF6_RF2_STDZ | AK128: CELF6_STDZ_Eth_by_Ed | CJ128: CELF6_STDZ_Sex_by_Eth | DL128: CELF6_STDZ_Sex_by_Ed | FK128: CELF6_STDZ_Eth_by_Reg
A129: =setup!C17 -> 3726 | AA129: =setup!C17 -> 3726 | CA129: =setup!C17 -> 3726 | DA129: 3726 | FA129: 3726
A130: =_xlfn.CONCAT(setup!D17," - ",setup!E17) -> CELF-6 Standardization Record Form 2 (Ages 9-21) - CELF6_RF2_STDZ | AA130: =_xlfn.CONCAT(setup!D17," - ",setup!E17) -> CELF-6 Standardization Record Form 2 (Ages 9-21) - CELF6_RF2_STDZ | CA130: =_xlfn.CONCAT(setup!D17," - ",setup!E17) -> CELF-6 Standardization Record Form 2 (Ages 9-21) - CELF6_RF2_STDZ | DA130: CELF-6 Standardization Record Form 2 (Ages 9-21) - CELF6_RF2_STDZ | FA130: CELF-6 Standardization Record Form 2 (Ages 9-21) - CELF6_RF2_STDZ
A131: ageband | B131: gradeband | C131: report | D131: 1 | E131: 2 | F131: 3 | G131: 4 | H131: 5 | I131: AS | J131: BL | K131: HI | L131: OT | M131: WH | N131: MW | O131: NE | P131: SO | Q131: WE | R131: F | S131: M | T131: OTHER | U131: Total | V131: LastRefreshed | AA131: ageband | AB131: gradeband | AC131: report | AD131: AS1 | AE131: AS2 | AF131: AS3 | AG131: AS4 | AH131: AS5 | AI131: BL1 | AJ131: BL2 | AK131: BL3 | AL131: BL4 | AM131: BL5 | AN131: HI1 | AO131: HI2 | AP131: HI3 | AQ131: HI4 | AR131: HI5 | AS131: OT1 | AT131: OT2 | AU131: OT3 | AV131: OT4 | AW131: OT5 | AX131: WH1 | AY131: WH2 | AZ131: WH3 | BA131: WH4 | BB131: WH5 | BC131: MW | BD131: NE | BE131: SO | BF131: WE | BG131: F | BH131: M | BI131: OTHER | BJ131: Total | BK131: LastRefreshed | CA131: ageband | CB131: gradeband | CC131: report | CD131: 1 | CE131: 2 | CF131: 3 | CG131: 4 | CH131: 5 | CI131: MAS | CJ131: FAS | CK131: MBL | CL131: FBL | CM131: MHI | CN131: FHI | CO131: MOT | CP131: FOT | CQ131: MWH | CR131: FWH | CS131: MW | CT131: NE | CU131: SO | CV131: WE | CW131: Total | CX131: LastRefreshed | DA131: ageband | DB131: gradeband | DC131: report | DD131: F1 | DE131: F2 | DF131: F3 | DG131: F4 | DH131: F5 | DI131: M1 | DJ131: M2 | DK131: M3 | DL131: M4 | DM131: M5 | DN131: OTHER1 | DO131: OTHER2 | DP131: OTHER3 | DQ131: OTHER4 | DR131: OTHER5 | DS131: AS | DT131: BL | DU131: HI | DV131: OT | DW131: WH | DX131: MW | DY131: NE | DZ131: SO | EA131: WE | EB131: Total | EC131: LastRefreshed | FA131: ageband | FB131: gradeband | FC131: report | FD131: 1 | FE131: 2 | FF131: 3 | FG131: 4 | FH131: 5 | FI131: ASMW | FJ131: ASNE | FK131: ASSO | FL131: ASWE | FM131: BLMW | FN131: BLNE | FO131: BLSO | FP131: BLWE | FQ131: HIMW | FR131: HINE | FS131: HISO | FT131: HIWE | FU131: OTMW | FV131: OTNE | FW131: OTSO | FX131: OTWE | FY131: WHMW | FZ131: WHNE | GA131: WHSO | GB131: WHWE | GC131: F | GD131: M | GE131: OTHER | GF131: Total | GG131: LastRefreshed
A132: 09.00.00-09.11.30 | C132: Target N | D132: 8.29 | E132: 20.14 | F132: 31.94 | G132: 39.63 | H132: 0 | I132: 5.08 | J132: 12.66 | K132: 24 | L132: 9.92 | M132: 48.34 | N132: 21.61 | O132: 15.54 | P132: 39.7 | Q132: 23.16 | R132: 50 | S132: 50 | T132: 0 | U132: 100 | V132: 08/05/2026 @ 7:34 AM | AA132: 09.00.00-09.11.30 | AC132: Target N | AD132: 0.36 | AE132: 0.61 | AF132: 0.83 | AG132: 3.29 | AH132: 0 | AI132: 1.05 | AJ132: 3.73 | AK132: 4.79 | AL132: 3.08 | AM132: 0 | AN132: 4.78 | AO132: 6.73 | AP132: 7.33 | AQ132: 5.15 | AR132: 0 | AS132: 0.54 | AT132: 1.85 | AU132: 3.53 | AV132: 4.01 | AW132: 0 | AX132: 1.56 | AY132: 7.22 | AZ132: 15.46 | BA132: 24.1 | BB132: 0 | BC132: 21.61 | BD132: 15.54 | BE132: 39.7 | BF132: 23.16 | BG132: 50 | BH132: 50 | BI132: 0 | BJ132: 100 | BK132: 08/05/2026 @ 7:33 AM | CA132: 09.00.00-09.11.30 | CC132: Target N | CD132: 8.29 | CE132: 20.14 | CF132: 31.94 | CG132: 39.63 | CH132: 0 | CI132: 2.54 | CJ132: 2.54 | CK132: 6.33 | CL132: 6.33 | CM132: 12 | CN132: 12 | CO132: 4.96 | CP132: 4.96 | CQ132: 24.17 | CR132: 24.17 | CS132: 21.61 | CT132: 15.54 | CU132: 39.7 | CV132: 23.16 | CW132: 100 | CX132: 08/05/2026 @ 7:33 AM | DA132: 09.00.00-09.11.30 | DC132: Target N | DD132: 4.15 | DE132: 10.07 | DF132: 15.97 | DG132: 19.81 | DH132: 0 | DI132: 4.15 | DJ132: 10.07 | DK132: 15.97 | DL132: 19.81 | DM132: 0 | DN132: 0 | DO132: 0 | DP132: 0 | DQ132: 0 | DR132: 0 | DS132: 5.08 | DT132: 12.66 | DU132: 24 | DV132: 9.92 | DW132: 48.34 | DX132: 21.61 | DY132: 15.54 | DZ132: 39.7 | EA132: 23.16 | EB132: 100 | EC132: 08/05/2026 @ 7:33 AM | FA132: 09.00.00-09.11.30 | FC132: Target N | FD132: 8.29 | FE132: 20.14 | FF132: 31.94 | FG132: 39.63 | FH132: 0 | FI132: 0.69 | FJ132: 1.06 | FK132: 1.41 | FL132: 1.93 | FM132: 2.31 | FN132: 1.6 | FO132: 7.76 | FP132: 0.99 | FQ132: 2.91 | FR132: 3.24 | FS132: 9.12 | FT132: 8.72 | FU132: 1.96 | FV132: 1.33 | FW132: 3.66 | FX132: 2.97 | FY132: 13.73 | FZ132: 8.31 | GA132: 17.75 | GB132: 8.54 | GC132: 50 | GD132: 50 | GE132: 0 | GF132: 100 | GG132: 08/05/2026 @ 7:33 AM
A133: 09.00.00-09.11.30 | C133: Stratified Usable N | D133: 8 | E133: 21 | F133: 32 | G133: 39 | H133: 0 | I133: 6 | J133: 13 | K133: 24 | L133: 11 | M133: 46 | N133: 23 | O133: 14 | P133: 40 | Q133: 23 | R133: 50 | S133: 50 | T133: 0 | U133: 100 | V133: 08/05/2026 @ 7:34 AM | AA133: 09.00.00-09.11.30 | AC133: Stratified Usable N | AD133: 1 | AE133: 1 | AF133: 1 | AG133: 3 | AH133: 0 | AI133: 1 | AJ133: 4 | AK133: 5 | AL133: 3 | AM133: 0 | AN133: 5 | AO133: 7 | AP133: 7 | AQ133: 5 | AR133: 0 | AS133: 1 | AT133: 2 | AU133: 4 | AV133: 4 | AW133: 0 | AX133: 0 | AY133: 7 | AZ133: 15 | BA133: 24 | BB133: 0 | BC133: 23 | BD133: 14 | BE133: 40 | BF133: 23 | BG133: 50 | BH133: 50 | BI133: 0 | BJ133: 100 | BK133: 08/05/2026 @ 7:33 AM | CA133: 09.00.00-09.11.30 | CC133: Stratified Usable N | CD133: 8 | CE133: 21 | CF133: 32 | CG133: 39 | CH133: 0 | CI133: 3 | CJ133: 3 | CK133: 6 | CL133: 7 | CM133: 12 | CN133: 12 | CO133: 6 | CP133: 5 | CQ133: 23 | CR133: 23 | CS133: 23 | CT133: 14 | CU133: 40 | CV133: 23 | CW133: 100 | CX133: 08/05/2026 @ 7:33 AM | DA133: 09.00.00-09.11.30 | DC133: Stratified Usable N | DD133: 1 | DE133: 12 | DF133: 19 | DG133: 18 | DH133: 0 | DI133: 7 | DJ133: 9 | DK133: 13 | DL133: 21 | DM133: 0 | DN133: 0 | DO133: 0 | DP133: 0 | DQ133: 0 | DR133: 0 | DS133: 6 | DT133: 13 | DU133: 24 | DV133: 11 | DW133: 46 | DX133: 23 | DY133: 14 | DZ133: 40 | EA133: 23 | EB133: 100 | EC133: 08/05/2026 @ 7:33 AM | FA133: 09.00.00-09.11.30 | FC133: Stratified Usable N | FD133: 8 | FE133: 21 | FF133: 32 | FG133: 39 | FH133: 0 | FI133: 1 | FJ133: 0 | FK133: 2 | FL133: 3 | FM133: 2 | FN133: 3 | FO133: 7 | FP133: 1 | FQ133: 4 | FR133: 3 | FS133: 7 | FT133: 10 | FU133: 3 | FV133: 0 | FW133: 6 | FX133: 2 | FY133: 13 | FZ133: 8 | GA133: 18 | GB133: 7 | GC133: 50 | GD133: 50 | GE133: 0 | GF133: 100 | GG133: 08/05/2026 @ 7:33 AM
A134: 09.00.00-09.11.30 | C134: Stratified Out Usable N | D134: 2 | E134: 6 | F134: 13 | G134: 9 | H134: 0 | I134: 0 | J134: 5 | K134: 8 | L134: 1 | M134: 16 | N134: 7 | O134: 3 | P134: 13 | Q134: 7 | R134: 16 | S134: 14 | T134: 0 | U134: 30 | V134: 08/05/2026 @ 7:34 AM | AA134: 09.00.00-09.11.30 | AC134: Stratified Out Usable N | AD134: 0 | AE134: 0 | AF134: 0 | AG134: 0 | AH134: 0 | AI134: 0 | AJ134: 1 | AK134: 3 | AL134: 1 | AM134: 0 | AN134: 2 | AO134: 2 | AP134: 2 | AQ134: 2 | AR134: 0 | AS134: 0 | AT134: 0 | AU134: 0 | AV134: 1 | AW134: 0 | AX134: 0 | AY134: 3 | AZ134: 8 | BA134: 5 | BB134: 0 | BC134: 7 | BD134: 3 | BE134: 13 | BF134: 7 | BG134: 16 | BH134: 14 | BI134: 0 | BJ134: 30 | BK134: 08/05/2026 @ 7:33 AM | CA134: 09.00.00-09.11.30 | CC134: Stratified Out Usable N | CD134: 2 | CE134: 6 | CF134: 13 | CG134: 9 | CH134: 0 | CI134: 0 | CJ134: 0 | CK134: 3 | CL134: 2 | CM134: 4 | CN134: 4 | CO134: 0 | CP134: 1 | CQ134: 7 | CR134: 9 | CS134: 7 | CT134: 3 | CU134: 13 | CV134: 7 | CW134: 30 | CX134: 08/05/2026 @ 7:33 AM | DA134: 09.00.00-09.11.30 | DC134: Stratified Out Usable N | DD134: 1 | DE134: 3 | DF134: 5 | DG134: 7 | DH134: 0 | DI134: 1 | DJ134: 3 | DK134: 8 | DL134: 2 | DM134: 0 | DN134: 0 | DO134: 0 | DP134: 0 | DQ134: 0 | DR134: 0 | DS134: 0 | DT134: 5 | DU134: 8 | DV134: 1 | DW134: 16 | DX134: 7 | DY134: 3 | DZ134: 13 | EA134: 7 | EB134: 30 | EC134: 08/05/2026 @ 7:33 AM | FA134: 09.00.00-09.11.30 | FC134: Stratified Out Usable N | FD134: 2 | FE134: 6 | FF134: 13 | FG134: 9 | FH134: 0 | FI134: 0 | FJ134: 0 | FK134: 0 | FL134: 0 | FM134: 2 | FN134: 0 | FO134: 3 | FP134: 0 | FQ134: 1 | FR134: 0 | FS134: 4 | FT134: 3 | FU134: 0 | FV134: 1 | FW134: 0 | FX134: 0 | FY134: 4 | FZ134: 2 | GA134: 6 | GB134: 4 | GC134: 16 | GD134: 14 | GE134: 0 | GF134: 30 | GG134: 08/05/2026 @ 7:33 AM
A135: 09.00.00-09.11.30 | C135: In Process N | D135: 0 | E135: 0 | F135: 0 | G135: 0 | H135: 0 | I135: 0 | J135: 0 | K135: 0 | L135: 0 | M135: 0 | N135: 0 | O135: 0 | P135: 0 | Q135: 0 | R135: 0 | S135: 0 | T135: 0 | U135: 0 | V135: 08/05/2026 @ 7:34 AM | AA135: 09.00.00-09.11.30 | AC135: In Process N | AD135: 0 | AE135: 0 | AF135: 0 | AG135: 0 | AH135: 0 | AI135: 0 | AJ135: 0 | AK135: 0 | AL135: 0 | AM135: 0 | AN135: 0 | AO135: 0 | AP135: 0 | AQ135: 0 | AR135: 0 | AS135: 0 | AT135: 0 | AU135: 0 | AV135: 0 | AW135: 0 | AX135: 0 | AY135: 0 | AZ135: 0 | BA135: 0 | BB135: 0 | BC135: 0 | BD135: 0 | BE135: 0 | BF135: 0 | BG135: 0 | BH135: 0 | BI135: 0 | BJ135: 0 | BK135: 08/05/2026 @ 7:33 AM | CA135: 09.00.00-09.11.30 | CC135: In Process N | CD135: 0 | CE135: 0 | CF135: 0 | CG135: 0 | CH135: 0 | CI135: 0 | CJ135: 0 | CK135: 0 | CL135: 0 | CM135: 0 | CN135: 0 | CO135: 0 | CP135: 0 | CQ135: 0 | CR135: 0 | CS135: 0 | CT135: 0 | CU135: 0 | CV135: 0 | CW135: 0 | CX135: 08/05/2026 @ 7:33 AM | DA135: 09.00.00-09.11.30 | DC135: In Process N | DD135: 0 | DE135: 0 | DF135: 0 | DG135: 0 | DH135: 0 | DI135: 0 | DJ135: 0 | DK135: 0 | DL135: 0 | DM135: 0 | DN135: 0 | DO135: 0 | DP135: 0 | DQ135: 0 | DR135: 0 | DS135: 0 | DT135: 0 | DU135: 0 | DV135: 0 | DW135: 0 | DX135: 0 | DY135: 0 | DZ135: 0 | EA135: 0 | EB135: 0 | EC135: 08/05/2026 @ 7:33 AM | FA135: 09.00.00-09.11.30 | FC135: In Process N | FD135: 0 | FE135: 0 | FF135: 0 | FG135: 0 | FH135: 0 | FI135: 0 | FJ135: 0 | FK135: 0 | FL135: 0 | FM135: 0 | FN135: 0 | FO135: 0 | FP135: 0 | FQ135: 0 | FR135: 0 | FS135: 0 | FT135: 0 | FU135: 0 | FV135: 0 | FW135: 0 | FX135: 0 | FY135: 0 | FZ135: 0 | GA135: 0 | GB135: 0 | GC135: 0 | GD135: 0 | GE135: 0 | GF135: 0 | GG135: 08/05/2026 @ 7:33 AM
A136: 09.00.00-09.11.30 | C136: Assigned Not Recd N | D136: 0 | E136: 0 | F136: 0 | G136: 0 | H136: 0 | I136: 0 | J136: 0 | K136: 0 | L136: 0 | M136: 0 | N136: 0 | O136: 0 | P136: 0 | Q136: 0 | R136: 0 | S136: 0 | T136: 0 | U136: 0 | V136: 08/05/2026 @ 7:34 AM | AA136: 09.00.00-09.11.30 | AC136: Assigned Not Recd N | AD136: 0 | AE136: 0 | AF136: 0 | AG136: 0 | AH136: 0 | AI136: 0 | AJ136: 0 | AK136: 0 | AL136: 0 | AM136: 0 | AN136: 0 | AO136: 0 | AP136: 0 | AQ136: 0 | AR136: 0 | AS136: 0 | AT136: 0 | AU136: 0 | AV136: 0 | AW136: 0 | AX136: 0 | AY136: 0 | AZ136: 0 | BA136: 0 | BB136: 0 | BC136: 0 | BD136: 0 | BE136: 0 | BF136: 0 | BG136: 0 | BH136: 0 | BI136: 0 | BJ136: 0 | BK136: 08/05/2026 @ 7:33 AM | CA136: 09.00.00-09.11.30 | CC136: Assigned Not Recd N | CD136: 0 | CE136: 0 | CF136: 0 | CG136: 0 | CH136: 0 | CI136: 0 | CJ136: 0 | CK136: 0 | CL136: 0 | CM136: 0 | CN136: 0 | CO136: 0 | CP136: 0 | CQ136: 0 | CR136: 0 | CS136: 0 | CT136: 0 | CU136: 0 | CV136: 0 | CW136: 0 | CX136: 08/05/2026 @ 7:33 AM | DA136: 09.00.00-09.11.30 | DC136: Assigned Not Recd N | DD136: 0 | DE136: 0 | DF136: 0 | DG136: 0 | DH136: 0 | DI136: 0 | DJ136: 0 | DK136: 0 | DL136: 0 | DM136: 0 | DN136: 0 | DO136: 0 | DP136: 0 | DQ136: 0 | DR136: 0 | DS136: 0 | DT136: 0 | DU136: 0 | DV136: 0 | DW136: 0 | DX136: 0 | DY136: 0 | DZ136: 0 | EA136: 0 | EB136: 0 | EC136: 08/05/2026 @ 7:33 AM | FA136: 09.00.00-09.11.30 | FC136: Assigned Not Recd N | FD136: 0 | FE136: 0 | FF136: 0 | FG136: 0 | FH136: 0 | FI136: 0 | FJ136: 0 | FK136: 0 | FL136: 0 | FM136: 0 | FN136: 0 | FO136: 0 | FP136: 0 | FQ136: 0 | FR136: 0 | FS136: 0 | FT136: 0 | FU136: 0 | FV136: 0 | FW136: 0 | FX136: 0 | FY136: 0 | FZ136: 0 | GA136: 0 | GB136: 0 | GC136: 0 | GD136: 0 | GE136: 0 | GF136: 0 | GG136: 08/05/2026 @ 7:33 AM
A137: 09.00.00-09.11.30 | C137: Reserved Not Recd N | D137: 0 | E137: 0 | F137: 0 | G137: 0 | H137: 0 | I137: 0 | J137: 0 | K137: 0 | L137: 0 | M137: 0 | N137: 0 | O137: 0 | P137: 0 | Q137: 0 | R137: 0 | S137: 0 | T137: 0 | U137: 0 | V137: 08/05/2026 @ 7:34 AM | AA137: 09.00.00-09.11.30 | AC137: Reserved Not Recd N | AD137: 0 | AE137: 0 | AF137: 0 | AG137: 0 | AH137: 0 | AI137: 0 | AJ137: 0 | AK137: 0 | AL137: 0 | AM137: 0 | AN137: 0 | AO137: 0 | AP137: 0 | AQ137: 0 | AR137: 0 | AS137: 0 | AT137: 0 | AU137: 0 | AV137: 0 | AW137: 0 | AX137: 0 | AY137: 0 | AZ137: 0 | BA137: 0 | BB137: 0 | BC137: 0 | BD137: 0 | BE137: 0 | BF137: 0 | BG137: 0 | BH137: 0 | BI137: 0 | BJ137: 0 | BK137: 08/05/2026 @ 7:33 AM | CA137: 09.00.00-09.11.30 | CC137: Reserved Not Recd N | CD137: 0 | CE137: 0 | CF137: 0 | CG137: 0 | CH137: 0 | CI137: 0 | CJ137: 0 | CK137: 0 | CL137: 0 | CM137: 0 | CN137: 0 | CO137: 0 | CP137: 0 | CQ137: 0 | CR137: 0 | CS137: 0 | CT137: 0 | CU137: 0 | CV137: 0 | CW137: 0 | CX137: 08/05/2026 @ 7:33 AM | DA137: 09.00.00-09.11.30 | DC137: Reserved Not Recd N | DD137: 0 | DE137: 0 | DF137: 0 | DG137: 0 | DH137: 0 | DI137: 0 | DJ137: 0 | DK137: 0 | DL137: 0 | DM137: 0 | DN137: 0 | DO137: 0 | DP137: 0 | DQ137: 0 | DR137: 0 | DS137: 0 | DT137: 0 | DU137: 0 | DV137: 0 | DW137: 0 | DX137: 0 | DY137: 0 | DZ137: 0 | EA137: 0 | EB137: 0 | EC137: 08/05/2026 @ 7:33 AM | FA137: 09.00.00-09.11.30 | FC137: Reserved Not Recd N | FD137: 0 | FE137: 0 | FF137: 0 | FG137: 0 | FH137: 0 | FI137: 0 | FJ137: 0 | FK137: 0 | FL137: 0 | FM137: 0 | FN137: 0 | FO137: 0 | FP137: 0 | FQ137: 0 | FR137: 0 | FS137: 0 | FT137: 0 | FU137: 0 | FV137: 0 | FW137: 0 | FX137: 0 | FY137: 0 | FZ137: 0 | GA137: 0 | GB137: 0 | GC137: 0 | GD137: 0 | GE137: 0 | GF137: 0 | GG137: 08/05/2026 @ 7:33 AM
A138: 09.00.00-09.11.30 | C138: Total Assignments | D138: 10 | E138: 27 | F138: 45 | G138: 48 | H138: 0 | I138: 6 | J138: 18 | K138: 32 | L138: 12 | M138: 62 | N138: 30 | O138: 17 | P138: 53 | Q138: 30 | R138: 66 | S138: 64 | T138: 0 | U138: 130 | V138: 08/05/2026 @ 7:34 AM | AA138: 09.00.00-09.11.30 | AC138: Total Assignments | AD138: 1 | AE138: 1 | AF138: 1 | AG138: 3 | AH138: 0 | AI138: 1 | AJ138: 5 | AK138: 8 | AL138: 4 | AM138: 0 | AN138: 7 | AO138: 9 | AP138: 9 | AQ138: 7 | AR138: 0 | AS138: 1 | AT138: 2 | AU138: 4 | AV138: 5 | AW138: 0 | AX138: 0 | AY138: 10 | AZ138: 23 | BA138: 29 | BB138: 0 | BC138: 30 | BD138: 17 | BE138: 53 | BF138: 30 | BG138: 66 | BH138: 64 | BI138: 0 | BJ138: 130 | BK138: 08/05/2026 @ 7:33 AM | CA138: 09.00.00-09.11.30 | CC138: Total Assignments | CD138: 10 | CE138: 27 | CF138: 45 | CG138: 48 | CH138: 0 | CI138: 3 | CJ138: 3 | CK138: 9 | CL138: 9 | CM138: 16 | CN138: 16 | CO138: 6 | CP138: 6 | CQ138: 30 | CR138: 32 | CS138: 30 | CT138: 17 | CU138: 53 | CV138: 30 | CW138: 130 | CX138: 08/05/2026 @ 7:33 AM | DA138: 09.00.00-09.11.30 | DC138: Total Assignments | DD138: 2 | DE138: 15 | DF138: 24 | DG138: 25 | DH138: 0 | DI138: 8 | DJ138: 12 | DK138: 21 | DL138: 23 | DM138: 0 | DN138: 0 | DO138: 0 | DP138: 0 | DQ138: 0 | DR138: 0 | DS138: 6 | DT138: 18 | DU138: 32 | DV138: 12 | DW138: 62 | DX138: 30 | DY138: 17 | DZ138: 53 | EA138: 30 | EB138: 130 | EC138: 08/05/2026 @ 7:33 AM | FA138: 09.00.00-09.11.30 | FC138: Total Assignments | FD138: 10 | FE138: 27 | FF138: 45 | FG138: 48 | FH138: 0 | FI138: 1 | FJ138: 0 | FK138: 2 | FL138: 3 | FM138: 4 | FN138: 3 | FO138: 10 | FP138: 1 | FQ138: 5 | FR138: 3 | FS138: 11 | FT138: 13 | FU138: 3 | FV138: 1 | FW138: 6 | FX138: 2 | FY138: 17 | FZ138: 10 | GA138: 24 | GB138: 11 | GC138: 66 | GD138: 64 | GE138: 0 | GF138: 130 | GG138: 08/05/2026 @ 7:33 AM
A139: 09.00.00-09.11.30 | C139: Selected N | D139: 0 | E139: 0 | F139: 0 | G139: 0 | H139: 0 | I139: 0 | J139: 0 | K139: 0 | L139: 0 | M139: 0 | N139: 0 | O139: 0 | P139: 0 | Q139: 0 | R139: 0 | S139: 0 | T139: 0 | U139: 0 | V139: 08/05/2026 @ 7:34 AM | AA139: 09.00.00-09.11.30 | AC139: Selected N | AD139: 0 | AE139: 0 | AF139: 0 | AG139: 0 | AH139: 0 | AI139: 0 | AJ139: 0 | AK139: 0 | AL139: 0 | AM139: 0 | AN139: 0 | AO139: 0 | AP139: 0 | AQ139: 0 | AR139: 0 | AS139: 0 | AT139: 0 | AU139: 0 | AV139: 0 | AW139: 0 | AX139: 0 | AY139: 0 | AZ139: 0 | BA139: 0 | BB139: 0 | BC139: 0 | BD139: 0 | BE139: 0 | BF139: 0 | BG139: 0 | BH139: 0 | BI139: 0 | BJ139: 0 | BK139: 08/05/2026 @ 7:33 AM | CA139: 09.00.00-09.11.30 | CC139: Selected N | CD139: 0 | CE139: 0 | CF139: 0 | CG139: 0 | CH139: 0 | CI139: 0 | CJ139: 0 | CK139: 0 | CL139: 0 | CM139: 0 | CN139: 0 | CO139: 0 | CP139: 0 | CQ139: 0 | CR139: 0 | CS139: 0 | CT139: 0 | CU139: 0 | CV139: 0 | CW139: 0 | CX139: 08/05/2026 @ 7:33 AM | DA139: 09.00.00-09.11.30 | DC139: Selected N | DD139: 0 | DE139: 0 | DF139: 0 | DG139: 0 | DH139: 0 | DI139: 0 | DJ139: 0 | DK139: 0 | DL139: 0 | DM139: 0 | DN139: 0 | DO139: 0 | DP139: 0 | DQ139: 0 | DR139: 0 | DS139: 0 | DT139: 0 | DU139: 0 | DV139: 0 | DW139: 0 | DX139: 0 | DY139: 0 | DZ139: 0 | EA139: 0 | EB139: 0 | EC139: 08/05/2026 @ 7:33 AM | FA139: 09.00.00-09.11.30 | FC139: Selected N | FD139: 0 | FE139: 0 | FF139: 0 | FG139: 0 | FH139: 0 | FI139: 0 | FJ139: 0 | FK139: 0 | FL139: 0 | FM139: 0 | FN139: 0 | FO139: 0 | FP139: 0 | FQ139: 0 | FR139: 0 | FS139: 0 | FT139: 0 | FU139: 0 | FV139: 0 | FW139: 0 | FX139: 0 | FY139: 0 | FZ139: 0 | GA139: 0 | GB139: 0 | GC139: 0 | GD139: 0 | GE139: 0 | GF139: 0 | GG139: 08/05/2026 @ 7:33 AM
A140: 10.00.00-10.11.30 | C140: Target N | D140: 8.85 | E140: 20.12 | F140: 31.97 | G140: 39.05 | H140: 0 | I140: 5.17 | J140: 13 | K140: 24.32 | L140: 9.43 | M140: 48.09 | N140: 21.25 | O140: 15.25 | P140: 39.6 | Q140: 23.9 | R140: 50 | S140: 50 | T140: 0 | U140: 100 | V140: 08/05/2026 @ 7:34 AM | AA140: 10.00.00-10.11.30 | AC140: Target N | AD140: 0.4 | AE140: 0.57 | AF140: 0.82 | AG140: 3.38 | AH140: 0 | AI140: 1.19 | AJ140: 3.68 | AK140: 4.69 | AL140: 3.44 | AM140: 0 | AN140: 5.07 | AO140: 6.76 | AP140: 7.36 | AQ140: 5.12 | AR140: 0 | AS140: 0.55 | AT140: 1.69 | AU140: 3.41 | AV140: 3.78 | AW140: 0 | AX140: 1.64 | AY140: 7.43 | AZ140: 15.69 | BA140: 23.33 | BB140: 0 | BC140: 21.25 | BD140: 15.25 | BE140: 39.6 | BF140: 23.9 | BG140: 50 | BH140: 50 | BI140: 0 | BJ140: 100 | BK140: 08/05/2026 @ 7:33 AM | CA140: 10.00.00-10.11.30 | CC140: Target N | CD140: 8.85 | CE140: 20.12 | CF140: 31.97 | CG140: 39.05 | CH140: 0 | CI140: 2.59 | CJ140: 2.59 | CK140: 6.5 | CL140: 6.5 | CM140: 12.16 | CN140: 12.16 | CO140: 4.71 | CP140: 4.71 | CQ140: 24.04 | CR140: 24.04 | CS140: 21.25 | CT140: 15.25 | CU140: 39.6 | CV140: 23.9 | CW140: 100 | CX140: 08/05/2026 @ 7:33 AM | DA140: 10.00.00-10.11.30 | DC140: Target N | DD140: 4.42 | DE140: 10.06 | DF140: 15.99 | DG140: 19.53 | DH140: 0 | DI140: 4.42 | DJ140: 10.06 | DK140: 15.99 | DL140: 19.53 | DM140: 0 | DN140: 0 | DO140: 0 | DP140: 0 | DQ140: 0 | DR140: 0 | DS140: 5.17 | DT140: 13 | DU140: 24.32 | DV140: 9.43 | DW140: 48.09 | DX140: 21.25 | DY140: 15.25 | DZ140: 39.6 | EA140: 23.9 | EB140: 100 | EC140: 08/05/2026 @ 7:33 AM | FA140: 10.00.00-10.11.30 | FC140: Target N | FD140: 8.85 | FE140: 20.12 | FF140: 31.97 | FG140: 39.05 | FH140: 0 | FI140: 0.71 | FJ140: 1.05 | FK140: 1.3 | FL140: 2.11 | FM140: 2.29 | FN140: 1.81 | FO140: 8.1 | FP140: 0.8 | FQ140: 2.5 | FR140: 3.14 | FS140: 9.46 | FT140: 9.21 | FU140: 2.03 | FV140: 1.28 | FW140: 3.22 | FX140: 2.9 | FY140: 13.71 | FZ140: 7.97 | GA140: 17.53 | GB140: 8.88 | GC140: 50 | GD140: 50 | GE140: 0 | GF140: 100 | GG140: 08/05/2026 @ 7:33 AM
A141: 10.00.00-10.11.30 | C141: Stratified Usable N | D141: 9 | E141: 21 | F141: 32 | G141: 38 | H141: 0 | I141: 5 | J141: 13 | K141: 24 | L141: 10 | M141: 48 | N141: 19 | O141: 16 | P141: 40 | Q141: 25 | R141: 50 | S141: 50 | T141: 0 | U141: 100 | V141: 08/05/2026 @ 7:34 AM | AA141: 10.00.00-10.11.30 | AC141: Stratified Usable N | AD141: 0 | AE141: 1 | AF141: 1 | AG141: 3 | AH141: 0 | AI141: 1 | AJ141: 4 | AK141: 5 | AL141: 3 | AM141: 0 | AN141: 5 | AO141: 7 | AP141: 7 | AQ141: 5 | AR141: 0 | AS141: 1 | AT141: 2 | AU141: 3 | AV141: 4 | AW141: 0 | AX141: 2 | AY141: 7 | AZ141: 16 | BA141: 23 | BB141: 0 | BC141: 19 | BD141: 16 | BE141: 40 | BF141: 25 | BG141: 50 | BH141: 50 | BI141: 0 | BJ141: 100 | BK141: 08/05/2026 @ 7:33 AM | CA141: 10.00.00-10.11.30 | CC141: Stratified Usable N | CD141: 9 | CE141: 21 | CF141: 32 | CG141: 38 | CH141: 0 | CI141: 2 | CJ141: 3 | CK141: 9 | CL141: 4 | CM141: 11 | CN141: 13 | CO141: 5 | CP141: 5 | CQ141: 23 | CR141: 25 | CS141: 19 | CT141: 16 | CU141: 40 | CV141: 25 | CW141: 100 | CX141: 08/05/2026 @ 7:33 AM | DA141: 10.00.00-10.11.30 | DC141: Stratified Usable N | DD141: 6 | DE141: 13 | DF141: 11 | DG141: 20 | DH141: 0 | DI141: 3 | DJ141: 8 | DK141: 21 | DL141: 18 | DM141: 0 | DN141: 0 | DO141: 0 | DP141: 0 | DQ141: 0 | DR141: 0 | DS141: 5 | DT141: 13 | DU141: 24 | DV141: 10 | DW141: 48 | DX141: 19 | DY141: 16 | DZ141: 40 | EA141: 25 | EB141: 100 | EC141: 08/05/2026 @ 7:33 AM | FA141: 10.00.00-10.11.30 | FC141: Stratified Usable N | FD141: 9 | FE141: 21 | FF141: 32 | FG141: 38 | FH141: 0 | FI141: 0 | FJ141: 1 | FK141: 2 | FL141: 2 | FM141: 3 | FN141: 2 | FO141: 7 | FP141: 1 | FQ141: 2 | FR141: 3 | FS141: 9 | FT141: 10 | FU141: 2 | FV141: 2 | FW141: 4 | FX141: 2 | FY141: 12 | FZ141: 8 | GA141: 18 | GB141: 10 | GC141: 50 | GD141: 50 | GE141: 0 | GF141: 100 | GG141: 08/05/2026 @ 7:33 AM
A142: 10.00.00-10.11.30 | C142: Stratified Out Usable N | D142: 3 | E142: 4 | F142: 7 | G142: 7 | H142: 0 | I142: 2 | J142: 3 | K142: 4 | L142: 3 | M142: 9 | N142: 6 | O142: 1 | P142: 7 | Q142: 7 | R142: 15 | S142: 6 | T142: 0 | U142: 21 | V142: 08/05/2026 @ 7:34 AM | AA142: 10.00.00-10.11.30 | AC142: Stratified Out Usable N | AD142: 1 | AE142: 0 | AF142: 0 | AG142: 1 | AH142: 0 | AI142: 0 | AJ142: 1 | AK142: 1 | AL142: 1 | AM142: 0 | AN142: 1 | AO142: 0 | AP142: 1 | AQ142: 2 | AR142: 0 | AS142: 0 | AT142: 0 | AU142: 2 | AV142: 1 | AW142: 0 | AX142: 1 | AY142: 3 | AZ142: 3 | BA142: 2 | BB142: 0 | BC142: 6 | BD142: 1 | BE142: 7 | BF142: 7 | BG142: 15 | BH142: 6 | BI142: 0 | BJ142: 21 | BK142: 08/05/2026 @ 7:33 AM | CA142: 10.00.00-10.11.30 | CC142: Stratified Out Usable N | CD142: 3 | CE142: 4 | CF142: 7 | CG142: 7 | CH142: 0 | CI142: 1 | CJ142: 1 | CK142: 0 | CL142: 3 | CM142: 1 | CN142: 3 | CO142: 1 | CP142: 2 | CQ142: 3 | CR142: 6 | CS142: 6 | CT142: 1 | CU142: 7 | CV142: 7 | CW142: 21 | CX142: 08/05/2026 @ 7:33 AM | DA142: 10.00.00-10.11.30 | DC142: Stratified Out Usable N | DD142: 1 | DE142: 4 | DF142: 5 | DG142: 5 | DH142: 0 | DI142: 2 | DJ142: 0 | DK142: 2 | DL142: 2 | DM142: 0 | DN142: 0 | DO142: 0 | DP142: 0 | DQ142: 0 | DR142: 0 | DS142: 2 | DT142: 3 | DU142: 4 | DV142: 3 | DW142: 9 | DX142: 6 | DY142: 1 | DZ142: 7 | EA142: 7 | EB142: 21 | EC142: 08/05/2026 @ 7:33 AM | FA142: 10.00.00-10.11.30 | FC142: Stratified Out Usable N | FD142: 3 | FE142: 4 | FF142: 7 | FG142: 7 | FH142: 0 | FI142: 1 | FJ142: 0 | FK142: 0 | FL142: 1 | FM142: 0 | FN142: 0 | FO142: 2 | FP142: 1 | FQ142: 1 | FR142: 0 | FS142: 2 | FT142: 1 | FU142: 0 | FV142: 0 | FW142: 2 | FX142: 1 | FY142: 4 | FZ142: 1 | GA142: 1 | GB142: 3 | GC142: 15 | GD142: 6 | GE142: 0 | GF142: 21 | GG142: 08/05/2026 @ 7:33 AM
A143: 10.00.00-10.11.30 | C143: In Process N | D143: 0 | E143: 0 | F143: 0 | G143: 0 | H143: 0 | I143: 0 | J143: 0 | K143: 0 | L143: 0 | M143: 0 | N143: 0 | O143: 0 | P143: 0 | Q143: 0 | R143: 0 | S143: 0 | T143: 0 | U143: 0 | V143: 08/05/2026 @ 7:34 AM | AA143: 10.00.00-10.11.30 | AC143: In Process N | AD143: 0 | AE143: 0 | AF143: 0 | AG143: 0 | AH143: 0 | AI143: 0 | AJ143: 0 | AK143: 0 | AL143: 0 | AM143: 0 | AN143: 0 | AO143: 0 | AP143: 0 | AQ143: 0 | AR143: 0 | AS143: 0 | AT143: 0 | AU143: 0 | AV143: 0 | AW143: 0 | AX143: 0 | AY143: 0 | AZ143: 0 | BA143: 0 | BB143: 0 | BC143: 0 | BD143: 0 | BE143: 0 | BF143: 0 | BG143: 0 | BH143: 0 | BI143: 0 | BJ143: 0 | BK143: 08/05/2026 @ 7:33 AM | CA143: 10.00.00-10.11.30 | CC143: In Process N | CD143: 0 | CE143: 0 | CF143: 0 | CG143: 0 | CH143: 0 | CI143: 0 | CJ143: 0 | CK143: 0 | CL143: 0 | CM143: 0 | CN143: 0 | CO143: 0 | CP143: 0 | CQ143: 0 | CR143: 0 | CS143: 0 | CT143: 0 | CU143: 0 | CV143: 0 | CW143: 0 | CX143: 08/05/2026 @ 7:33 AM | DA143: 10.00.00-10.11.30 | DC143: In Process N | DD143: 0 | DE143: 0 | DF143: 0 | DG143: 0 | DH143: 0 | DI143: 0 | DJ143: 0 | DK143: 0 | DL143: 0 | DM143: 0 | DN143: 0 | DO143: 0 | DP143: 0 | DQ143: 0 | DR143: 0 | DS143: 0 | DT143: 0 | DU143: 0 | DV143: 0 | DW143: 0 | DX143: 0 | DY143: 0 | DZ143: 0 | EA143: 0 | EB143: 0 | EC143: 08/05/2026 @ 7:33 AM | FA143: 10.00.00-10.11.30 | FC143: In Process N | FD143: 0 | FE143: 0 | FF143: 0 | FG143: 0 | FH143: 0 | FI143: 0 | FJ143: 0 | FK143: 0 | FL143: 0 | FM143: 0 | FN143: 0 | FO143: 0 | FP143: 0 | FQ143: 0 | FR143: 0 | FS143: 0 | FT143: 0 | FU143: 0 | FV143: 0 | FW143: 0 | FX143: 0 | FY143: 0 | FZ143: 0 | GA143: 0 | GB143: 0 | GC143: 0 | GD143: 0 | GE143: 0 | GF143: 0 | GG143: 08/05/2026 @ 7:33 AM
... A211: Total | C211: Selected N | D211: 0 | E211: 0 | F211: 0 | G211: 0 | H211: 0 | I211: 0 | J211: 0 | K211: 0 | L211: 0 | M211: 0 | N211: 0 | O211: 0 | P211: 0 | Q211: 0 | R211: 0 | S211: 0 | T211: 0 | U211: 0 | V211: 08/05/2026 @ 7:34 AM | AA211: Total | AC211: Selected N | AD211: 0 | AE211: 0 | AF211: 0 | AG211: 0 | AH211: 0 | AI211: 0 | AJ211: 0 | AK211: 0 | AL211: 0 | AM211: 0 | AN211: 0 | AO211: 0 | AP211: 0 | AQ211: 0 | AR211: 0 | AS211: 0 | AT211: 0 | AU211: 0 | AV211: 0 | AW211: 0 | AX211: 0 | AY211: 0 | AZ211: 0 | BA211: 0 | BB211: 0 | BC211: 0 | BD211: 0 | BE211: 0 | BF211: 0 | BG211: 0 | BH211: 0 | BI211: 0 | BJ211: 0 | BK211: 08/05/2026 @ 7:33 AM | CA211: Total | CC211: Selected N | CD211: 0 | CE211: 0 | CF211: 0 | CG211: 0 | CH211: 0 | CI211: 0 | CJ211: 0 | CK211: 0 | CL211: 0 | CM211: 0 | CN211: 0 | CO211: 0 | CP211: 0 | CQ211: 0 | CR211: 0 | CS211: 0 | CT211: 0 | CU211: 0 | CV211: 0 | CW211: 0 | CX211: 08/05/2026 @ 7:33 AM | DA211: Total | DC211: Selected N | DD211: 0 | DE211: 0 | DF211: 0 | DG211: 0 | DH211: 0 | DI211: 0 | DJ211: 0 | DK211: 0 | DL211: 0 | DM211: 0 | DN211: 0 | DO211: 0 | DP211: 0 | DQ211: 0 | DR211: 0 | DS211: 0 | DT211: 0 | DU211: 0 | DV211: 0 | DW211: 0 | DX211: 0 | DY211: 0 | DZ211: 0 | EA211: 0 | EB211: 0 | EC211: 08/05/2026 @ 7:33 AM | FA211: Total | FC211: Selected N | FD211: 0 | FE211: 0 | FF211: 0 | FG211: 0 | FH211: 0 | FI211: 0 | FJ211: 0 | FK211: 0 | FL211: 0 | FM211: 0 | FN211: 0 | FO211: 0 | FP211: 0 | FQ211: 0 | FR211: 0 | FS211: 0 | FT211: 0 | FU211: 0 | FV211: 0 | FW211: 0 | FX211: 0 | FY211: 0 | FZ211: 0 | GA211: 0 | GB211: 0 | GC211: 0 | GD211: 0 | GE211: 0 | GF211: 0 | GG211: 08/05/2026 @ 7:33 AM
A229: =setup!C18 -> 3727
A230: =_xlfn.CONCAT(setup!D18," - ",setup!E18) -> Retest CELF-6 Standardization Record Form 1 (Ages 5-8) - R_CELF6_RF1_STDZ
A231: ageband | B231: gradeband | C231: report | D231: 1 | E231: 2 | F231: 3 | G231: 4 | H231: 5 | I231: AS | J231: BL | K231: HI | L231: OT | M231: WH | N231: MW | O231: NE | P231: SO | Q231: WE | R231: F | S231: M | T231: OTHER | U231: Total | V231: LastRefreshed
A232: 05.00.00-06.11.30 | C232: Target N | D232: 1 | E232: 1 | F232: 1 | G232: 1 | H232: 1 | I232: 1 | J232: 1 | K232: 1 | L232: 1 | M232: 1 | N232: 1 | O232: 1 | P232: 1 | Q232: 1 | R232: 1 | S232: 1 | T232: 0 | U232: 50 | V232: 08/05/2026 @ 7:34 AM
A233: 05.00.00-06.11.30 | C233: Stratified Usable N | D233: 2 | E233: 7 | F233: 15 | G233: 26 | H233: 0 | I233: 3 | J233: 5 | K233: 8 | L233: 7 | M233: 27 | N233: 14 | O233: 2 | P233: 17 | Q233: 17 | R233: 25 | S233: 25 | T233: 0 | U233: 50 | V233: 08/05/2026 @ 7:34 AM
A234: 05.00.00-06.11.30 | C234: Stratified Out Usable N | D234: 0 | E234: 0 | F234: 0 | G234: 0 | H234: 0 | I234: 0 | J234: 0 | K234: 0 | L234: 0 | M234: 0 | N234: 0 | O234: 0 | P234: 0 | Q234: 0 | R234: 0 | S234: 0 | T234: 0 | U234: 0 | V234: 08/05/2026 @ 7:34 AM
A235: 05.00.00-06.11.30 | C235: In Process N | D235: 0 | E235: 0 | F235: 0 | G235: 0 | H235: 0 | I235: 0 | J235: 0 | K235: 0 | L235: 0 | M235: 0 | N235: 0 | O235: 0 | P235: 0 | Q235: 0 | R235: 0 | S235: 0 | T235: 0 | U235: 0 | V235: 08/05/2026 @ 7:34 AM
A236: 05.00.00-06.11.30 | C236: Assigned Partial Recd N | D236: 0 | E236: 0 | F236: 0 | G236: 0 | H236: 0 | I236: 0 | J236: 0 | K236: 0 | L236: 0 | M236: 0 | N236: 0 | O236: 0 | P236: 0 | Q236: 0 | R236: 0 | S236: 0 | T236: 0 | U236: 0 | V236: 08/05/2026 @ 7:34 AM
A237: 05.00.00-06.11.30 | C237: Assigned Not Recd N | D237: 0 | E237: 0 | F237: 0 | G237: 0 | H237: 0 | I237: 0 | J237: 0 | K237: 0 | L237: 0 | M237: 0 | N237: 0 | O237: 0 | P237: 0 | Q237: 0 | R237: 0 | S237: 0 | T237: 0 | U237: 0 | V237: 08/05/2026 @ 7:34 AM
A238: 05.00.00-06.11.30 | C238: Reserved Not Recd N | D238: 0 | E238: 0 | F238: 0 | G238: 0 | H238: 0 | I238: 0 | J238: 0 | K238: 0 | L238: 0 | M238: 0 | N238: 0 | O238: 0 | P238: 0 | Q238: 0 | R238: 0 | S238: 0 | T238: 0 | U238: 0 | V238: 08/05/2026 @ 7:34 AM
A239: 05.00.00-06.11.30 | C239: Total Assignments | D239: 2 | E239: 7 | F239: 15 | G239: 26 | H239: 0 | I239: 3 | J239: 5 | K239: 8 | L239: 7 | M239: 27 | N239: 14 | O239: 2 | P239: 17 | Q239: 17 | R239: 25 | S239: 25 | T239: 0 | U239: 50 | V239: 08/05/2026 @ 7:34 AM
A240: 05.00.00-06.11.30 | C240: Selected N | D240: 0 | E240: 0 | F240: 0 | G240: 0 | H240: 0 | I240: 0 | J240: 0 | K240: 0 | L240: 0 | M240: 0 | N240: 0 | O240: 0 | P240: 0 | Q240: 0 | R240: 0 | S240: 0 | T240: 0 | U240: 0 | V240: 08/05/2026 @ 7:34 AM
A241: 07.00.00-08.11.30 | C241: Target N | D241: 1 | E241: 1 | F241: 1 | G241: 1 | H241: 1 | I241: 1 | J241: 1 | K241: 1 | L241: 1 | M241: 1 | N241: 1 | O241: 1 | P241: 1 | Q241: 1 | R241: 1 | S241: 1 | T241: 0 | U241: 50 | V241: 08/05/2026 @ 7:34 AM
A242: 07.00.00-08.11.30 | C242: Stratified Usable N | D242: 2 | E242: 8 | F242: 15 | G242: 25 | H242: 0 | I242: 5 | J242: 7 | K242: 10 | L242: 5 | M242: 23 | N242: 12 | O242: 4 | P242: 22 | Q242: 12 | R242: 24 | S242: 26 | T242: 0 | U242: 50 | V242: 08/05/2026 @ 7:34 AM
A243: 07.00.00-08.11.30 | C243: Stratified Out Usable N | D243: 0 | E243: 0 | F243: 0 | G243: 0 | H243: 0 | I243: 0 | J243: 0 | K243: 0 | L243: 0 | M243: 0 | N243: 0 | O243: 0 | P243: 0 | Q243: 0 | R243: 0 | S243: 0 | T243: 0 | U243: 0 | V243: 08/05/2026 @ 7:34 AM
... A258: Total | C258: Selected N | D258: 0 | E258: 0 | F258: 0 | G258: 0 | H258: 0 | I258: 0 | J258: 0 | K258: 0 | L258: 0 | M258: 0 | N258: 0 | O258: 0 | P258: 0 | Q258: 0 | R258: 0 | S258: 0 | T258: 0 | U258: 0 | V258: 08/05/2026 @ 7:34 AM
A329: =setup!C19 -> 3728
A330: =_xlfn.CONCAT(setup!D19, " - ",setup!E19) -> Retest CELF-6 Standardization Record Form 2 (Ages 9-16) - R_CELF6_RF2_STDZ
A331: ageband | B331: gradeband | C331: report | D331: 1 | E331: 2 | F331: 3 | G331: 4 | H331: 5 | I331: AS | J331: BL | K331: HI | L331: OT | M331: WH | N331: MW | O331: NE | P331: SO | Q331: WE | R331: F | S331: M | T331: OTHER | U331: Total | V331: LastRefreshed
A332: 09.00.00-11.11.30 | C332: Target N | D332: 1 | E332: 1 | F332: 1 | G332: 1 | H332: 1 | I332: 1 | J332: 1 | K332: 1 | L332: 1 | M332: 1 | N332: 1 | O332: 1 | P332: 1 | Q332: 1 | R332: 1 | S332: 1 | T332: 0 | U332: 50 | V332: 08/05/2026 @ 7:34 AM
A333: 09.00.00-11.11.30 | C333: Stratified Usable N | D333: 5 | E333: 6 | F333: 21 | G333: 18 | H333: 0 | I333: 3 | J333: 2 | K333: 12 | L333: 5 | M333: 28 | N333: 13 | O333: 4 | P333: 21 | Q333: 12 | R333: 25 | S333: 25 | T333: 0 | U333: 50 | V333: 08/05/2026 @ 7:34 AM
A334: 09.00.00-11.11.30 | C334: Stratified Out Usable N | D334: 0 | E334: 0 | F334: 1 | G334: 0 | H334: 0 | I334: 0 | J334: 0 | K334: 0 | L334: 0 | M334: 1 | N334: 0 | O334: 0 | P334: 1 | Q334: 0 | R334: 0 | S334: 1 | T334: 0 | U334: 1 | V334: 08/05/2026 @ 7:34 AM
A335: 09.00.00-11.11.30 | C335: In Process N | D335: 0 | E335: 0 | F335: 0 | G335: 0 | H335: 0 | I335: 0 | J335: 0 | K335: 0 | L335: 0 | M335: 0 | N335: 0 | O335: 0 | P335: 0 | Q335: 0 | R335: 0 | S335: 0 | T335: 0 | U335: 0 | V335: 08/05/2026 @ 7:34 AM
A336: 09.00.00-11.11.30 | C336: Assigned Partial Recd N | D336: 0 | E336: 0 | F336: 0 | G336: 0 | H336: 0 | I336: 0 | J336: 0 | K336: 0 | L336: 0 | M336: 0 | N336: 0 | O336: 0 | P336: 0 | Q336: 0 | R336: 0 | S336: 0 | T336: 0 | U336: 0 | V336: 08/05/2026 @ 7:34 AM
A337: 09.00.00-11.11.30 | C337: Assigned Not Recd N | D337: 0 | E337: 0 | F337: 0 | G337: 0 | H337: 0 | I337: 0 | J337: 0 | K337: 0 | L337: 0 | M337: 0 | N337: 0 | O337: 0 | P337: 0 | Q337: 0 | R337: 0 | S337: 0 | T337: 0 | U337: 0 | V337: 08/05/2026 @ 7:34 AM
A338: 09.00.00-11.11.30 | C338: Reserved Not Recd N | D338: 0 | E338: 0 | F338: 0 | G338: 0 | H338: 0 | I338: 0 | J338: 0 | K338: 0 | L338: 0 | M338: 0 | N338: 0 | O338: 0 | P338: 0 | Q338: 0 | R338: 0 | S338: 0 | T338: 0 | U338: 0 | V338: 08/05/2026 @ 7:34 AM
A339: 09.00.00-11.11.30 | C339: Total Assignments | D339: 5 | E339: 6 | F339: 22 | G339: 18 | H339: 0 | I339: 3 | J339: 2 | K339: 12 | L339: 5 | M339: 29 | N339: 13 | O339: 4 | P339: 22 | Q339: 12 | R339: 25 | S339: 26 | T339: 0 | U339: 51 | V339: 08/05/2026 @ 7:34 AM
A340: 09.00.00-11.11.30 | C340: Selected N | D340: 0 | E340: 0 | F340: 0 | G340: 0 | H340: 0 | I340: 0 | J340: 0 | K340: 0 | L340: 0 | M340: 0 | N340: 0 | O340: 0 | P340: 0 | Q340: 0 | R340: 0 | S340: 0 | T340: 0 | U340: 0 | V340: 08/05/2026 @ 7:34 AM
A341: 12.00.00-16.11.30 | C341: Target N | D341: 1 | E341: 1 | F341: 1 | G341: 1 | H341: 1 | I341: 1 | J341: 1 | K341: 1 | L341: 1 | M341: 1 | N341: 1 | O341: 1 | P341: 1 | Q341: 1 | R341: 1 | S341: 1 | T341: 0 | U341: 50 | V341: 08/05/2026 @ 7:34 AM
A342: 12.00.00-16.11.30 | C342: Stratified Usable N | D342: 6 | E342: 10 | F342: 17 | G342: 17 | H342: 0 | I342: 10 | J342: 5 | K342: 11 | L342: 2 | M342: 22 | N342: 9 | O342: 2 | P342: 23 | Q342: 16 | R342: 25 | S342: 25 | T342: 0 | U342: 50 | V342: 08/05/2026 @ 7:34 AM
A343: 12.00.00-16.11.30 | C343: Stratified Out Usable N | D343: 0 | E343: 0 | F343: 0 | G343: 3 | H343: 0 | I343: 0 | J343: 0 | K343: 0 | L343: 0 | M343: 3 | N343: 1 | O343: 1 | P343: 0 | Q343: 1 | R343: 3 | S343: 0 | T343: 0 | U343: 3 | V343: 08/05/2026 @ 7:34 AM
... A358: Total | C358: Selected N | D358: 0 | E358: 0 | F358: 0 | G358: 0 | H358: 0 | I358: 0 | J358: 0 | K358: 0 | L358: 0 | M358: 0 | N358: 0 | O358: 0 | P358: 0 | Q358: 0 | R358: 0 | S358: 0 | T358: 0 | U358: 0 | V358: 08/05/2026 @ 7:34 AM
A429: =setup!C20 -> 3732
A430: =_xlfn.CONCAT(setup!D20," - ",setup!E20) -> Validity CELF-6 RF1/CELFP-3 (Ages 5-6) - V_CELFP3_RF1
A431: ageband | B431: gradeband | C431: report | D431: 1 | E431: 2 | F431: 3 | G431: 4 | H431: 5 | I431: AS | J431: BL | K431: HI | L431: OT | M431: WH | N431: MW | O431: NE | P431: SO | Q431: WE | R431: F | S431: M | T431: OTHER | U431: Total | V431: LastRefreshed
A432: 05.00.00-05.11.30 | C432: Target N | D432: 1 | E432: 1 | F432: 1 | G432: 1 | H432: 1 | I432: 1 | J432: 1 | K432: 1 | L432: 1 | M432: 1 | N432: 1 | O432: 1 | P432: 1 | Q432: 1 | R432: 1 | S432: 1 | T432: 0 | U432: 15 | V432: 08/05/2026 @ 7:34 AM
A433: 05.00.00-05.11.30 | C433: Stratified Usable N | D433: 2 | E433: 4 | F433: 4 | G433: 5 | H433: 0 | I433: 3 | J433: 3 | K433: 3 | L433: 2 | M433: 4 | N433: 2 | O433: 7 | P433: 3 | Q433: 3 | R433: 8 | S433: 7 | T433: 0 | U433: 15 | V433: 08/05/2026 @ 7:34 AM
A434: 05.00.00-05.11.30 | C434: Stratified Out Usable N | D434: 0 | E434: 1 | F434: 0 | G434: 1 | H434: 0 | I434: 0 | J434: 0 | K434: 0 | L434: 0 | M434: 2 | N434: 0 | O434: 0 | P434: 0 | Q434: 2 | R434: 0 | S434: 2 | T434: 0 | U434: 2 | V434: 08/05/2026 @ 7:34 AM
A435: 05.00.00-05.11.30 | C435: In Process N | D435: 0 | E435: 0 | F435: 0 | G435: 0 | H435: 0 | I435: 0 | J435: 0 | K435: 0 | L435: 0 | M435: 0 | N435: 0 | O435: 0 | P435: 0 | Q435: 0 | R435: 0 | S435: 0 | T435: 0 | U435: 0 | V435: 08/05/2026 @ 7:34 AM
A436: 05.00.00-05.11.30 | C436: Assigned Partial Recd N | D436: 0 | E436: 0 | F436: 0 | G436: 0 | H436: 0 | I436: 0 | J436: 0 | K436: 0 | L436: 0 | M436: 0 | N436: 0 | O436: 0 | P436: 0 | Q436: 0 | R436: 0 | S436: 0 | T436: 0 | U436: 0 | V436: 08/05/2026 @ 7:34 AM
A437: 05.00.00-05.11.30 | C437: Assigned Not Recd N | D437: 0 | E437: 0 | F437: 0 | G437: 0 | H437: 0 | I437: 0 | J437: 0 | K437: 0 | L437: 0 | M437: 0 | N437: 0 | O437: 0 | P437: 0 | Q437: 0 | R437: 0 | S437: 0 | T437: 0 | U437: 0 | V437: 08/05/2026 @ 7:34 AM
A438: 05.00.00-05.11.30 | C438: Reserved Not Recd N | D438: 0 | E438: 0 | F438: 0 | G438: 0 | H438: 0 | I438: 0 | J438: 0 | K438: 0 | L438: 0 | M438: 0 | N438: 0 | O438: 0 | P438: 0 | Q438: 0 | R438: 0 | S438: 0 | T438: 0 | U438: 0 | V438: 08/05/2026 @ 7:34 AM
A439: 05.00.00-05.11.30 | C439: Total Assignments | D439: 2 | E439: 5 | F439: 4 | G439: 6 | H439: 0 | I439: 3 | J439: 3 | K439: 3 | L439: 2 | M439: 6 | N439: 2 | O439: 7 | P439: 3 | Q439: 5 | R439: 8 | S439: 9 | T439: 0 | U439: 17 | V439: 08/05/2026 @ 7:34 AM
A440: 05.00.00-05.11.30 | C440: Selected N | D440: 0 | E440: 0 | F440: 0 | G440: 0 | H440: 0 | I440: 0 | J440: 0 | K440: 0 | L440: 0 | M440: 0 | N440: 0 | O440: 0 | P440: 0 | Q440: 0 | R440: 0 | S440: 0 | T440: 0 | U440: 0 | V440: 08/05/2026 @ 7:34 AM
A441: 06.00.00-06.11.30 | C441: Target N | D441: 1 | E441: 1 | F441: 1 | G441: 1 | H441: 1 | I441: 1 | J441: 1 | K441: 1 | L441: 1 | M441: 1 | N441: 1 | O441: 1 | P441: 1 | Q441: 1 | R441: 1 | S441: 1 | T441: 0 | U441: 15 | V441: 08/05/2026 @ 7:34 AM
A442: 06.00.00-06.11.30 | C442: Stratified Usable N | D442: 2 | E442: 5 | F442: 3 | G442: 5 | H442: 0 | I442: 1 | J442: 4 | K442: 5 | L442: 1 | M442: 4 | N442: 4 | O442: 6 | P442: 3 | Q442: 2 | R442: 7 | S442: 8 | T442: 0 | U442: 15 | V442: 08/05/2026 @ 7:34 AM
A443: 06.00.00-06.11.30 | C443: Stratified Out Usable N | D443: 0 | E443: 3 | F443: 0 | G443: 0 | H443: 0 | I443: 0 | J443: 2 | K443: 0 | L443: 0 | M443: 1 | N443: 3 | O443: 0 | P443: 0 | Q443: 0 | R443: 2 | S443: 1 | T443: 0 | U443: 3 | V443: 08/05/2026 @ 7:34 AM
... A458: Total | C458: Selected N | D458: 0 | E458: 0 | F458: 0 | G458: 0 | H458: 0 | I458: 0 | J458: 0 | K458: 0 | L458: 0 | M458: 0 | N458: 0 | O458: 0 | P458: 0 | Q458: 0 | R458: 0 | S458: 0 | T458: 0 | U458: 0 | V458: 08/05/2026 @ 7:34 AM
A529: =setup!C21 -> 3729
A530: =_xlfn.CONCAT(setup!D21," - ",setup!E21) -> Validity CELF-6 RF1/CELF-5 (Ages 5-8) - V_CELF5_RF1
A531: ageband | B531: gradeband | C531: report | D531: 1 | E531: 2 | F531: 3 | G531: 4 | H531: 5 | I531: AS | J531: BL | K531: HI | L531: OT | M531: WH | N531: MW | O531: NE | P531: SO | Q531: WE | R531: F | S531: M | T531: OTHER | U531: Total | V531: LastRefreshed
A532: 05.00.00-08.11.30 | C532: Target N | D532: 1 | E532: 1 | F532: 1 | G532: 1 | H532: 1 | I532: 1 | J532: 1 | K532: 1 | L532: 1 | M532: 1 | N532: 1 | O532: 1 | P532: 1 | Q532: 1 | R532: 1 | S532: 1 | T532: 0 | U532: 25 | V532: 08/05/2026 @ 7:34 AM
A533: 05.00.00-08.11.30 | C533: Stratified Usable N | D533: 2 | E533: 6 | F533: 6 | G533: 11 | H533: 0 | I533: 1 | J533: 1 | K533: 9 | L533: 1 | M533: 13 | N533: 3 | O533: 8 | P533: 7 | Q533: 7 | R533: 12 | S533: 13 | T533: 0 | U533: 25 | V533: 08/05/2026 @ 7:34 AM
A534: 05.00.00-08.11.30 | C534: Stratified Out Usable N | D534: 0 | E534: 0 | F534: 0 | G534: 1 | H534: 0 | I534: 0 | J534: 0 | K534: 0 | L534: 0 | M534: 1 | N534: 0 | O534: 0 | P534: 0 | Q534: 1 | R534: 1 | S534: 0 | T534: 0 | U534: 1 | V534: 08/05/2026 @ 7:34 AM
A535: 05.00.00-08.11.30 | C535: In Process N | D535: 0 | E535: 0 | F535: 0 | G535: 0 | H535: 0 | I535: 0 | J535: 0 | K535: 0 | L535: 0 | M535: 0 | N535: 0 | O535: 0 | P535: 0 | Q535: 0 | R535: 0 | S535: 0 | T535: 0 | U535: 0 | V535: 08/05/2026 @ 7:34 AM
A536: 05.00.00-08.11.30 | C536: Assigned Partial Recd N | D536: 0 | E536: 0 | F536: 0 | G536: 0 | H536: 0 | I536: 0 | J536: 0 | K536: 0 | L536: 0 | M536: 0 | N536: 0 | O536: 0 | P536: 0 | Q536: 0 | R536: 0 | S536: 0 | T536: 0 | U536: 0 | V536: 08/05/2026 @ 7:34 AM
A537: 05.00.00-08.11.30 | C537: Assigned Not Recd N | D537: 0 | E537: 0 | F537: 0 | G537: 0 | H537: 0 | I537: 0 | J537: 0 | K537: 0 | L537: 0 | M537: 0 | N537: 0 | O537: 0 | P537: 0 | Q537: 0 | R537: 0 | S537: 0 | T537: 0 | U537: 0 | V537: 08/05/2026 @ 7:34 AM
A538: 05.00.00-08.11.30 | C538: Reserved Not Recd N | D538: 0 | E538: 0 | F538: 0 | G538: 0 | H538: 0 | I538: 0 | J538: 0 | K538: 0 | L538: 0 | M538: 0 | N538: 0 | O538: 0 | P538: 0 | Q538: 0 | R538: 0 | S538: 0 | T538: 0 | U538: 0 | V538: 08/05/2026 @ 7:34 AM
A539: 05.00.00-08.11.30 | C539: Total Assignments | D539: 2 | E539: 6 | F539: 6 | G539: 12 | H539: 0 | I539: 1 | J539: 1 | K539: 9 | L539: 1 | M539: 14 | N539: 3 | O539: 8 | P539: 7 | Q539: 8 | R539: 13 | S539: 13 | T539: 0 | U539: 26 | V539: 08/05/2026 @ 7:34 AM
A540: 05.00.00-08.11.30 | C540: Selected N | D540: 0 | E540: 0 | F540: 0 | G540: 0 | H540: 0 | I540: 0 | J540: 0 | K540: 0 | L540: 0 | M540: 0 | N540: 0 | O540: 0 | P540: 0 | Q540: 0 | R540: 0 | S540: 0 | T540: 0 | U540: 0 | V540: 08/05/2026 @ 7:34 AM
A541: Total | C541: Target N | D541: 1 | E541: 1 | F541: 1 | G541: 1 | H541: 1 | I541: 1 | J541: 1 | K541: 1 | L541: 1 | M541: 1 | N541: 1 | O541: 1 | P541: 1 | Q541: 1 | R541: 1 | S541: 1 | T541: 0 | U541: 25 | V541: 08/05/2026 @ 7:34 AM
A542: Total | C542: Stratified Usable N | D542: 2 | E542: 6 | F542: 6 | G542: 11 | H542: 0 | I542: 1 | J542: 1 | K542: 9 | L542: 1 | M542: 13 | N542: 3 | O542: 8 | P542: 7 | Q542: 7 | R542: 12 | S542: 13 | T542: 0 | U542: 25 | V542: 08/05/2026 @ 7:34 AM
A543: Total | C543: Stratified Out Usable N | D543: 0 | E543: 0 | F543: 0 | G543: 1 | H543: 0 | I543: 0 | J543: 0 | K543: 0 | L543: 0 | M543: 1 | N543: 0 | O543: 0 | P543: 0 | Q543: 1 | R543: 1 | S543: 0 | T543: 0 | U543: 1 | V543: 08/05/2026 @ 7:34 AM
... A549: Total | C549: Selected N | D549: 0 | E549: 0 | F549: 0 | G549: 0 | H549: 0 | I549: 0 | J549: 0 | K549: 0 | L549: 0 | M549: 0 | N549: 0 | O549: 0 | P549: 0 | Q549: 0 | R549: 0 | S549: 0 | T549: 0 | U549: 0 | V549: 08/05/2026 @ 7:34 AM
A629: =setup!C22 -> 3730
A630: =_xlfn.CONCAT(setup!D22," - ",setup!E22) -> Validity CELF-6 RF2/CELF-5 (Ages 9-16) - V_CELF5_RF2
A631: ageband | B631: gradeband | C631: report | D631: 1 | E631: 2 | F631: 3 | G631: 4 | H631: 5 | I631: AS | J631: BL | K631: HI | L631: OT | M631: WH | N631: MW | O631: NE | P631: SO | Q631: WE | R631: F | S631: M | T631: OTHER | U631: Total | V631: LastRefreshed
...

Sheet Summary
A1: =_xlfn.CONCAT("Last Refreshed at: ",F3) -> Last Refreshed at: 08/05/2026 @ 7:35 AM | H1: Assignment Information | L1: Total usable from all tabs | P1: Tptal in-Process
A2: study_id | B2: study | C2: Target | D2: usableCount | E2: Percentage | F2: Refreshed_Date | H2: Total Assigned | I2: Percentage | L2: =SUM(CELF6_STDZ_Eth_X_Ed!AL208,R_CELF6_STDZ!W49,V_CELF5!W31,V_META_RF2!W31,V_CELFP3_RF1!W31,V_CCC2!W31,CB_CELF5!W31,CB_META_RF2!W31,CB_CELFP3_RF1!W31,CELF6_USB!W29,C_LD_USB!W29) -> 1975 | M2: =SUM(#REF!,#REF!,#REF!,#REF!,#REF!,#REF!,#REF!,#REF!,#REF!,#REF!,#REF!,#REF!,#REF!,#REF!,#REF!,#REF!,#REF!,#REF!,#REF!) -> #REF! | P2: =SUM(CELF6_STDZ_old!W210,#REF!,#REF!) -> #REF!
A3: 3726,3725 | B3: CELF-6 Standardization Record Form 1 & 2 (Ages 5-21) | C3: 1500 | D3: 1500 | E3: 1 | F3: 08/05/2026 @ 7:35 AM | H3: =setup!F16+setup!F17 -> 1800 | I3: =IFERROR(H3/C3,0) -> 1.2
A4: 3727,3728 | B4: Retest CELF-6 Standardization Record Form 1 & 2 (Ages 5-16) | C4: 200 | D4: 200 | E4: 1 | F4: 08/05/2026 @ 7:35 AM | H4: =setup!F18+setup!F19 -> 204 | I4: =IFERROR(H4/C4,0) -> 1.02
A5: 3729,3730 | B5: Validity CELF-6 RF1 & 2 /CELF-5 (Ages 5-16) | C5: 50 | D5: 50 | E5: 1 | F5: 08/05/2026 @ 7:35 AM | H5: =setup!F21+setup!F22 -> 52 | I5: =IFERROR(H5/C5,0) -> 1.04
A6: 3731 | B6: Validity CELF-6 RF2/CELF-5 Meta (Ages 9-21) | C6: 30 | D6: 30 | E6: 1 | F6: 08/05/2026 @ 7:35 AM | H6: =setup!F23 -> 35 | I6: =IFERROR(H6/C6,0) -> 1.1666667
A7: 3732 | B7: Validity CELF-6 RF1/CELFP-3 (Ages 5-6) | C7: 30 | D7: 30 | E7: 1 | F7: 08/05/2026 @ 7:35 AM | H7: =setup!F20 -> 35 | I7: =IFERROR(H7/C7,0) -> 1.1666667
A8: 3734,3733 | B8: Validity CELF-6 RF1 & 2/CCC-2 (Ages 5-16) | C8: 50 | D8: 50 | E8: 1 | F8: 08/05/2026 @ 7:35 AM | H8: =setup!F25+setup!F24 -> 54 | I8: =IFERROR(H8/C8,0) -> 1.08
A9: 3735,3736 | B9: Counterbalance CELF-5/CELF-6 RF1 & 2 (Ages 5-16) | C9: 50 | D9: 50 | E9: 1 | F9: 08/05/2026 @ 7:35 AM | H9: =setup!F26+setup!F27 -> 54 | I9: =IFERROR(H9/C9,0) -> 1.08
A10: 3737 | B10: Counterbalance CELF-5 Meta/CELF-6 RF2 (Ages 9-21) | C10: 30 | D10: 30 | E10: 1 | F10: 08/05/2026 @ 7:35 AM | H10: =setup!F28 -> 33 | I10: =IFERROR(H10/C10,0) -> 1.1
A11: 3738 | B11: Counterbalance CELFP-3/CELF-6 RF1 (Ages 5-6) | C11: 30 | D11: 30 | E11: 1 | F11: 08/05/2026 @ 7:35 AM | H11: =setup!F29 -> 35 | I11: =IFERROR(H11/C11,0) -> 1.1666667
A12: 3758,3759 | B12: CELF-6 Standardization Record Form 1 & 2 (Ages 5-21) Usability | C12: 0 | D12: 3 | F12: 08/05/2026 @ 7:35 AM | H12: =setup!F30+setup!F31 -> 3 | I12: =IFERROR(H12/C12,0) -> 0
A13: 3760,3761 | B13: CELF-6 RF 1 & 2 Clinical Language Disorder (Ages 5-21) Usability | C13: 0 | D13: 2 | F13: 08/05/2026 @ 7:35 AM | H13: =setup!F32+setup!F33 -> 2 | I13: =IFERROR(H13/C13,0) -> 0
A14: All | B14: Total | C14: 1970 | D14: 1975 | E14: 1.0025381 | F14: 08/05/2026 @ 7:35 AM | H14: =SUM(H3:H13) -> 2307 | I14: =IFERROR(H14/C14,0) -> 1.171066

Sheet CELF6_STDZ_Eth_Sex_Ed_Reg(old)
B1: Total Assigments below Target | E1: Additional Information | P1: Study Information
B2: Usable greater/equal to target | E2: Usable = case is available to Psychometrics for this study In Process = questionable, In Process Assigned Not Recd = Tests assigned to examiners, no tests received (required tests) Reserved not Received = Tests in reserved status, not received Total Assignments = sum of Usable, Received Non Final, Assigned Partial Received, Assigned Not Received Selected = default status for making an assignment | P2: Study ID: 3725 | S2: Study Name:CELF6_RF1_STDZ | AA2: Additional Information
B3: Selected is equal to Target | P3: Study ID: 3726 | S3: Study Name:CELF6_RF2_STDZ | AA3: Eth : For AS, at a minimum, must meet the US Census target; must have at least one case in each age band Sex: The percentages of male and female representation will be determined based upon individuals reporting “Another term.” That is, 100% minus the percentage of “Another term” divided by 2.
B7: =_xlfn.CONCAT("Last Refreshed at: ",aurora_data!GG4) -> Last Refreshed at: 08/05/2026 @ 7:33 AM
D8: Variance Tolerance: | E8: 0.05
B9: Status | C9: Age/Grade | E9: Ethnicity by Sex by Education by Region | GX9: Totals
E10: F | DA10: M
E11: AS | Y11: BL | AS11: HI | BM11: OT | CG11: WH | DA11: AS | DU11: BL | EO11: HI | FI11: OT | GC11: WH
E12: 1 | I12: 2 | M12: 3 | Q12: 4 | U12: 5 | Y12: 1 | AC12: 2 | AG12: 3 | AK12: 4 | AO12: 5 | AS12: 1 | AW12: 2 | BA12: 3 | BE12: 4 | BI12: 5 | BM12: 1 | BQ12: 2 | BU12: 3 | BY12: 4 | CC12: 5 | CG12: 1 | CK12: 2 | CO12: 3 | CS12: 4 | CW12: 5 | DA12: 1 | DE12: 2 | DI12: 3 | DM12: 4 | DQ12: 5 | DU12: 1 | DY12: 2 | EC12: 3 | EG12: 4 | EK12: 5 | EO12: 1 | ES12: 2 | EW12: 3 | FA12: 4 | FE12: 5 | FI12: 1 | FM12: 2 | FQ12: 3 | FU12: 4 | FY12: 5 | GC12: 1 | GG12: 2 | GK12: 3 | GO12: 4 | GS12: 5
E13: MW | F13: NE | G13: SO | H13: WE | I13: MW | J13: NE | K13: SO | L13: WE | M13: MW | N13: NE | O13: SO | P13: WE | Q13: MW | R13: NE | S13: SO | T13: WE | U13: MW | V13: NE | W13: SO | X13: WE | Y13: MW | Z13: NE | AA13: SO | AB13: WE | AC13: MW | AD13: NE | AE13: SO | AF13: WE | AG13: MW | AH13: NE | AI13: SO | AJ13: WE | AK13: MW | AL13: NE | AM13: SO | AN13: WE | AO13: MW | AP13: NE | AQ13: SO | AR13: WE | AS13: MW | AT13: NE | AU13: SO | AV13: WE | AW13: MW | AX13: NE | AY13: SO | AZ13: WE | BA13: MW | BB13: NE | BC13: SO | BD13: WE | BE13: MW | BF13: NE | BG13: SO | BH13: WE | BI13: MW | BJ13: NE | BK13: SO | BL13: WE | BM13: MW | BN13: NE | BO13: SO | BP13: WE | BQ13: MW | BR13: NE | BS13: SO | BT13: WE | BU13: MW | BV13: NE | BW13: SO | BX13: WE | BY13: MW | BZ13: NE | CA13: SO | CB13: WE | CC13: MW | CD13: NE | CE13: SO | CF13: WE | CG13: MW | CH13: NE | CI13: SO | CJ13: WE | CK13: MW | CL13: NE | CM13: SO | CN13: WE | CO13: MW | CP13: NE | CQ13: SO | CR13: WE | CS13: MW | CT13: NE | CU13: SO | CV13: WE | CW13: MW | CX13: NE | CY13: SO | CZ13: WE | DA13: MW | DB13: NE | DC13: SO | DD13: WE | DE13: MW | DF13: NE | DG13: SO | DH13: WE | DI13: MW | DJ13: NE | DK13: SO | DL13: WE | DM13: MW | DN13: NE | DO13: SO | DP13: WE | DQ13: MW | DR13: NE | DS13: SO | DT13: WE | DU13: MW | DV13: NE | DW13: SO | DX13: WE | DY13: MW | DZ13: NE | EA13: SO | EB13: WE | EC13: MW | ED13: NE | EE13: SO | EF13: WE | EG13: MW | EH13: NE | EI13: SO | EJ13: WE | EK13: MW | EL13: NE | EM13: SO | EN13: WE | EO13: MW | EP13: NE | EQ13: SO | ER13: WE | ES13: MW | ET13: NE | EU13: SO | EV13: WE | EW13: MW | EX13: NE | EY13: SO | EZ13: WE | FA13: MW | FB13: NE | FC13: SO | FD13: WE | FE13: MW | FF13: NE | FG13: SO | FH13: WE | FI13: MW | FJ13: NE | FK13: SO | FL13: WE | FM13: MW | FN13: NE | FO13: SO | FP13: WE | FQ13: MW | FR13: NE | FS13: SO | FT13: WE | FU13: MW | FV13: NE | FW13: SO | FX13: WE | FY13: MW | FZ13: NE | GA13: SO | GB13: WE | GC13: MW | GD13: NE | GE13: SO | GF13: WE | GG13: MW | GH13: NE | GI13: SO | GJ13: WE | GK13: MW | GL13: NE | GM13: SO | GN13: WE | GO13: MW | GP13: NE | GQ13: SO | GR13: WE | GS13: MW | GT13: NE | GU13: SO | GV13: WE
B14: Open | C14: =aurora_data!A2032 -> 05.00.00-05.05.30 | D14: Target N | E14: =aurora_data!D2032 -> 0.03 | F14: =aurora_data!E2032 -> 0.02 | G14: =aurora_data!F2032 -> 0.03 | H14: =aurora_data!G2032 -> 0.03 | I14: =aurora_data!H2032 -> 0.03 | J14: =aurora_data!I2032 -> 0.06 | K14: =aurora_data!J2032 -> 0.04 | L14: =aurora_data!K2032 -> 0.08 | ... GV14: =aurora_data!GU2032 -> 0 | GX14: =aurora_data!GV2032 -> 100 | GY14: =GX14/$GX$14 -> 1
D15: Stratified Usable N | E15: =aurora_data!D2033 -> 0 | F15: =aurora_data!E2033 -> 0 | G15: =aurora_data!F2033 -> 0 | H15: =aurora_data!G2033 -> 0 | I15: =aurora_data!H2033 -> 0 | J15: =aurora_data!I2033 -> 0 | K15: =aurora_data!J2033 -> 0 | L15: =aurora_data!K2033 -> 0 | ... GV15: =aurora_data!GU2033 -> 0 | GX15: =aurora_data!GV2033 -> 100 | GY15: =GX15/$GX$14 -> 1
D16: Stratified Out Usable N | E16: =aurora_data!D2034 -> 0 | F16: =aurora_data!E2034 -> 0 | G16: =aurora_data!F2034 -> 0 | H16: =aurora_data!G2034 -> 0 | I16: =aurora_data!H2034 -> 0 | J16: =aurora_data!I2034 -> 0 | K16: =aurora_data!J2034 -> 0 | L16: =aurora_data!K2034 -> 0 | ... GV16: =aurora_data!GU2034 -> 0 | GX16: =aurora_data!GV2034 -> 17 | GY16: =GX16/$GX$14 -> 0.17
D17: In Process N | E17: =aurora_data!D2035 -> 0 | F17: =aurora_data!E2035 -> 0 | G17: =aurora_data!F2035 -> 0 | H17: =aurora_data!G2035 -> 0 | I17: =aurora_data!H2035 -> 0 | J17: =aurora_data!I2035 -> 0 | K17: =aurora_data!J2035 -> 0 | L17: =aurora_data!K2035 -> 0 | ... GV17: =aurora_data!GU2035 -> 0 | GX17: =aurora_data!GV2035 -> 0 | GY17: =GX17/$GX$14 -> 0
D18: Assigned Not Recd N | E18: =aurora_data!D2036 -> 0 | F18: =aurora_data!E2036 -> 0 | G18: =aurora_data!F2036 -> 0 | H18: =aurora_data!G2036 -> 0 | I18: =aurora_data!H2036 -> 0 | J18: =aurora_data!I2036 -> 0 | K18: =aurora_data!J2036 -> 0 | L18: =aurora_data!K2036 -> 0 | ... GV18: =aurora_data!GU2036 -> 0 | GX18: =aurora_data!GV2036 -> 0 | GY18: =GX18/$GX$14 -> 0
D19: Reserved Not Recd N | E19: =aurora_data!D2037 -> 0 | F19: =aurora_data!E2037 -> 0 | G19: =aurora_data!F2037 -> 0 | H19: =aurora_data!G2037 -> 0 | I19: =aurora_data!H2037 -> 0 | J19: =aurora_data!I2037 -> 0 | K19: =aurora_data!J2037 -> 0 | L19: =aurora_data!K2037 -> 0 | ... GV19: =aurora_data!GU2037 -> 0 | GX19: =aurora_data!GV2037 -> 0 | GY19: =GX19/$GX$14 -> 0
D20: Total Assignments | E20: =aurora_data!D2038 -> 0 | F20: =aurora_data!E2038 -> 0 | G20: =aurora_data!F2038 -> 0 | H20: =aurora_data!G2038 -> 0 | I20: =aurora_data!H2038 -> 0 | J20: =aurora_data!I2038 -> 0 | K20: =aurora_data!J2038 -> 0 | L20: =aurora_data!K2038 -> 0 | ... GV20: =aurora_data!GU2038 -> 0 | GX20: =aurora_data!GV2038 -> 117 | GY20: =GX20/$GX$14 -> 1.17
D21: Selected N | E21: =aurora_data!D2039 -> 0 | F21: =aurora_data!E2039 -> 0 | G21: =aurora_data!F2039 -> 0 | H21: =aurora_data!G2039 -> 0 | I21: =aurora_data!H2039 -> 0 | J21: =aurora_data!I2039 -> 0 | K21: =aurora_data!J2039 -> 0 | L21: =aurora_data!K2039 -> 0 | ... GV21: =aurora_data!GU2039 -> 0 | GX21: =aurora_data!GV2039 -> 0 | GY21: =GX21/$GX$14 -> 0
D22: Max N Variance | E22: =ROUNDDOWN((E24+$E$8)*($GX14),0) -> 5 | F22: =ROUNDDOWN((F24+$E$8)*($GX14),0) -> 5 | G22: =ROUNDDOWN((G24+$E$8)*($GX14),0) -> 5 | H22: =ROUNDDOWN((H24+$E$8)*($GX14),0) -> 5 | I22: =ROUNDDOWN((I24+$E$8)*($GX14),0) -> 5 | J22: =ROUNDDOWN((J24+$E$8)*($GX14),0) -> 5 | K22: =ROUNDDOWN((K24+$E$8)*($GX14),0) -> 5 | L22: =ROUNDDOWN((L24+$E$8)*($GX14),0) -> 5 | ... GV22: =ROUNDDOWN((GV24+$E$8)*($GX14),0) -> 5
D23: Min N Variance | E23: =IF(ROUND(((E24-$E$8)*($GX14))+0.25,0) <=0,1,((E24-$E$8)*($GX14))+0.25) -> 1 | F23: =IF(ROUND(((F24-$E$8)*($GX14))+0.25,0) <=0,1,((F24-$E$8)*($GX14))+0.25) -> 1 | G23: =IF(ROUND(((G24-$E$8)*($GX14))+0.25,0) <=0,1,((G24-$E$8)*($GX14))+0.25) -> 1 | H23: =IF(ROUND(((H24-$E$8)*($GX14))+0.25,0) <=0,1,((H24-$E$8)*($GX14))+0.25) -> 1 | I23: =IF(ROUND(((I24-$E$8)*($GX14))+0.25,0) <=0,1,((I24-$E$8)*($GX14))+0.25) -> 1 | J23: =IF(ROUND(((J24-$E$8)*($GX14))+0.25,0) <=0,1,((J24-$E$8)*($GX14))+0.25) -> 1 | K23: =IF(ROUND(((K24-$E$8)*($GX14))+0.25,0) <=0,1,((K24-$E$8)*($GX14))+0.25) -> 1 | L23: =IF(ROUND(((L24-$E$8)*($GX14))+0.25,0) <=0,1,((L24-$E$8)*($GX14))+0.25) -> 1 | ... GV23: =IF(ROUND(((GV24-$E$8)*($GX14))+0.25,0) <=0,1,((GV24-$E$8)*($GX14))+0.25) -> 1
D24: Census % | E24: =IFERROR(E14/$GX14,0) -> 0.0003 | F24: =IFERROR(F14/$GX14,0) -> 0.0002 | G24: =IFERROR(G14/$GX14,0) -> 0.0003 | H24: =IFERROR(H14/$GX14,0) -> 0.0003 | I24: =IFERROR(I14/$GX14,0) -> 0.0003 | J24: =IFERROR(J14/$GX14,0) -> 0.0006 | K24: =IFERROR(K14/$GX14,0) -> 0.0004 | L24: =IFERROR(L14/$GX14,0) -> 0.0008 | ... GV24: =IFERROR(GV14/$GX14,0) -> 0
D25: Usable % | E25: =IFERROR(E15/$GX14,0) -> 0 | F25: =IFERROR(F15/$GX14,0) -> 0 | G25: =IFERROR(G15/$GX14,0) -> 0 | H25: =IFERROR(H15/$GX14,0) -> 0 | I25: =IFERROR(I15/$GX14,0) -> 0 | J25: =IFERROR(J15/$GX14,0) -> 0 | K25: =IFERROR(K15/$GX14,0) -> 0 | L25: =IFERROR(L15/$GX14,0) -> 0 | ... GV25: =IFERROR(GV15/$GX14,0) -> 0
D26: Difference % | E26: =E25-E24 -> -0.0003 | F26: =F25-F24 -> -0.0002 | G26: =G25-G24 -> -0.0003 | H26: =H25-H24 -> -0.0003 | I26: =I25-I24 -> -0.0003 | J26: =J25-J24 -> -0.0006 | K26: =K25-K24 -> -0.0004 | L26: =L25-L24 -> -0.0008 | ... GV26: =GV25-GV24 -> 0
B27: Open | C27: =aurora_data!A2040 -> 05.06.00-05.11.30 | D27: Target N | E27: =aurora_data!D2040 -> 0.03 | F27: =aurora_data!E2040 -> 0.02 | G27: =aurora_data!F2040 -> 0.03 | H27: =aurora_data!G2040 -> 0.03 | I27: =aurora_data!H2040 -> 0.03 | J27: =aurora_data!I2040 -> 0.06 | K27: =aurora_data!J2040 -> 0.04 | L27: =aurora_data!K2040 -> 0.08 | ... GV27: =aurora_data!GU2040 -> 0 | GX27: =aurora_data!GV2040 -> 100 | GY27: =GX27/$GX$27 -> 1
D28: Stratified Usable N | E28: =aurora_data!D2041 -> 0 | F28: =aurora_data!E2041 -> 0 | G28: =aurora_data!F2041 -> 0 | H28: =aurora_data!G2041 -> 0 | I28: =aurora_data!H2041 -> 0 | J28: =aurora_data!I2041 -> 1 | K28: =aurora_data!J2041 -> 0 | L28: =aurora_data!K2041 -> 0 | ... GV28: =aurora_data!GU2041 -> 0 | GX28: =aurora_data!GV2041 -> 100 | GY28: =GX28/$GX$27 -> 1
D29: Stratified Out Usable N | E29: =aurora_data!D2042 -> 0 | F29: =aurora_data!E2042 -> 0 | G29: =aurora_data!F2042 -> 0 | H29: =aurora_data!G2042 -> 0 | I29: =aurora_data!H2042 -> 0 | J29: =aurora_data!I2042 -> 0 | K29: =aurora_data!J2042 -> 0 | L29: =aurora_data!K2042 -> 0 | ... GV29: =aurora_data!GU2042 -> 0 | GX29: =aurora_data!GV2042 -> 15 | GY29: =GX29/$GX$27 -> 0.15
D30: In Process N | E30: =aurora_data!D2043 -> 0 | F30: =aurora_data!E2043 -> 0 | G30: =aurora_data!F2043 -> 0 | H30: =aurora_data!G2043 -> 0 | I30: =aurora_data!H2043 -> 0 | J30: =aurora_data!I2043 -> 0 | K30: =aurora_data!J2043 -> 0 | L30: =aurora_data!K2043 -> 0 | ... GV30: =aurora_data!GU2043 -> 0 | GX30: =aurora_data!GV2043 -> 0 | GY30: =GX30/$GX$27 -> 0
D31: Assigned Not Recd N | E31: =aurora_data!D2044 -> 0 | F31: =aurora_data!E2044 -> 0 | G31: =aurora_data!F2044 -> 0 | H31: =aurora_data!G2044 -> 0 | I31: =aurora_data!H2044 -> 0 | J31: =aurora_data!I2044 -> 0 | K31: =aurora_data!J2044 -> 0 | L31: =aurora_data!K2044 -> 0 | ... GV31: =aurora_data!GU2044 -> 0 | GX31: =aurora_data!GV2044 -> 0 | GY31: =GX31/$GX$27 -> 0
D32: Reserved Not Recd N | E32: =aurora_data!D2045 -> 0 | F32: =aurora_data!E2045 -> 0 | G32: =aurora_data!F2045 -> 0 | H32: =aurora_data!G2045 -> 0 | I32: =aurora_data!H2045 -> 0 | J32: =aurora_data!I2045 -> 0 | K32: =aurora_data!J2045 -> 0 | L32: =aurora_data!K2045 -> 0 | ... GV32: =aurora_data!GU2045 -> 0 | GX32: =aurora_data!GV2045 -> 0 | GY32: =GX32/$GX$27 -> 0
D33: Total Assignments | E33: =aurora_data!D2046 -> 0 | F33: =aurora_data!E2046 -> 0 | G33: =aurora_data!F2046 -> 0 | H33: =aurora_data!G2046 -> 0 | I33: =aurora_data!H2046 -> 0 | J33: =aurora_data!I2046 -> 1 | K33: =aurora_data!J2046 -> 0 | L33: =aurora_data!K2046 -> 0 | ... GV33: =aurora_data!GU2046 -> 0 | GX33: =aurora_data!GV2046 -> 115 | GY33: =GX33/$GX$27 -> 1.15
D34: Selected N | E34: =aurora_data!D2047 -> 0 | F34: =aurora_data!E2047 -> 0 | G34: =aurora_data!F2047 -> 0 | H34: =aurora_data!G2047 -> 0 | I34: =aurora_data!H2047 -> 0 | J34: =aurora_data!I2047 -> 0 | K34: =aurora_data!J2047 -> 0 | L34: =aurora_data!K2047 -> 0 | ... GV34: =aurora_data!GU2047 -> 0 | GX34: =aurora_data!GV2047 -> 0 | GY34: =GX34/$GX$27 -> 0
D35: Max N Variance | E35: =ROUNDDOWN((E37+$E$8)*($GX27),0) -> 5 | F35: =ROUNDDOWN((F37+$E$8)*($GX27),0) -> 5 | G35: =ROUNDDOWN((G37+$E$8)*($GX27),0) -> 5 | H35: =ROUNDDOWN((H37+$E$8)*($GX27),0) -> 5 | I35: =ROUNDDOWN((I37+$E$8)*($GX27),0) -> 5 | J35: =ROUNDDOWN((J37+$E$8)*($GX27),0) -> 5 | K35: =ROUNDDOWN((K37+$E$8)*($GX27),0) -> 5 | L35: =ROUNDDOWN((L37+$E$8)*($GX27),0) -> 5 | ... GV35: =ROUNDDOWN((GV37+$E$8)*($GX27),0) -> 5
D36: Min N Variance | E36: =IF(ROUND(((E37-$E$8)*($GX27))+0.25,0) <=0,1,((E37-$E$8)*($GX27))+0.25) -> 1 | F36: =IF(ROUND(((F37-$E$8)*($GX27))+0.25,0) <=0,1,((F37-$E$8)*($GX27))+0.25) -> 1 | G36: =IF(ROUND(((G37-$E$8)*($GX27))+0.25,0) <=0,1,((G37-$E$8)*($GX27))+0.25) -> 1 | H36: =IF(ROUND(((H37-$E$8)*($GX27))+0.25,0) <=0,1,((H37-$E$8)*($GX27))+0.25) -> 1 | I36: =IF(ROUND(((I37-$E$8)*($GX27))+0.25,0) <=0,1,((I37-$E$8)*($GX27))+0.25) -> 1 | J36: =IF(ROUND(((J37-$E$8)*($GX27))+0.25,0) <=0,1,((J37-$E$8)*($GX27))+0.25) -> 1 | K36: =IF(ROUND(((K37-$E$8)*($GX27))+0.25,0) <=0,1,((K37-$E$8)*($GX27))+0.25) -> 1 | L36: =IF(ROUND(((L37-$E$8)*($GX27))+0.25,0) <=0,1,((L37-$E$8)*($GX27))+0.25) -> 1 | ... GV36: =IF(ROUND(((GV37-$E$8)*($GX27))+0.25,0) <=0,1,((GV37-$E$8)*($GX27))+0.25) -> 1
D37: Census % | E37: =IFERROR(E27/$GX27,0) -> 0.0003 | F37: =IFERROR(F27/$GX27,0) -> 0.0002 | G37: =IFERROR(G27/$GX27,0) -> 0.0003 | H37: =IFERROR(H27/$GX27,0) -> 0.0003 | I37: =IFERROR(I27/$GX27,0) -> 0.0003 | J37: =IFERROR(J27/$GX27,0) -> 0.0006 | K37: =IFERROR(K27/$GX27,0) -> 0.0004 | L37: =IFERROR(L27/$GX27,0) -> 0.0008 | ... GV37: =IFERROR(GV27/$GX27,0) -> 0
D38: Usable % | E38: =IFERROR(E28/$GX27,0) -> 0 | F38: =IFERROR(F28/$GX27,0) -> 0 | G38: =IFERROR(G28/$GX27,0) -> 0 | H38: =IFERROR(H28/$GX27,0) -> 0 | I38: =IFERROR(I28/$GX27,0) -> 0 | J38: =IFERROR(J28/$GX27,0) -> 0.01 | K38: =IFERROR(K28/$GX27,0) -> 0 | L38: =IFERROR(L28/$GX27,0) -> 0 | ... GV38: =IFERROR(GV28/$GX27,0) -> 0
D39: Difference % | E39: =E38-E37 -> -0.0003 | F39: =F38-F37 -> -0.0002 | G39: =G38-G37 -> -0.0003 | H39: =H38-H37 -> -0.0003 | I39: =I38-I37 -> -0.0003 | J39: =J38-J37 -> 0.0094 | K39: =K38-K37 -> -0.0004 | L39: =L38-L37 -> -0.0008 | ... GV39: =GV38-GV37 -> 0
B40: Open | C40: =aurora_data!A2048 -> 06.00.00-06.05.30 | D40: Target N | E40: =aurora_data!D2048 -> 0.07 | F40: =aurora_data!E2048 -> 0.04 | G40: =aurora_data!F2048 -> 0.07 | H40: =aurora_data!G2048 -> 0.04 | I40: =aurora_data!H2048 -> 0.04 | J40: =aurora_data!I2048 -> 0.06 | K40: =aurora_data!J2048 -> 0.06 | L40: =aurora_data!K2048 -> 0.08 | ... GV40: =aurora_data!GU2048 -> 0 | GX40: =aurora_data!GV2048 -> 100 | GY40: =GX40/$GX$40 -> 1
D41: Stratified Usable N | E41: =aurora_data!D2049 -> 0 | F41: =aurora_data!E2049 -> 0 | G41: =aurora_data!F2049 -> 0 | H41: =aurora_data!G2049 -> 0 | I41: =aurora_data!H2049 -> 0 | J41: =aurora_data!I2049 -> 0 | K41: =aurora_data!J2049 -> 0 | L41: =aurora_data!K2049 -> 0 | ... GV41: =aurora_data!GU2049 -> 0 | GX41: =aurora_data!GV2049 -> 100 | GY41: =GX41/$GX$40 -> 1
D42: Stratified Out Usable N | E42: =aurora_data!D2050 -> 0 | F42: =aurora_data!E2050 -> 0 | G42: =aurora_data!F2050 -> 0 | H42: =aurora_data!G2050 -> 0 | I42: =aurora_data!H2050 -> 0 | J42: =aurora_data!I2050 -> 0 | K42: =aurora_data!J2050 -> 0 | L42: =aurora_data!K2050 -> 0 | ... GV42: =aurora_data!GU2050 -> 0 | GX42: =aurora_data!GV2050 -> 20 | GY42: =GX42/$GX$40 -> 0.2
D43: In Process N | E43: =aurora_data!D2051 -> 0 | F43: =aurora_data!E2051 -> 0 | G43: =aurora_data!F2051 -> 0 | H43: =aurora_data!G2051 -> 0 | I43: =aurora_data!H2051 -> 0 | J43: =aurora_data!I2051 -> 0 | K43: =aurora_data!J2051 -> 0 | L43: =aurora_data!K2051 -> 0 | ... GV43: =aurora_data!GU2051 -> 0 | GX43: =aurora_data!GV2051 -> 0 | GY43: =GX43/$GX$40 -> 0
D44: Assigned Not Recd N | E44: =aurora_data!D2052 -> 0 | F44: =aurora_data!E2052 -> 0 | G44: =aurora_data!F2052 -> 0 | H44: =aurora_data!G2052 -> 0 | I44: =aurora_data!H2052 -> 0 | J44: =aurora_data!I2052 -> 0 | K44: =aurora_data!J2052 -> 0 | L44: =aurora_data!K2052 -> 0 | ... GV44: =aurora_data!GU2052 -> 0 | GX44: =aurora_data!GV2052 -> 0 | GY44: =GX44/$GX$40 -> 0
D45: Reserved Not Recd N | E45: =aurora_data!D2053 -> 0 | F45: =aurora_data!E2053 -> 0 | G45: =aurora_data!F2053 -> 0 | H45: =aurora_data!G2053 -> 0 | I45: =aurora_data!H2053 -> 0 | J45: =aurora_data!I2053 -> 0 | K45: =aurora_data!J2053 -> 0 | L45: =aurora_data!K2053 -> 0 | ... GV45: =aurora_data!GU2053 -> 0 | GX45: =aurora_data!GV2053 -> 0 | GY45: =GX45/$GX$40 -> 0
D46: Total Assignments | E46: =aurora_data!D2054 -> 0 | F46: =aurora_data!E2054 -> 0 | G46: =aurora_data!F2054 -> 0 | H46: =aurora_data!G2054 -> 0 | I46: =aurora_data!H2054 -> 0 | J46: =aurora_data!I2054 -> 0 | K46: =aurora_data!J2054 -> 0 | L46: =aurora_data!K2054 -> 0 | ... GV46: =aurora_data!GU2054 -> 0 | GX46: =aurora_data!GV2054 -> 120 | GY46: =GX46/$GX$40 -> 1.2
D47: Selected N | E47: =aurora_data!D2055 -> 0 | F47: =aurora_data!E2055 -> 0 | G47: =aurora_data!F2055 -> 0 | H47: =aurora_data!G2055 -> 0 | I47: =aurora_data!H2055 -> 0 | J47: =aurora_data!I2055 -> 0 | K47: =aurora_data!J2055 -> 0 | L47: =aurora_data!K2055 -> 0 | ... GV47: =aurora_data!GU2055 -> 0 | GX47: =aurora_data!GV2055 -> 0 | GY47: =GX47/$GX$40 -> 0
D48: Max N Variance | E48: =ROUNDDOWN((E50+$E$8)*($GX40),0) -> 5 | F48: =ROUNDDOWN((F50+$E$8)*($GX40),0) -> 5 | G48: =ROUNDDOWN((G50+$E$8)*($GX40),0) -> 5 | H48: =ROUNDDOWN((H50+$E$8)*($GX40),0) -> 5 | I48: =ROUNDDOWN((I50+$E$8)*($GX40),0) -> 5 | J48: =ROUNDDOWN((J50+$E$8)*($GX40),0) -> 5 | K48: =ROUNDDOWN((K50+$E$8)*($GX40),0) -> 5 | L48: =ROUNDDOWN((L50+$E$8)*($GX40),0) -> 5 | ... GV48: =ROUNDDOWN((GV50+$E$8)*($GX40),0) -> 5
D49: Min N Variance | E49: =IF(ROUND(((E50-$E$8)*($GX40))+0.25,0) <=0,1,((E50-$E$8)*($GX40))+0.25) -> 1 | F49: =IF(ROUND(((F50-$E$8)*($GX40))+0.25,0) <=0,1,((F50-$E$8)*($GX40))+0.25) -> 1 | G49: =IF(ROUND(((G50-$E$8)*($GX40))+0.25,0) <=0,1,((G50-$E$8)*($GX40))+0.25) -> 1 | H49: =IF(ROUND(((H50-$E$8)*($GX40))+0.25,0) <=0,1,((H50-$E$8)*($GX40))+0.25) -> 1 | I49: =IF(ROUND(((I50-$E$8)*($GX40))+0.25,0) <=0,1,((I50-$E$8)*($GX40))+0.25) -> 1 | J49: =IF(ROUND(((J50-$E$8)*($GX40))+0.25,0) <=0,1,((J50-$E$8)*($GX40))+0.25) -> 1 | K49: =IF(ROUND(((K50-$E$8)*($GX40))+0.25,0) <=0,1,((K50-$E$8)*($GX40))+0.25) -> 1 | L49: =IF(ROUND(((L50-$E$8)*($GX40))+0.25,0) <=0,1,((L50-$E$8)*($GX40))+0.25) -> 1 | ... GV49: =IF(ROUND(((GV50-$E$8)*($GX40))+0.25,0) <=0,1,((GV50-$E$8)*($GX40))+0.25) -> 1
D50: Census % | E50: =IFERROR(E40/$GX40,0) -> 0.0007 | F50: =IFERROR(F40/$GX40,0) -> 0.0004 | G50: =IFERROR(G40/$GX40,0) -> 0.0007 | H50: =IFERROR(H40/$GX40,0) -> 0.0004 | I50: =IFERROR(I40/$GX40,0) -> 0.0004 | J50: =IFERROR(J40/$GX40,0) -> 0.0006 | K50: =IFERROR(K40/$GX40,0) -> 0.0006 | L50: =IFERROR(L40/$GX40,0) -> 0.0008 | ... GV50: =IFERROR(GV40/$GX40,0) -> 0
D51: Usable % | E51: =IFERROR(E41/$GX40,0) -> 0 | F51: =IFERROR(F41/$GX40,0) -> 0 | G51: =IFERROR(G41/$GX40,0) -> 0 | H51: =IFERROR(H41/$GX40,0) -> 0 | I51: =IFERROR(I41/$GX40,0) -> 0 | J51: =IFERROR(J41/$GX40,0) -> 0 | K51: =IFERROR(K41/$GX40,0) -> 0 | L51: =IFERROR(L41/$GX40,0) -> 0 | ... GV51: =IFERROR(GV41/$GX40,0) -> 0
D52: Difference % | E52: =E51-E50 -> -0.0007 | F52: =F51-F50 -> -0.0004 | G52: =G51-G50 -> -0.0007 | H52: =H51-H50 -> -0.0004 | I52: =I51-I50 -> -0.0004 | J52: =J51-J50 -> -0.0006 | K52: =K51-K50 -> -0.0006 | L52: =L51-L50 -> -0.0008 | ... GV52: =GV51-GV50 -> 0
B53: Open | C53: =aurora_data!A2056 -> 06.06.00-06.11.30 | D53: Target N | E53: =aurora_data!D2056 -> 0.07 | F53: =aurora_data!E2056 -> 0.04 | G53: =aurora_data!F2056 -> 0.07 | H53: =aurora_data!G2056 -> 0.04 | I53: =aurora_data!H2056 -> 0.04 | J53: =aurora_data!I2056 -> 0.06 | K53: =aurora_data!J2056 -> 0.06 | L53: =aurora_data!K2056 -> 0.08 | ... GV53: =aurora_data!GU2056 -> 0 | GX53: =aurora_data!GV2056 -> 100 | GY53: =GX53/$GX$53 -> 1
D54: Stratified Usable N | E54: =aurora_data!D2057 -> 0 | F54: =aurora_data!E2057 -> 0 | G54: =aurora_data!F2057 -> 0 | H54: =aurora_data!G2057 -> 0 | I54: =aurora_data!H2057 -> 0 | J54: =aurora_data!I2057 -> 0 | K54: =aurora_data!J2057 -> 0 | L54: =aurora_data!K2057 -> 0 | ... GV54: =aurora_data!GU2057 -> 0 | GX54: =aurora_data!GV2057 -> 100 | GY54: =GX54/$GX$53 -> 1
D55: Stratified Out Usable N | E55: =aurora_data!D2058 -> 0 | F55: =aurora_data!E2058 -> 0 | G55: =aurora_data!F2058 -> 0 | H55: =aurora_data!G2058 -> 0 | I55: =aurora_data!H2058 -> 0 | J55: =aurora_data!I2058 -> 0 | K55: =aurora_data!J2058 -> 0 | L55: =aurora_data!K2058 -> 0 | ... GV55: =aurora_data!GU2058 -> 0 | GX55: =aurora_data!GV2058 -> 19 | GY55: =GX55/$GX$53 -> 0.19
D56: In Process N | E56: =aurora_data!D2059 -> 0 | F56: =aurora_data!E2059 -> 0 | G56: =aurora_data!F2059 -> 0 | H56: =aurora_data!G2059 -> 0 | I56: =aurora_data!H2059 -> 0 | J56: =aurora_data!I2059 -> 0 | K56: =aurora_data!J2059 -> 0 | L56: =aurora_data!K2059 -> 0 | ... GV56: =aurora_data!GU2059 -> 0 | GX56: =aurora_data!GV2059 -> 0 | GY56: =GX56/$GX$53 -> 0
D57: Assigned Not Recd N | E57: =aurora_data!D2060 -> 0 | F57: =aurora_data!E2060 -> 0 | G57: =aurora_data!F2060 -> 0 | H57: =aurora_data!G2060 -> 0 | I57: =aurora_data!H2060 -> 0 | J57: =aurora_data!I2060 -> 0 | K57: =aurora_data!J2060 -> 0 | L57: =aurora_data!K2060 -> 0 | ... GV57: =aurora_data!GU2060 -> 0 | GX57: =aurora_data!GV2060 -> 0 | GY57: =GX57/$GX$53 -> 0
D58: Reserved Not Recd N | E58: =aurora_data!D2061 -> 0 | F58: =aurora_data!E2061 -> 0 | G58: =aurora_data!F2061 -> 0 | H58: =aurora_data!G2061 -> 0 | I58: =aurora_data!H2061 -> 0 | J58: =aurora_data!I2061 -> 0 | K58: =aurora_data!J2061 -> 0 | L58: =aurora_data!K2061 -> 0 | ... GV58: =aurora_data!GU2061 -> 0 | GX58: =aurora_data!GV2061 -> 0 | GY58: =GX58/$GX$53 -> 0
D59: Total Assignments | E59: =aurora_data!D2062 -> 0 | F59: =aurora_data!E2062 -> 0 | G59: =aurora_data!F2062 -> 0 | H59: =aurora_data!G2062 -> 0 | I59: =aurora_data!H2062 -> 0 | J59: =aurora_data!I2062 -> 0 | K59: =aurora_data!J2062 -> 0 | L59: =aurora_data!K2062 -> 0 | ... GV59: =aurora_data!GU2062 -> 0 | GX59: =aurora_data!GV2062 -> 119 | GY59: =GX59/$GX$53 -> 1.19
D60: Selected N | E60: =aurora_data!D2063 -> 0 | F60: =aurora_data!E2063 -> 0 | G60: =aurora_data!F2063 -> 0 | H60: =aurora_data!G2063 -> 0 | I60: =aurora_data!H2063 -> 0 | J60: =aurora_data!I2063 -> 0 | K60: =aurora_data!J2063 -> 0 | L60: =aurora_data!K2063 -> 0 | ... GV60: =aurora_data!GU2063 -> 0 | GX60: =aurora_data!GV2063 -> 0 | GY60: =GX60/$GX$53 -> 0
D61: Max N Variance | E61: =ROUNDDOWN((E63+$E$8)*($GX53),0) -> 5 | F61: =ROUNDDOWN((F63+$E$8)*($GX53),0) -> 5 | G61: =ROUNDDOWN((G63+$E$8)*($GX53),0) -> 5 | H61: =ROUNDDOWN((H63+$E$8)*($GX53),0) -> 5 | I61: =ROUNDDOWN((I63+$E$8)*($GX53),0) -> 5 | J61: =ROUNDDOWN((J63+$E$8)*($GX53),0) -> 5 | K61: =ROUNDDOWN((K63+$E$8)*($GX53),0) -> 5 | L61: =ROUNDDOWN((L63+$E$8)*($GX53),0) -> 5 | ... GV61: =ROUNDDOWN((GV63+$E$8)*($GX53),0) -> 5
D62: Min N Variance | E62: =IF(ROUND(((E63-$E$8)*($GX53))+0.25,0) <=0,1,((E63-$E$8)*($GX53))+0.25) -> 1 | F62: =IF(ROUND(((F63-$E$8)*($GX53))+0.25,0) <=0,1,((F63-$E$8)*($GX53))+0.25) -> 1 | G62: =IF(ROUND(((G63-$E$8)*($GX53))+0.25,0) <=0,1,((G63-$E$8)*($GX53))+0.25) -> 1 | H62: =IF(ROUND(((H63-$E$8)*($GX53))+0.25,0) <=0,1,((H63-$E$8)*($GX53))+0.25) -> 1 | I62: =IF(ROUND(((I63-$E$8)*($GX53))+0.25,0) <=0,1,((I63-$E$8)*($GX53))+0.25) -> 1 | J62: =IF(ROUND(((J63-$E$8)*($GX53))+0.25,0) <=0,1,((J63-$E$8)*($GX53))+0.25) -> 1 | K62: =IF(ROUND(((K63-$E$8)*($GX53))+0.25,0) <=0,1,((K63-$E$8)*($GX53))+0.25) -> 1 | L62: =IF(ROUND(((L63-$E$8)*($GX53))+0.25,0) <=0,1,((L63-$E$8)*($GX53))+0.25) -> 1 | ... GV62: =IF(ROUND(((GV63-$E$8)*($GX53))+0.25,0) <=0,1,((GV63-$E$8)*($GX53))+0.25) -> 1
D63: Census % | E63: =IFERROR(E53/$GX53,0) -> 0.0007 | F63: =IFERROR(F53/$GX53,0) -> 0.0004 | G63: =IFERROR(G53/$GX53,0) -> 0.0007 | H63: =IFERROR(H53/$GX53,0) -> 0.0004 | I63: =IFERROR(I53/$GX53,0) -> 0.0004 | J63: =IFERROR(J53/$GX53,0) -> 0.0006 | K63: =IFERROR(K53/$GX53,0) -> 0.0006 | L63: =IFERROR(L53/$GX53,0) -> 0.0008 | ... GV63: =IFERROR(GV53/$GX53,0) -> 0
D64: Usable % | E64: =IFERROR(E54/$GX53,0) -> 0 | F64: =IFERROR(F54/$GX53,0) -> 0 | G64: =IFERROR(G54/$GX53,0) -> 0 | H64: =IFERROR(H54/$GX53,0) -> 0 | I64: =IFERROR(I54/$GX53,0) -> 0 | J64: =IFERROR(J54/$GX53,0) -> 0 | K64: =IFERROR(K54/$GX53,0) -> 0 | L64: =IFERROR(L54/$GX53,0) -> 0 | ... GV64: =IFERROR(GV54/$GX53,0) -> 0
D65: Difference % | E65: =E64-E63 -> -0.0007 | F65: =F64-F63 -> -0.0004 | G65: =G64-G63 -> -0.0007 | H65: =H64-H63 -> -0.0004 | I65: =I64-I63 -> -0.0004 | J65: =J64-J63 -> -0.0006 | K65: =K64-K63 -> -0.0006 | L65: =L64-L63 -> -0.0008 | ... GV65: =GV64-GV63 -> 0
B66: Open | C66: =aurora_data!A2064 -> 07.00.00-07.11.30 | D66: Target N | E66: =aurora_data!D2064 -> 0.04 | F66: =aurora_data!E2064 -> 0.03 | G66: =aurora_data!F2064 -> 0.05 | H66: =aurora_data!G2064 -> 0.04 | I66: =aurora_data!H2064 -> 0.05 | J66: =aurora_data!I2064 -> 0.06 | K66: =aurora_data!J2064 -> 0.05 | L66: =aurora_data!K2064 -> 0.07 | ... GV66: =aurora_data!GU2064 -> 0 | GX66: =aurora_data!GV2064 -> 100 | GY66: =GX66/$GX$66 -> 1
D67: Stratified Usable N | E67: =aurora_data!D2065 -> 0 | F67: =aurora_data!E2065 -> 0 | G67: =aurora_data!F2065 -> 0 | H67: =aurora_data!G2065 -> 0 | I67: =aurora_data!H2065 -> 0 | J67: =aurora_data!I2065 -> 0 | K67: =aurora_data!J2065 -> 0 | L67: =aurora_data!K2065 -> 0 | ... GV67: =aurora_data!GU2065 -> 0 | GX67: =aurora_data!GV2065 -> 100 | GY67: =GX67/$GX$66 -> 1
D68: Stratified Out Usable N | E68: =aurora_data!D2066 -> 0 | F68: =aurora_data!E2066 -> 0 | G68: =aurora_data!F2066 -> 0 | H68: =aurora_data!G2066 -> 0 | I68: =aurora_data!H2066 -> 0 | J68: =aurora_data!I2066 -> 0 | K68: =aurora_data!J2066 -> 0 | L68: =aurora_data!K2066 -> 1 | ... GV68: =aurora_data!GU2066 -> 0 | GX68: =aurora_data!GV2066 -> 25 | GY68: =GX68/$GX$66 -> 0.25
D69: In Process N | E69: =aurora_data!D2067 -> 0 | F69: =aurora_data!E2067 -> 0 | G69: =aurora_data!F2067 -> 0 | H69: =aurora_data!G2067 -> 0 | I69: =aurora_data!H2067 -> 0 | J69: =aurora_data!I2067 -> 0 | K69: =aurora_data!J2067 -> 0 | L69: =aurora_data!K2067 -> 0 | ... GV69: =aurora_data!GU2067 -> 0 | GX69: =aurora_data!GV2067 -> 0 | GY69: =GX69/$GX$66 -> 0
D70: Assigned Not Recd N | E70: =aurora_data!D2068 -> 0 | F70: =aurora_data!E2068 -> 0 | G70: =aurora_data!F2068 -> 0 | H70: =aurora_data!G2068 -> 0 | I70: =aurora_data!H2068 -> 0 | J70: =aurora_data!I2068 -> 0 | K70: =aurora_data!J2068 -> 0 | L70: =aurora_data!K2068 -> 0 | ... GV70: =aurora_data!GU2068 -> 0 | GX70: =aurora_data!GV2068 -> 0 | GY70: =GX70/$GX$66 -> 0
D71: Reserved Not Recd N | E71: =aurora_data!D2069 -> 0 | F71: =aurora_data!E2069 -> 0 | G71: =aurora_data!F2069 -> 0 | H71: =aurora_data!G2069 -> 0 | I71: =aurora_data!H2069 -> 0 | J71: =aurora_data!I2069 -> 0 | K71: =aurora_data!J2069 -> 0 | L71: =aurora_data!K2069 -> 0 | ... GV71: =aurora_data!GU2069 -> 0 | GX71: =aurora_data!GV2069 -> 0 | GY71: =GX71/$GX$66 -> 0
D72: Total Assignments | E72: =aurora_data!D2070 -> 0 | F72: =aurora_data!E2070 -> 0 | G72: =aurora_data!F2070 -> 0 | H72: =aurora_data!G2070 -> 0 | I72: =aurora_data!H2070 -> 0 | J72: =aurora_data!I2070 -> 0 | K72: =aurora_data!J2070 -> 0 | L72: =aurora_data!K2070 -> 1 | ... GV72: =aurora_data!GU2070 -> 0 | GX72: =aurora_data!GV2070 -> 125 | GY72: =GX72/$GX$66 -> 1.25
D73: Selected N | E73: =aurora_data!D2071 -> 0 | F73: =aurora_data!E2071 -> 0 | G73: =aurora_data!F2071 -> 0 | H73: =aurora_data!G2071 -> 0 | I73: =aurora_data!H2071 -> 0 | J73: =aurora_data!I2071 -> 0 | K73: =aurora_data!J2071 -> 0 | L73: =aurora_data!K2071 -> 0 | ... GV73: =aurora_data!GU2071 -> 0 | GX73: =aurora_data!GV2071 -> 0 | GY73: =GX73/$GX$66 -> 0
D74: Max N Variance | E74: =ROUNDDOWN((E76+$E$8)*($GX66),0) -> 5 | F74: =ROUNDDOWN((F76+$E$8)*($GX66),0) -> 5 | G74: =ROUNDDOWN((G76+$E$8)*($GX66),0) -> 5 | H74: =ROUNDDOWN((H76+$E$8)*($GX66),0) -> 5 | I74: =ROUNDDOWN((I76+$E$8)*($GX66),0) -> 5 | J74: =ROUNDDOWN((J76+$E$8)*($GX66),0) -> 5 | K74: =ROUNDDOWN((K76+$E$8)*($GX66),0) -> 5 | L74: =ROUNDDOWN((L76+$E$8)*($GX66),0) -> 5 | ... GV74: =ROUNDDOWN((GV76+$E$8)*($GX66),0) -> 5
D75: Min N Variance | E75: =IF(ROUND(((E76-$E$8)*($GX66))+0.25,0) <=0,1,((E76-$E$8)*($GX66))+0.25) -> 1 | F75: =IF(ROUND(((F76-$E$8)*($GX66))+0.25,0) <=0,1,((F76-$E$8)*($GX66))+0.25) -> 1 | G75: =IF(ROUND(((G76-$E$8)*($GX66))+0.25,0) <=0,1,((G76-$E$8)*($GX66))+0.25) -> 1 | H75: =IF(ROUND(((H76-$E$8)*($GX66))+0.25,0) <=0,1,((H76-$E$8)*($GX66))+0.25) -> 1 | I75: =IF(ROUND(((I76-$E$8)*($GX66))+0.25,0) <=0,1,((I76-$E$8)*($GX66))+0.25) -> 1 | J75: =IF(ROUND(((J76-$E$8)*($GX66))+0.25,0) <=0,1,((J76-$E$8)*($GX66))+0.25) -> 1 | K75: =IF(ROUND(((K76-$E$8)*($GX66))+0.25,0) <=0,1,((K76-$E$8)*($GX66))+0.25) -> 1 | L75: =IF(ROUND(((L76-$E$8)*($GX66))+0.25,0) <=0,1,((L76-$E$8)*($GX66))+0.25) -> 1 | ... GV75: =IF(ROUND(((GV76-$E$8)*($GX66))+0.25,0) <=0,1,((GV76-$E$8)*($GX66))+0.25) -> 1
D76: Census % | E76: =IFERROR(E66/$GX66,0) -> 0.0004 | F76: =IFERROR(F66/$GX66,0) -> 0.0003 | G76: =IFERROR(G66/$GX66,0) -> 0.0005 | H76: =IFERROR(H66/$GX66,0) -> 0.0004 | I76: =IFERROR(I66/$GX66,0) -> 0.0005 | J76: =IFERROR(J66/$GX66,0) -> 0.0006 | K76: =IFERROR(K66/$GX66,0) -> 0.0005 | L76: =IFERROR(L66/$GX66,0) -> 0.0007 | ... GV76: =IFERROR(GV66/$GX66,0) -> 0
D77: Usable % | E77: =IFERROR(E67/$GX66,0) -> 0 | F77: =IFERROR(F67/$GX66,0) -> 0 | G77: =IFERROR(G67/$GX66,0) -> 0 | H77: =IFERROR(H67/$GX66,0) -> 0 | I77: =IFERROR(I67/$GX66,0) -> 0 | J77: =IFERROR(J67/$GX66,0) -> 0 | K77: =IFERROR(K67/$GX66,0) -> 0 | L77: =IFERROR(L67/$GX66,0) -> 0 | ... GV77: =IFERROR(GV67/$GX66,0) -> 0
D78: Difference % | E78: =E77-E76 -> -0.0004 | F78: =F77-F76 -> -0.0003 | G78: =G77-G76 -> -0.0005 | H78: =H77-H76 -> -0.0004 | I78: =I77-I76 -> -0.0005 | J78: =J77-J76 -> -0.0006 | K78: =K77-K76 -> -0.0005 | L78: =L77-L76 -> -0.0007 | ... GV78: =GV77-GV76 -> 0
B79: Open | C79: =aurora_data!A2072 -> 08.00.00-08.11.30 | D79: Target N | E79: =aurora_data!D2072 -> 0.03 | F79: =aurora_data!E2072 -> 0.03 | G79: =aurora_data!F2072 -> 0.05 | H79: =aurora_data!G2072 -> 0.04 | I79: =aurora_data!H2072 -> 0.04 | J79: =aurora_data!I2072 -> 0.08 | K79: =aurora_data!J2072 -> 0.06 | L79: =aurora_data!K2072 -> 0.11 | ... GV79: =aurora_data!GU2072 -> 0 | GX79: =aurora_data!GV2072 -> 100 | GY79: =GX79/$GX$79 -> 1
D80: Stratified Usable N | E80: =aurora_data!D2073 -> 0 | F80: =aurora_data!E2073 -> 0 | G80: =aurora_data!F2073 -> 0 | H80: =aurora_data!G2073 -> 0 | I80: =aurora_data!H2073 -> 0 | J80: =aurora_data!I2073 -> 0 | K80: =aurora_data!J2073 -> 0 | L80: =aurora_data!K2073 -> 1 | ... GV80: =aurora_data!GU2073 -> 0 | GX80: =aurora_data!GV2073 -> 100 | GY80: =GX80/$GX$79 -> 1
D81: Stratified Out Usable N | E81: =aurora_data!D2074 -> 0 | F81: =aurora_data!E2074 -> 0 | G81: =aurora_data!F2074 -> 0 | H81: =aurora_data!G2074 -> 0 | I81: =aurora_data!H2074 -> 0 | J81: =aurora_data!I2074 -> 0 | K81: =aurora_data!J2074 -> 0 | L81: =aurora_data!K2074 -> 0 | ... GV81: =aurora_data!GU2074 -> 0 | GX81: =aurora_data!GV2074 -> 36 | GY81: =GX81/$GX$79 -> 0.36
D82: In Process N | E82: =aurora_data!D2075 -> 0 | F82: =aurora_data!E2075 -> 0 | G82: =aurora_data!F2075 -> 0 | H82: =aurora_data!G2075 -> 0 | I82: =aurora_data!H2075 -> 0 | J82: =aurora_data!I2075 -> 0 | K82: =aurora_data!J2075 -> 0 | L82: =aurora_data!K2075 -> 0 | ... GV82: =aurora_data!GU2075 -> 0 | GX82: =aurora_data!GV2075 -> 0 | GY82: =GX82/$GX$79 -> 0
D83: Assigned Not Recd N | E83: =aurora_data!D2076 -> 0 | F83: =aurora_data!E2076 -> 0 | G83: =aurora_data!F2076 -> 0 | H83: =aurora_data!G2076 -> 0 | I83: =aurora_data!H2076 -> 0 | J83: =aurora_data!I2076 -> 0 | K83: =aurora_data!J2076 -> 0 | L83: =aurora_data!K2076 -> 0 | ... GV83: =aurora_data!GU2076 -> 0 | GX83: =aurora_data!GV2076 -> 0 | GY83: =GX83/$GX$79 -> 0
D84: Reserved Not Recd N | E84: =aurora_data!D2077 -> 0 | F84: =aurora_data!E2077 -> 0 | G84: =aurora_data!F2077 -> 0 | H84: =aurora_data!G2077 -> 0 | I84: =aurora_data!H2077 -> 0 | J84: =aurora_data!I2077 -> 0 | K84: =aurora_data!J2077 -> 0 | L84: =aurora_data!K2077 -> 0 | ... GV84: =aurora_data!GU2077 -> 0 | GX84: =aurora_data!GV2077 -> 0 | GY84: =GX84/$GX$79 -> 0
D85: Total Assignments | E85: =aurora_data!D2078 -> 0 | F85: =aurora_data!E2078 -> 0 | G85: =aurora_data!F2078 -> 0 | H85: =aurora_data!G2078 -> 0 | I85: =aurora_data!H2078 -> 0 | J85: =aurora_data!I2078 -> 0 | K85: =aurora_data!J2078 -> 0 | L85: =aurora_data!K2078 -> 1 | ... GV85: =aurora_data!GU2078 -> 0 | GX85: =aurora_data!GV2078 -> 136 | GY85: =GX85/$GX$79 -> 1.36
D86: Selected N | E86: =aurora_data!D2079 -> 0 | F86: =aurora_data!E2079 -> 0 | G86: =aurora_data!F2079 -> 0 | H86: =aurora_data!G2079 -> 0 | I86: =aurora_data!H2079 -> 0 | J86: =aurora_data!I2079 -> 0 | K86: =aurora_data!J2079 -> 0 | L86: =aurora_data!K2079 -> 0 | ... GV86: =aurora_data!GU2079 -> 0 | GX86: =aurora_data!GV2079 -> 0 | GY86: =GX86/$GX$79 -> 0
D87: Max N Variance | E87: =ROUNDDOWN((E89+$E$8)*($GX79),0) -> 5 | F87: =ROUNDDOWN((F89+$E$8)*($GX79),0) -> 5 | G87: =ROUNDDOWN((G89+$E$8)*($GX79),0) -> 5 | H87: =ROUNDDOWN((H89+$E$8)*($GX79),0) -> 5 | I87: =ROUNDDOWN((I89+$E$8)*($GX79),0) -> 5 | J87: =ROUNDDOWN((J89+$E$8)*($GX79),0) -> 5 | K87: =ROUNDDOWN((K89+$E$8)*($GX79),0) -> 5 | L87: =ROUNDDOWN((L89+$E$8)*($GX79),0) -> 5 | ... GV87: =ROUNDDOWN((GV89+$E$8)*($GX79),0) -> 5
D88: Min N Variance | E88: =IF(ROUND(((E89-$E$8)*($GX79))+0.25,0) <=0,1,((E89-$E$8)*($GX79))+0.25) -> 1 | F88: =IF(ROUND(((F89-$E$8)*($GX79))+0.25,0) <=0,1,((F89-$E$8)*($GX79))+0.25) -> 1 | G88: =IF(ROUND(((G89-$E$8)*($GX79))+0.25,0) <=0,1,((G89-$E$8)*($GX79))+0.25) -> 1 | H88: =IF(ROUND(((H89-$E$8)*($GX79))+0.25,0) <=0,1,((H89-$E$8)*($GX79))+0.25) -> 1 | I88: =IF(ROUND(((I89-$E$8)*($GX79))+0.25,0) <=0,1,((I89-$E$8)*($GX79))+0.25) -> 1 | J88: =IF(ROUND(((J89-$E$8)*($GX79))+0.25,0) <=0,1,((J89-$E$8)*($GX79))+0.25) -> 1 | K88: =IF(ROUND(((K89-$E$8)*($GX79))+0.25,0) <=0,1,((K89-$E$8)*($GX79))+0.25) -> 1 | L88: =IF(ROUND(((L89-$E$8)*($GX79))+0.25,0) <=0,1,((L89-$E$8)*($GX79))+0.25) -> 1 | ... GV88: =IF(ROUND(((GV89-$E$8)*($GX79))+0.25,0) <=0,1,((GV89-$E$8)*($GX79))+0.25) -> 1
D89: Census % | E89: =IFERROR(E79/$GX79,0) -> 0.0003 | F89: =IFERROR(F79/$GX79,0) -> 0.0003 | G89: =IFERROR(G79/$GX79,0) -> 0.0005 | H89: =IFERROR(H79/$GX79,0) -> 0.0004 | I89: =IFERROR(I79/$GX79,0) -> 0.0004 | J89: =IFERROR(J79/$GX79,0) -> 0.0008 | K89: =IFERROR(K79/$GX79,0) -> 0.0006 | L89: =IFERROR(L79/$GX79,0) -> 0.0011 | ... GV89: =IFERROR(GV79/$GX79,0) -> 0
D90: Usable % | E90: =IFERROR(E80/$GX79,0) -> 0 | F90: =IFERROR(F80/$GX79,0) -> 0 | G90: =IFERROR(G80/$GX79,0) -> 0 | H90: =IFERROR(H80/$GX79,0) -> 0 | I90: =IFERROR(I80/$GX79,0) -> 0 | J90: =IFERROR(J80/$GX79,0) -> 0 | K90: =IFERROR(K80/$GX79,0) -> 0 | L90: =IFERROR(L80/$GX79,0) -> 0.01 | ... GV90: =IFERROR(GV80/$GX79,0) -> 0
D91: Difference % | E91: =E90-E89 -> -0.0003 | F91: =F90-F89 -> -0.0003 | G91: =G90-G89 -> -0.0005 | H91: =H90-H89 -> -0.0004 | I91: =I90-I89 -> -0.0004 | J91: =J90-J89 -> -0.0008 | K91: =K90-K89 -> -0.0006 | L91: =L90-L89 -> 0.0089 | ... GV91: =GV90-GV89 -> 0
B92: Open | C92: =aurora_data!A2132 -> 09.00.00-09.11.30 | D92: Target N | E92: =aurora_data!D2132 -> 0.03 | F92: =aurora_data!E2132 -> 0.03 | G92: =aurora_data!F2132 -> 0.05 | H92: =aurora_data!G2132 -> 0.07 | I92: =aurora_data!H2132 -> 0.07 | J92: =aurora_data!I2132 -> 0.09 | K92: =aurora_data!J2132 -> 0.06 | L92: =aurora_data!K2132 -> 0.09 | ... AU92: =aurora_data!AT2132 -> 0.94 | AV92: =IF(aurora_data!AU2132-INT(aurora_data!AU2132)>=0.75, INT(aurora_data!AU2132)+1, INT(aurora_data!AU2132)) -> 1 | AW92: =aurora_data!AV2132 -> 0.42 | AX92: =aurora_data!AW2132 -> 0.44 | AY92: =aurora_data!AX2132 -> 1.26 | AZ92: =aurora_data!AY2132 -> 1.26 | BA92: =aurora_data!AZ2132 -> 0.46 | BB92: =aurora_data!BA2132 -> 0.51 | BC92: =aurora_data!BB2132 -> 1.3 | BD92: =aurora_data!BC2132 -> 1.4 | ... GV92: =aurora_data!GU2132 -> 0 | GX92: =aurora_data!GV2132 -> 100 | GY92: =GX92/$GX$92 -> 1
D93: Stratified Usable N | E93: =aurora_data!D2133 -> 0 | F93: =aurora_data!E2133 -> 0 | G93: =aurora_data!F2133 -> 0 | H93: =aurora_data!G2133 -> 0 | I93: =aurora_data!H2133 -> 0 | J93: =aurora_data!I2133 -> 0 | K93: =aurora_data!J2133 -> 0 | L93: =aurora_data!K2133 -> 1 | ... GV93: =aurora_data!GU2133 -> 0 | GX93: =aurora_data!GV2133 -> 100 | GY93: =GX93/$GX$92 -> 1
D94: Stratified Out Usable N | E94: =aurora_data!D2134 -> 0 | F94: =aurora_data!E2134 -> 0 | G94: =aurora_data!F2134 -> 0 | H94: =aurora_data!G2134 -> 0 | I94: =aurora_data!H2134 -> 0 | J94: =aurora_data!I2134 -> 0 | K94: =aurora_data!J2134 -> 0 | L94: =aurora_data!K2134 -> 0 | ... GV94: =aurora_data!GU2134 -> 0 | GX94: =aurora_data!GV2134 -> 30 | GY94: =GX94/$GX$92 -> 0.3
D95: In Process N | E95: =aurora_data!D2135 -> 0 | F95: =aurora_data!E2135 -> 0 | G95: =aurora_data!F2135 -> 0 | H95: =aurora_data!G2135 -> 0 | I95: =aurora_data!H2135 -> 0 | J95: =aurora_data!I2135 -> 0 | K95: =aurora_data!J2135 -> 0 | L95: =aurora_data!K2135 -> 0 | ... GV95: =aurora_data!GU2135 -> 0 | GX95: =aurora_data!GV2135 -> 0 | GY95: =GX95/$GX$92 -> 0
D96: Assigned Not Recd N | E96: =aurora_data!D2136 -> 0 | F96: =aurora_data!E2136 -> 0 | G96: =aurora_data!F2136 -> 0 | H96: =aurora_data!G2136 -> 0 | I96: =aurora_data!H2136 -> 0 | J96: =aurora_data!I2136 -> 0 | K96: =aurora_data!J2136 -> 0 | L96: =aurora_data!K2136 -> 0 | ... GV96: =aurora_data!GU2136 -> 0 | GX96: =aurora_data!GV2136 -> 0 | GY96: =GX96/$GX$92 -> 0
D97: Reserved Not Recd N | E97: =aurora_data!D2137 -> 0 | F97: =aurora_data!E2137 -> 0 | G97: =aurora_data!F2137 -> 0 | H97: =aurora_data!G2137 -> 0 | I97: =aurora_data!H2137 -> 0 | J97: =aurora_data!I2137 -> 0 | K97: =aurora_data!J2137 -> 0 | L97: =aurora_data!K2137 -> 0 | ... GV97: =aurora_data!GU2137 -> 0 | GX97: =aurora_data!GV2137 -> 0 | GY97: =GX97/$GX$92 -> 0
D98: Total Assignments | E98: =aurora_data!D2138 -> 0 | F98: =aurora_data!E2138 -> 0 | G98: =aurora_data!F2138 -> 0 | H98: =aurora_data!G2138 -> 0 | I98: =aurora_data!H2138 -> 0 | J98: =aurora_data!I2138 -> 0 | K98: =aurora_data!J2138 -> 0 | L98: =aurora_data!K2138 -> 1 | ... GV98: =aurora_data!GU2138 -> 0 | GX98: =aurora_data!GV2138 -> 130 | GY98: =GX98/$GX$92 -> 1.3
D99: Selected N | E99: =aurora_data!D2139 -> 0 | F99: =aurora_data!E2139 -> 0 | G99: =aurora_data!F2139 -> 0 | H99: =aurora_data!G2139 -> 0 | I99: =aurora_data!H2139 -> 0 | J99: =aurora_data!I2139 -> 0 | K99: =aurora_data!J2139 -> 0 | L99: =aurora_data!K2139 -> 0 | ... GV99: =aurora_data!GU2139 -> 0 | GX99: =aurora_data!GV2139 -> 0 | GY99: =GX99/$GX$92 -> 0
D100: Max N Variance | E100: =ROUNDDOWN((E102+$E$8)*($GX92),0) -> 5 | F100: =ROUNDDOWN((F102+$E$8)*($GX92),0) -> 5 | G100: =ROUNDDOWN((G102+$E$8)*($GX92),0) -> 5 | H100: =ROUNDDOWN((H102+$E$8)*($GX92),0) -> 5 | I100: =ROUNDDOWN((I102+$E$8)*($GX92),0) -> 5 | J100: =ROUNDDOWN((J102+$E$8)*($GX92),0) -> 5 | K100: =ROUNDDOWN((K102+$E$8)*($GX92),0) -> 5 | L100: =ROUNDDOWN((L102+$E$8)*($GX92),0) -> 5 | ... GV100: =ROUNDDOWN((GV102+$E$8)*($GX92),0) -> 5
D101: Min N Variance | E101: =IF(ROUND(((E102-$E$8)*($GX92))+0.25,0) <=0,1,((E102-$E$8)*($GX92))+0.25) -> 1 | F101: =IF(ROUND(((F102-$E$8)*($GX92))+0.25,0) <=0,1,((F102-$E$8)*($GX92))+0.25) -> 1 | G101: =IF(ROUND(((G102-$E$8)*($GX92))+0.25,0) <=0,1,((G102-$E$8)*($GX92))+0.25) -> 1 | H101: =IF(ROUND(((H102-$E$8)*($GX92))+0.25,0) <=0,1,((H102-$E$8)*($GX92))+0.25) -> 1 | I101: =IF(ROUND(((I102-$E$8)*($GX92))+0.25,0) <=0,1,((I102-$E$8)*($GX92))+0.25) -> 1 | J101: =IF(ROUND(((J102-$E$8)*($GX92))+0.25,0) <=0,1,((J102-$E$8)*($GX92))+0.25) -> 1 | K101: =IF(ROUND(((K102-$E$8)*($GX92))+0.25,0) <=0,1,((K102-$E$8)*($GX92))+0.25) -> 1 | L101: =IF(ROUND(((L102-$E$8)*($GX92))+0.25,0) <=0,1,((L102-$E$8)*($GX92))+0.25) -> 1 | ... GV101: =IF(ROUND(((GV102-$E$8)*($GX92))+0.25,0) <=0,1,((GV102-$E$8)*($GX92))+0.25) -> 1
D102: Census % | E102: =IFERROR(E92/$GX92,0) -> 0.0003 | F102: =IFERROR(F92/$GX92,0) -> 0.0003 | G102: =IFERROR(G92/$GX92,0) -> 0.0005 | H102: =IFERROR(H92/$GX92,0) -> 0.0007 | I102: =IFERROR(I92/$GX92,0) -> 0.0007 | J102: =IFERROR(J92/$GX92,0) -> 0.0009 | K102: =IFERROR(K92/$GX92,0) -> 0.0006 | L102: =IFERROR(L92/$GX92,0) -> 0.0009 | ... GV102: =IFERROR(GV92/$GX92,0) -> 0
D103: Usable % | E103: =IFERROR(E93/$GX92,0) -> 0 | F103: =IFERROR(F93/$GX92,0) -> 0 | G103: =IFERROR(G93/$GX92,0) -> 0 | H103: =IFERROR(H93/$GX92,0) -> 0 | I103: =IFERROR(I93/$GX92,0) -> 0 | J103: =IFERROR(J93/$GX92,0) -> 0 | K103: =IFERROR(K93/$GX92,0) -> 0 | L103: =IFERROR(L93/$GX92,0) -> 0.01 | ... GV103: =IFERROR(GV93/$GX92,0) -> 0
...

Sheet CELF6_STDZ_Eth X Ed X Reg
B1: Total Assigments below Target | E1: Additional Information | P1: Study Information
B2: Usable greater/equal to target | E2: Usable = case is available to Psychometrics for this study In Process = questionable, In Process Assigned Not Recd = Tests assigned to examiners,no tests received (required tests) Reserved not Received = Tests in reserved status, not received Total Assignments = sum of Usable, Received Non Final, Assigned Partial Received, Assigned Not Received Selected = default status for making an assignment | P2: Study ID: 3725 | S2: Study Name:CELF6_RF1_STDZ | AA2: Additional Information
B3: Selected is equal to Target | P3: Study ID: 3726 | S3: Study Name:CELF6_RF2_STDZ | AA3: Eth : For AS, at a minimum, must meet the US Census target; must have at least one case in each age band Sex: The percentages of male and female representation will be determined based upon individuals reporting “Another term.” That is, 100% minus the percentage of “Another term” divided by 2.
P5: Note - the cells are rounded up at 0.75
B7: =_xlfn.CONCAT("Last Refreshed at: ",aurora_data!GG4) -> Last Refreshed at: 08/05/2026 @ 7:33 AM
D8: Variance Tolerance: | E8: 0.05
B9: Status | C9: Age/Grade | E9: Education by Ethnicity by Region | DA9: Sex | DE9: Totals
E10: AS | Y10: BL | AS10: HI | BM10: OT | CG10: WH
E11: 1 | I11: 2 | M11: 3 | Q11: 4 | U11: 5 | Y11: 1 | AC11: 2 | AG11: 3 | AK11: 4 | AO11: 5 | AS11: 1 | AW11: 2 | BA11: 3 | BE11: 4 | BI11: 5 | BM11: 1 | BQ11: 2 | BU11: 3 | BY11: 4 | CC11: 5 | CG11: 1 | CK11: 2 | CO11: 3 | CS11: 4 | CW11: 5 | DA11: F | DB11: M | DC11: INT
E12: MW | F12: NE | G12: SO | H12: WE | I12: MW | J12: NE | K12: SO | L12: WE | M12: MW | N12: NE | O12: SO | P12: WE | Q12: MW | R12: NE | S12: SO | T12: WE | U12: MW | V12: NE | W12: SO | X12: WE | Y12: MW | Z12: NE | AA12: SO | AB12: WE | AC12: MW | AD12: NE | AE12: SO | AF12: WE | AG12: MW | AH12: NE | AI12: SO | AJ12: WE | AK12: MW | AL12: NE | AM12: SO | AN12: WE | AO12: MW | AP12: NE | AQ12: SO | AR12: WE | AS12: MW | AT12: NE | AU12: SO | AV12: WE | AW12: MW | AX12: NE | AY12: SO | AZ12: WE | BA12: MW | BB12: NE | BC12: SO | BD12: WE | BE12: MW | BF12: NE | BG12: SO | BH12: WE | BI12: MW | BJ12: NE | BK12: SO | BL12: WE | BM12: MW | BN12: NE | BO12: SO | BP12: WE | BQ12: MW | BR12: NE | BS12: SO | BT12: WE | BU12: MW | BV12: NE | BW12: SO | BX12: WE | BY12: MW | BZ12: NE | CA12: SO | CB12: WE | CC12: MW | CD12: NE | CE12: SO | CF12: WE | CG12: MW | CH12: NE | CI12: SO | CJ12: WE | CK12: MW | CL12: NE | CM12: SO | CN12: WE | CO12: MW | CP12: NE | CQ12: SO | CR12: WE | CS12: MW | CT12: NE | CU12: SO | CV12: WE | CW12: MW | CX12: NE | CY12: SO | CZ12: WE
B13: Open | C13: =aurora_data!A1832 -> 05.00.00-05.05.30 | D13: Target N | E13: =IF(aurora_data!D1832-INT(aurora_data!D1832)>=0.75, INT(aurora_data!D1832)+1, INT(aurora_data!D1832)) -> 0 | F13: =IF(aurora_data!E1832-INT(aurora_data!E1832)>=0.75, INT(aurora_data!E1832)+1, INT(aurora_data!E1832)) -> 0 | G13: =IF(aurora_data!F1832-INT(aurora_data!F1832)>=0.75, INT(aurora_data!F1832)+1, INT(aurora_data!F1832)) -> 0 | H13: =IF(aurora_data!G1832-INT(aurora_data!G1832)>=0.75, INT(aurora_data!G1832)+1, INT(aurora_data!G1832)) -> 0 | I13: =IF(aurora_data!H1832-INT(aurora_data!H1832)>=0.75, INT(aurora_data!H1832)+1, INT(aurora_data!H1832)) -> 0 | J13: =IF(aurora_data!I1832-INT(aurora_data!I1832)>=0.75, INT(aurora_data!I1832)+1, INT(aurora_data!I1832)) -> 0 | K13: =IF(aurora_data!J1832-INT(aurora_data!J1832)>=0.75, INT(aurora_data!J1832)+1, INT(aurora_data!J1832)) -> 0 | L13: =IF(aurora_data!K1832-INT(aurora_data!K1832)>=0.75, INT(aurora_data!K1832)+1, INT(aurora_data!K1832)) -> 0 | ... DC13: =IF(aurora_data!DB1832-INT(aurora_data!DB1832)>=0.75, INT(aurora_data!DB1832)+1, INT(aurora_data!DB1832)) -> 100 | DE13: =IF(aurora_data!DB1832-INT(aurora_data!DB1832)>=0.75, INT(aurora_data!DB1832)+1, INT(aurora_data!DB1832)) -> 100 | DF13: =DE13/$DE$13 -> 1
D14: Stratified Usable N | E14: =IF(aurora_data!D1833-INT(aurora_data!D1833)>=0.75, INT(aurora_data!D1833)+1, INT(aurora_data!D1833)) -> 0 | F14: =IF(aurora_data!E1833-INT(aurora_data!E1833)>=0.75, INT(aurora_data!E1833)+1, INT(aurora_data!E1833)) -> 0 | G14: =IF(aurora_data!F1833-INT(aurora_data!F1833)>=0.75, INT(aurora_data!F1833)+1, INT(aurora_data!F1833)) -> 1 | H14: =IF(aurora_data!G1833-INT(aurora_data!G1833)>=0.75, INT(aurora_data!G1833)+1, INT(aurora_data!G1833)) -> 0 | I14: =IF(aurora_data!H1833-INT(aurora_data!H1833)>=0.75, INT(aurora_data!H1833)+1, INT(aurora_data!H1833)) -> 0 | J14: =IF(aurora_data!I1833-INT(aurora_data!I1833)>=0.75, INT(aurora_data!I1833)+1, INT(aurora_data!I1833)) -> 0 | K14: =IF(aurora_data!J1833-INT(aurora_data!J1833)>=0.75, INT(aurora_data!J1833)+1, INT(aurora_data!J1833)) -> 0 | L14: =IF(aurora_data!K1833-INT(aurora_data!K1833)>=0.75, INT(aurora_data!K1833)+1, INT(aurora_data!K1833)) -> 0 | ... DC14: =IF(aurora_data!DB1833-INT(aurora_data!DB1833)>=0.75, INT(aurora_data!DB1833)+1, INT(aurora_data!DB1833)) -> 100 | DE14: =IF(aurora_data!DB1833-INT(aurora_data!DB1833)>=0.75, INT(aurora_data!DB1833)+1, INT(aurora_data!DB1833)) -> 100 | DF14: =DE14/$DE$13 -> 1
D15: Stratified Out Usable N | E15: =IF(aurora_data!D1834-INT(aurora_data!D1834)>=0.75, INT(aurora_data!D1834)+1, INT(aurora_data!D1834)) -> 0 | F15: =IF(aurora_data!E1834-INT(aurora_data!E1834)>=0.75, INT(aurora_data!E1834)+1, INT(aurora_data!E1834)) -> 0 | G15: =IF(aurora_data!F1834-INT(aurora_data!F1834)>=0.75, INT(aurora_data!F1834)+1, INT(aurora_data!F1834)) -> 0 | H15: =IF(aurora_data!G1834-INT(aurora_data!G1834)>=0.75, INT(aurora_data!G1834)+1, INT(aurora_data!G1834)) -> 0 | I15: =IF(aurora_data!H1834-INT(aurora_data!H1834)>=0.75, INT(aurora_data!H1834)+1, INT(aurora_data!H1834)) -> 0 | J15: =IF(aurora_data!I1834-INT(aurora_data!I1834)>=0.75, INT(aurora_data!I1834)+1, INT(aurora_data!I1834)) -> 0 | K15: =IF(aurora_data!J1834-INT(aurora_data!J1834)>=0.75, INT(aurora_data!J1834)+1, INT(aurora_data!J1834)) -> 0 | L15: =IF(aurora_data!K1834-INT(aurora_data!K1834)>=0.75, INT(aurora_data!K1834)+1, INT(aurora_data!K1834)) -> 0 | ... DC15: =IF(aurora_data!DB1834-INT(aurora_data!DB1834)>=0.75, INT(aurora_data!DB1834)+1, INT(aurora_data!DB1834)) -> 17 | DE15: =IF(aurora_data!DB1834-INT(aurora_data!DB1834)>=0.75, INT(aurora_data!DB1834)+1, INT(aurora_data!DB1834)) -> 17 | DF15: =DE15/$DE$13 -> 0.17
D16: In Process N | E16: =IF(aurora_data!D1835-INT(aurora_data!D1835)>=0.75, INT(aurora_data!D1835)+1, INT(aurora_data!D1835)) -> 0 | F16: =IF(aurora_data!E1835-INT(aurora_data!E1835)>=0.75, INT(aurora_data!E1835)+1, INT(aurora_data!E1835)) -> 0 | G16: =IF(aurora_data!F1835-INT(aurora_data!F1835)>=0.75, INT(aurora_data!F1835)+1, INT(aurora_data!F1835)) -> 0 | H16: =IF(aurora_data!G1835-INT(aurora_data!G1835)>=0.75, INT(aurora_data!G1835)+1, INT(aurora_data!G1835)) -> 0 | I16: =IF(aurora_data!H1835-INT(aurora_data!H1835)>=0.75, INT(aurora_data!H1835)+1, INT(aurora_data!H1835)) -> 0 | J16: =IF(aurora_data!I1835-INT(aurora_data!I1835)>=0.75, INT(aurora_data!I1835)+1, INT(aurora_data!I1835)) -> 0 | K16: =IF(aurora_data!J1835-INT(aurora_data!J1835)>=0.75, INT(aurora_data!J1835)+1, INT(aurora_data!J1835)) -> 0 | L16: =IF(aurora_data!K1835-INT(aurora_data!K1835)>=0.75, INT(aurora_data!K1835)+1, INT(aurora_data!K1835)) -> 0 | ... DC16: =IF(aurora_data!DB1835-INT(aurora_data!DB1835)>=0.75, INT(aurora_data!DB1835)+1, INT(aurora_data!DB1835)) -> 0 | DE16: =IF(aurora_data!DB1835-INT(aurora_data!DB1835)>=0.75, INT(aurora_data!DB1835)+1, INT(aurora_data!DB1835)) -> 0 | DF16: =DE16/$DE$13 -> 0
D17: Assigned Not Recd N | E17: =IF(aurora_data!D1836-INT(aurora_data!D1836)>=0.75, INT(aurora_data!D1836)+1, INT(aurora_data!D1836)) -> 0 | F17: =IF(aurora_data!E1836-INT(aurora_data!E1836)>=0.75, INT(aurora_data!E1836)+1, INT(aurora_data!E1836)) -> 0 | G17: =IF(aurora_data!F1836-INT(aurora_data!F1836)>=0.75, INT(aurora_data!F1836)+1, INT(aurora_data!F1836)) -> 0 | H17: =IF(aurora_data!G1836-INT(aurora_data!G1836)>=0.75, INT(aurora_data!G1836)+1, INT(aurora_data!G1836)) -> 0 | I17: =IF(aurora_data!H1836-INT(aurora_data!H1836)>=0.75, INT(aurora_data!H1836)+1, INT(aurora_data!H1836)) -> 0 | J17: =IF(aurora_data!I1836-INT(aurora_data!I1836)>=0.75, INT(aurora_data!I1836)+1, INT(aurora_data!I1836)) -> 0 | K17: =IF(aurora_data!J1836-INT(aurora_data!J1836)>=0.75, INT(aurora_data!J1836)+1, INT(aurora_data!J1836)) -> 0 | L17: =IF(aurora_data!K1836-INT(aurora_data!K1836)>=0.75, INT(aurora_data!K1836)+1, INT(aurora_data!K1836)) -> 0 | ... DC17: =IF(aurora_data!DB1836-INT(aurora_data!DB1836)>=0.75, INT(aurora_data!DB1836)+1, INT(aurora_data!DB1836)) -> 0 | DE17: =IF(aurora_data!DB1836-INT(aurora_data!DB1836)>=0.75, INT(aurora_data!DB1836)+1, INT(aurora_data!DB1836)) -> 0 | DF17: =DE17/$DE$13 -> 0
D18: Reserved Not Recd N | E18: =IF(aurora_data!D1837-INT(aurora_data!D1837)>=0.75, INT(aurora_data!D1837)+1, INT(aurora_data!D1837)) -> 0 | F18: =IF(aurora_data!E1837-INT(aurora_data!E1837)>=0.75, INT(aurora_data!E1837)+1, INT(aurora_data!E1837)) -> 0 | G18: =IF(aurora_data!F1837-INT(aurora_data!F1837)>=0.75, INT(aurora_data!F1837)+1, INT(aurora_data!F1837)) -> 0 | H18: =IF(aurora_data!G1837-INT(aurora_data!G1837)>=0.75, INT(aurora_data!G1837)+1, INT(aurora_data!G1837)) -> 0 | I18: =IF(aurora_data!H1837-INT(aurora_data!H1837)>=0.75, INT(aurora_data!H1837)+1, INT(aurora_data!H1837)) -> 0 | J18: =IF(aurora_data!I1837-INT(aurora_data!I1837)>=0.75, INT(aurora_data!I1837)+1, INT(aurora_data!I1837)) -> 0 | K18: =IF(aurora_data!J1837-INT(aurora_data!J1837)>=0.75, INT(aurora_data!J1837)+1, INT(aurora_data!J1837)) -> 0 | L18: =IF(aurora_data!K1837-INT(aurora_data!K1837)>=0.75, INT(aurora_data!K1837)+1, INT(aurora_data!K1837)) -> 0 | ... DC18: =IF(aurora_data!DB1837-INT(aurora_data!DB1837)>=0.75, INT(aurora_data!DB1837)+1, INT(aurora_data!DB1837)) -> 0 | DE18: =IF(aurora_data!DB1837-INT(aurora_data!DB1837)>=0.75, INT(aurora_data!DB1837)+1, INT(aurora_data!DB1837)) -> 0 | DF18: =DE18/$DE$13 -> 0
D19: Total Assignments | E19: =IF(aurora_data!D1838-INT(aurora_data!D1838)>=0.75, INT(aurora_data!D1838)+1, INT(aurora_data!D1838)) -> 0 | F19: =IF(aurora_data!E1838-INT(aurora_data!E1838)>=0.75, INT(aurora_data!E1838)+1, INT(aurora_data!E1838)) -> 0 | G19: =IF(aurora_data!F1838-INT(aurora_data!F1838)>=0.75, INT(aurora_data!F1838)+1, INT(aurora_data!F1838)) -> 1 | H19: =IF(aurora_data!G1838-INT(aurora_data!G1838)>=0.75, INT(aurora_data!G1838)+1, INT(aurora_data!G1838)) -> 0 | I19: =IF(aurora_data!H1838-INT(aurora_data!H1838)>=0.75, INT(aurora_data!H1838)+1, INT(aurora_data!H1838)) -> 0 | J19: =IF(aurora_data!I1838-INT(aurora_data!I1838)>=0.75, INT(aurora_data!I1838)+1, INT(aurora_data!I1838)) -> 0 | K19: =IF(aurora_data!J1838-INT(aurora_data!J1838)>=0.75, INT(aurora_data!J1838)+1, INT(aurora_data!J1838)) -> 0 | L19: =IF(aurora_data!K1838-INT(aurora_data!K1838)>=0.75, INT(aurora_data!K1838)+1, INT(aurora_data!K1838)) -> 0 | ... DC19: =IF(aurora_data!DB1838-INT(aurora_data!DB1838)>=0.75, INT(aurora_data!DB1838)+1, INT(aurora_data!DB1838)) -> 117 | DE19: =IF(aurora_data!DB1838-INT(aurora_data!DB1838)>=0.75, INT(aurora_data!DB1838)+1, INT(aurora_data!DB1838)) -> 117 | DF19: =DE19/$DE$13 -> 1.17
D20: Selected N | E20: =IF(aurora_data!D1839-INT(aurora_data!D1839)>=0.75, INT(aurora_data!D1839)+1, INT(aurora_data!D1839)) -> 0 | F20: =IF(aurora_data!E1839-INT(aurora_data!E1839)>=0.75, INT(aurora_data!E1839)+1, INT(aurora_data!E1839)) -> 0 | G20: =IF(aurora_data!F1839-INT(aurora_data!F1839)>=0.75, INT(aurora_data!F1839)+1, INT(aurora_data!F1839)) -> 0 | H20: =IF(aurora_data!G1839-INT(aurora_data!G1839)>=0.75, INT(aurora_data!G1839)+1, INT(aurora_data!G1839)) -> 0 | I20: =IF(aurora_data!H1839-INT(aurora_data!H1839)>=0.75, INT(aurora_data!H1839)+1, INT(aurora_data!H1839)) -> 0 | J20: =IF(aurora_data!I1839-INT(aurora_data!I1839)>=0.75, INT(aurora_data!I1839)+1, INT(aurora_data!I1839)) -> 0 | K20: =IF(aurora_data!J1839-INT(aurora_data!J1839)>=0.75, INT(aurora_data!J1839)+1, INT(aurora_data!J1839)) -> 0 | L20: =IF(aurora_data!K1839-INT(aurora_data!K1839)>=0.75, INT(aurora_data!K1839)+1, INT(aurora_data!K1839)) -> 0 | ... DC20: =IF(aurora_data!DB1839-INT(aurora_data!DB1839)>=0.75, INT(aurora_data!DB1839)+1, INT(aurora_data!DB1839)) -> 0 | DE20: =IF(aurora_data!DB1839-INT(aurora_data!DB1839)>=0.75, INT(aurora_data!DB1839)+1, INT(aurora_data!DB1839)) -> 0 | DF20: =DE20/$DE$13 -> 0
D21: Max N Variance | E21: =ROUNDDOWN((E23+$E$8)*($DE13),0) -> 5 | F21: =ROUNDDOWN((F23+$E$8)*($DE13),0) -> 5 | G21: =ROUNDDOWN((G23+$E$8)*($DE13),0) -> 5 | H21: =ROUNDDOWN((H23+$E$8)*($DE13),0) -> 5 | I21: =ROUNDDOWN((I23+$E$8)*($DE13),0) -> 5 | J21: =ROUNDDOWN((J23+$E$8)*($DE13),0) -> 5 | K21: =ROUNDDOWN((K23+$E$8)*($DE13),0) -> 5 | L21: =ROUNDDOWN((L23+$E$8)*($DE13),0) -> 5 | ... CZ21: =ROUNDDOWN((CZ23+$E$8)*($DE13),0) -> 5 | DA21: =ROUNDDOWN((DA23+$DA$8)*($DE13),0) -> 50 | DB21: =ROUNDDOWN((DB23+$DA$8)*($DE13),0) -> 50 | DC21: =ROUNDDOWN((DC23+$AD$8)*($DE13),0) -> 0
D22: Min N Variance | E22: =IF(ROUND(((E23-$E$8)*($DE13))+0.25,0) <=0,1,((E23-$E$8)*($DE13))+0.25) -> 1 | F22: =IF(ROUND(((F23-$E$8)*($DE13))+0.25,0) <=0,1,((F23-$E$8)*($DE13))+0.25) -> 1 | G22: =IF(ROUND(((G23-$E$8)*($DE13))+0.25,0) <=0,1,((G23-$E$8)*($DE13))+0.25) -> 1 | H22: =IF(ROUND(((H23-$E$8)*($DE13))+0.25,0) <=0,1,((H23-$E$8)*($DE13))+0.25) -> 1 | I22: =IF(ROUND(((I23-$E$8)*($DE13))+0.25,0) <=0,1,((I23-$E$8)*($DE13))+0.25) -> 1 | J22: =IF(ROUND(((J23-$E$8)*($DE13))+0.25,0) <=0,1,((J23-$E$8)*($DE13))+0.25) -> 1 | K22: =IF(ROUND(((K23-$E$8)*($DE13))+0.25,0) <=0,1,((K23-$E$8)*($DE13))+0.25) -> 1 | L22: =IF(ROUND(((L23-$E$8)*($DE13))+0.25,0) <=0,1,((L23-$E$8)*($DE13))+0.25) -> 1 | ... CZ22: =IF(ROUND(((CZ23-$E$8)*($DE13))+0.25,0) <=0,1,((CZ23-$E$8)*($DE13))+0.25) -> 1 | DA22: =IF(ROUND(((DA23-$DA$8)*($DE13))+0.25,0) <=0,1,((DA23-$DA$8)*($DE13))+0.25) -> 50.25 | DB22: =IF(ROUND(((DB23-$DA$8)*($DE13))+0.25,0) <=0,1,((DB23-$DA$8)*($DE13))+0.25) -> 50.25 | DC22: =IF(ROUND(((DC23-$AD$8)*($DE13))+0.25,0) <=0,1,((DC23-$AD$8)*($DE13))+0.25) -> 1
D23: Census % | E23: =IFERROR(E13/$DE13,0) -> 0 | F23: =IFERROR(F13/$DE13,0) -> 0 | G23: =IFERROR(G13/$DE13,0) -> 0 | H23: =IFERROR(H13/$DE13,0) -> 0 | I23: =IFERROR(I13/$DE13,0) -> 0 | J23: =IFERROR(J13/$DE13,0) -> 0 | K23: =IFERROR(K13/$DE13,0) -> 0 | L23: =IFERROR(L13/$DE13,0) -> 0 | ... DB23: =IFERROR(DB13/$DE13,0) -> 0.5 | DC23: =IFERROR(DC13/#REF!,0) -> 0
D24: Usable % | E24: =IFERROR(E14/$DE13,0) -> 0 | F24: =IFERROR(F14/$DE13,0) -> 0 | G24: =IFERROR(G14/$DE13,0) -> 0.01 | H24: =IFERROR(H14/$DE13,0) -> 0 | I24: =IFERROR(I14/$DE13,0) -> 0 | J24: =IFERROR(J14/$DE13,0) -> 0 | K24: =IFERROR(K14/$DE13,0) -> 0 | L24: =IFERROR(L14/$DE13,0) -> 0 | ... DB24: =IFERROR(DB14/$DE13,0) -> 0.5 | DC24: =IFERROR(DC14/#REF!,0) -> 0
D25: Difference % | E25: =E24-E23 -> 0 | F25: =F24-F23 -> 0 | G25: =G24-G23 -> 0.01 | H25: =H24-H23 -> 0 | I25: =I24-I23 -> 0 | J25: =J24-J23 -> 0 | K25: =K24-K23 -> 0 | L25: =L24-L23 -> 0 | ... DC25: =DC24-DC23 -> 0
B26: Open | C26: =aurora_data!A1840 -> 05.06.00-05.11.30 | D26: Target N | E26: =IF(aurora_data!D1840-INT(aurora_data!D1840)>=0.75, INT(aurora_data!D1840)+1, INT(aurora_data!D1840)) -> 0 | F26: =IF(aurora_data!E1840-INT(aurora_data!E1840)>=0.75, INT(aurora_data!E1840)+1, INT(aurora_data!E1840)) -> 0 | G26: =IF(aurora_data!F1840-INT(aurora_data!F1840)>=0.75, INT(aurora_data!F1840)+1, INT(aurora_data!F1840)) -> 0 | H26: =IF(aurora_data!G1840-INT(aurora_data!G1840)>=0.75, INT(aurora_data!G1840)+1, INT(aurora_data!G1840)) -> 0 | I26: =IF(aurora_data!H1840-INT(aurora_data!H1840)>=0.75, INT(aurora_data!H1840)+1, INT(aurora_data!H1840)) -> 0 | J26: =IF(aurora_data!I1840-INT(aurora_data!I1840)>=0.75, INT(aurora_data!I1840)+1, INT(aurora_data!I1840)) -> 0 | K26: =IF(aurora_data!J1840-INT(aurora_data!J1840)>=0.75, INT(aurora_data!J1840)+1, INT(aurora_data!J1840)) -> 0 | L26: =IF(aurora_data!K1840-INT(aurora_data!K1840)>=0.75, INT(aurora_data!K1840)+1, INT(aurora_data!K1840)) -> 0 | ... DC26: =IF(aurora_data!DB1840-INT(aurora_data!DB1840)>=0.75, INT(aurora_data!DB1840)+1, INT(aurora_data!DB1840)) -> 100 | DE26: =IF(aurora_data!DB1840-INT(aurora_data!DB1840)>=0.75, INT(aurora_data!DB1840)+1, INT(aurora_data!DB1840)) -> 100 | DF26: =DE26/$DE$26 -> 1
D27: Stratified Usable N | E27: =IF(aurora_data!D1841-INT(aurora_data!D1841)>=0.75, INT(aurora_data!D1841)+1, INT(aurora_data!D1841)) -> 0 | F27: =IF(aurora_data!E1841-INT(aurora_data!E1841)>=0.75, INT(aurora_data!E1841)+1, INT(aurora_data!E1841)) -> 0 | G27: =IF(aurora_data!F1841-INT(aurora_data!F1841)>=0.75, INT(aurora_data!F1841)+1, INT(aurora_data!F1841)) -> 0 | H27: =IF(aurora_data!G1841-INT(aurora_data!G1841)>=0.75, INT(aurora_data!G1841)+1, INT(aurora_data!G1841)) -> 0 | I27: =IF(aurora_data!H1841-INT(aurora_data!H1841)>=0.75, INT(aurora_data!H1841)+1, INT(aurora_data!H1841)) -> 0 | J27: =IF(aurora_data!I1841-INT(aurora_data!I1841)>=0.75, INT(aurora_data!I1841)+1, INT(aurora_data!I1841)) -> 1 | K27: =IF(aurora_data!J1841-INT(aurora_data!J1841)>=0.75, INT(aurora_data!J1841)+1, INT(aurora_data!J1841)) -> 0 | L27: =IF(aurora_data!K1841-INT(aurora_data!K1841)>=0.75, INT(aurora_data!K1841)+1, INT(aurora_data!K1841)) -> 0 | ... DC27: =IF(aurora_data!DB1841-INT(aurora_data!DB1841)>=0.75, INT(aurora_data!DB1841)+1, INT(aurora_data!DB1841)) -> 100 | DE27: =IF(aurora_data!DB1841-INT(aurora_data!DB1841)>=0.75, INT(aurora_data!DB1841)+1, INT(aurora_data!DB1841)) -> 100 | DF27: =DE27/$DE$26 -> 1
D28: Stratified Out Usable N | E28: =IF(aurora_data!D1842-INT(aurora_data!D1842)>=0.75, INT(aurora_data!D1842)+1, INT(aurora_data!D1842)) -> 0 | F28: =IF(aurora_data!E1842-INT(aurora_data!E1842)>=0.75, INT(aurora_data!E1842)+1, INT(aurora_data!E1842)) -> 0 | G28: =IF(aurora_data!F1842-INT(aurora_data!F1842)>=0.75, INT(aurora_data!F1842)+1, INT(aurora_data!F1842)) -> 0 | H28: =IF(aurora_data!G1842-INT(aurora_data!G1842)>=0.75, INT(aurora_data!G1842)+1, INT(aurora_data!G1842)) -> 0 | I28: =IF(aurora_data!H1842-INT(aurora_data!H1842)>=0.75, INT(aurora_data!H1842)+1, INT(aurora_data!H1842)) -> 0 | J28: =IF(aurora_data!I1842-INT(aurora_data!I1842)>=0.75, INT(aurora_data!I1842)+1, INT(aurora_data!I1842)) -> 0 | K28: =IF(aurora_data!J1842-INT(aurora_data!J1842)>=0.75, INT(aurora_data!J1842)+1, INT(aurora_data!J1842)) -> 0 | L28: =IF(aurora_data!K1842-INT(aurora_data!K1842)>=0.75, INT(aurora_data!K1842)+1, INT(aurora_data!K1842)) -> 0 | ... DC28: =IF(aurora_data!DB1842-INT(aurora_data!DB1842)>=0.75, INT(aurora_data!DB1842)+1, INT(aurora_data!DB1842)) -> 15 | DE28: =IF(aurora_data!DB1842-INT(aurora_data!DB1842)>=0.75, INT(aurora_data!DB1842)+1, INT(aurora_data!DB1842)) -> 15 | DF28: =DE28/$DE$26 -> 0.15
D29: In Process N | E29: =IF(aurora_data!D1843-INT(aurora_data!D1843)>=0.75, INT(aurora_data!D1843)+1, INT(aurora_data!D1843)) -> 0 | F29: =IF(aurora_data!E1843-INT(aurora_data!E1843)>=0.75, INT(aurora_data!E1843)+1, INT(aurora_data!E1843)) -> 0 | G29: =IF(aurora_data!F1843-INT(aurora_data!F1843)>=0.75, INT(aurora_data!F1843)+1, INT(aurora_data!F1843)) -> 0 | H29: =IF(aurora_data!G1843-INT(aurora_data!G1843)>=0.75, INT(aurora_data!G1843)+1, INT(aurora_data!G1843)) -> 0 | I29: =IF(aurora_data!H1843-INT(aurora_data!H1843)>=0.75, INT(aurora_data!H1843)+1, INT(aurora_data!H1843)) -> 0 | J29: =IF(aurora_data!I1843-INT(aurora_data!I1843)>=0.75, INT(aurora_data!I1843)+1, INT(aurora_data!I1843)) -> 0 | K29: =IF(aurora_data!J1843-INT(aurora_data!J1843)>=0.75, INT(aurora_data!J1843)+1, INT(aurora_data!J1843)) -> 0 | L29: =IF(aurora_data!K1843-INT(aurora_data!K1843)>=0.75, INT(aurora_data!K1843)+1, INT(aurora_data!K1843)) -> 0 | ... DC29: =IF(aurora_data!DB1843-INT(aurora_data!DB1843)>=0.75, INT(aurora_data!DB1843)+1, INT(aurora_data!DB1843)) -> 0 | DE29: =IF(aurora_data!DB1843-INT(aurora_data!DB1843)>=0.75, INT(aurora_data!DB1843)+1, INT(aurora_data!DB1843)) -> 0 | DF29: =DE29/$DE$26 -> 0
D30: Assigned Not Recd N | E30: =IF(aurora_data!D1844-INT(aurora_data!D1844)>=0.75, INT(aurora_data!D1844)+1, INT(aurora_data!D1844)) -> 0 | F30: =IF(aurora_data!E1844-INT(aurora_data!E1844)>=0.75, INT(aurora_data!E1844)+1, INT(aurora_data!E1844)) -> 0 | G30: =IF(aurora_data!F1844-INT(aurora_data!F1844)>=0.75, INT(aurora_data!F1844)+1, INT(aurora_data!F1844)) -> 0 | H30: =IF(aurora_data!G1844-INT(aurora_data!G1844)>=0.75, INT(aurora_data!G1844)+1, INT(aurora_data!G1844)) -> 0 | I30: =IF(aurora_data!H1844-INT(aurora_data!H1844)>=0.75, INT(aurora_data!H1844)+1, INT(aurora_data!H1844)) -> 0 | J30: =IF(aurora_data!I1844-INT(aurora_data!I1844)>=0.75, INT(aurora_data!I1844)+1, INT(aurora_data!I1844)) -> 0 | K30: =IF(aurora_data!J1844-INT(aurora_data!J1844)>=0.75, INT(aurora_data!J1844)+1, INT(aurora_data!J1844)) -> 0 | L30: =IF(aurora_data!K1844-INT(aurora_data!K1844)>=0.75, INT(aurora_data!K1844)+1, INT(aurora_data!K1844)) -> 0 | ... DC30: =IF(aurora_data!DB1844-INT(aurora_data!DB1844)>=0.75, INT(aurora_data!DB1844)+1, INT(aurora_data!DB1844)) -> 0 | DE30: =IF(aurora_data!DB1844-INT(aurora_data!DB1844)>=0.75, INT(aurora_data!DB1844)+1, INT(aurora_data!DB1844)) -> 0 | DF30: =DE30/$DE$26 -> 0
D31: Reserved Not Recd N | E31: =IF(aurora_data!D1845-INT(aurora_data!D1845)>=0.75, INT(aurora_data!D1845)+1, INT(aurora_data!D1845)) -> 0 | F31: =IF(aurora_data!E1845-INT(aurora_data!E1845)>=0.75, INT(aurora_data!E1845)+1, INT(aurora_data!E1845)) -> 0 | G31: =IF(aurora_data!F1845-INT(aurora_data!F1845)>=0.75, INT(aurora_data!F1845)+1, INT(aurora_data!F1845)) -> 0 | H31: =IF(aurora_data!G1845-INT(aurora_data!G1845)>=0.75, INT(aurora_data!G1845)+1, INT(aurora_data!G1845)) -> 0 | I31: =IF(aurora_data!H1845-INT(aurora_data!H1845)>=0.75, INT(aurora_data!H1845)+1, INT(aurora_data!H1845)) -> 0 | J31: =IF(aurora_data!I1845-INT(aurora_data!I1845)>=0.75, INT(aurora_data!I1845)+1, INT(aurora_data!I1845)) -> 0 | K31: =IF(aurora_data!J1845-INT(aurora_data!J1845)>=0.75, INT(aurora_data!J1845)+1, INT(aurora_data!J1845)) -> 0 | L31: =IF(aurora_data!K1845-INT(aurora_data!K1845)>=0.75, INT(aurora_data!K1845)+1, INT(aurora_data!K1845)) -> 0 | ... DC31: =IF(aurora_data!DB1845-INT(aurora_data!DB1845)>=0.75, INT(aurora_data!DB1845)+1, INT(aurora_data!DB1845)) -> 0 | DE31: =IF(aurora_data!DB1845-INT(aurora_data!DB1845)>=0.75, INT(aurora_data!DB1845)+1, INT(aurora_data!DB1845)) -> 0 | DF31: =DE31/$DE$26 -> 0
D32: Total Assignments | E32: =IF(aurora_data!D1846-INT(aurora_data!D1846)>=0.75, INT(aurora_data!D1846)+1, INT(aurora_data!D1846)) -> 0 | F32: =IF(aurora_data!E1846-INT(aurora_data!E1846)>=0.75, INT(aurora_data!E1846)+1, INT(aurora_data!E1846)) -> 0 | G32: =IF(aurora_data!F1846-INT(aurora_data!F1846)>=0.75, INT(aurora_data!F1846)+1, INT(aurora_data!F1846)) -> 0 | H32: =IF(aurora_data!G1846-INT(aurora_data!G1846)>=0.75, INT(aurora_data!G1846)+1, INT(aurora_data!G1846)) -> 0 | I32: =IF(aurora_data!H1846-INT(aurora_data!H1846)>=0.75, INT(aurora_data!H1846)+1, INT(aurora_data!H1846)) -> 0 | J32: =IF(aurora_data!I1846-INT(aurora_data!I1846)>=0.75, INT(aurora_data!I1846)+1, INT(aurora_data!I1846)) -> 1 | K32: =IF(aurora_data!J1846-INT(aurora_data!J1846)>=0.75, INT(aurora_data!J1846)+1, INT(aurora_data!J1846)) -> 0 | L32: =IF(aurora_data!K1846-INT(aurora_data!K1846)>=0.75, INT(aurora_data!K1846)+1, INT(aurora_data!K1846)) -> 0 | ... DC32: =IF(aurora_data!DB1846-INT(aurora_data!DB1846)>=0.75, INT(aurora_data!DB1846)+1, INT(aurora_data!DB1846)) -> 115 | DE32: =IF(aurora_data!DB1846-INT(aurora_data!DB1846)>=0.75, INT(aurora_data!DB1846)+1, INT(aurora_data!DB1846)) -> 115 | DF32: =DE32/$DE$26 -> 1.15
D33: Selected N | E33: =IF(aurora_data!D1847-INT(aurora_data!D1847)>=0.75, INT(aurora_data!D1847)+1, INT(aurora_data!D1847)) -> 0 | F33: =IF(aurora_data!E1847-INT(aurora_data!E1847)>=0.75, INT(aurora_data!E1847)+1, INT(aurora_data!E1847)) -> 0 | G33: =IF(aurora_data!F1847-INT(aurora_data!F1847)>=0.75, INT(aurora_data!F1847)+1, INT(aurora_data!F1847)) -> 0 | H33: =IF(aurora_data!G1847-INT(aurora_data!G1847)>=0.75, INT(aurora_data!G1847)+1, INT(aurora_data!G1847)) -> 0 | I33: =IF(aurora_data!H1847-INT(aurora_data!H1847)>=0.75, INT(aurora_data!H1847)+1, INT(aurora_data!H1847)) -> 0 | J33: =IF(aurora_data!I1847-INT(aurora_data!I1847)>=0.75, INT(aurora_data!I1847)+1, INT(aurora_data!I1847)) -> 0 | K33: =IF(aurora_data!J1847-INT(aurora_data!J1847)>=0.75, INT(aurora_data!J1847)+1, INT(aurora_data!J1847)) -> 0 | L33: =IF(aurora_data!K1847-INT(aurora_data!K1847)>=0.75, INT(aurora_data!K1847)+1, INT(aurora_data!K1847)) -> 0 | ... DC33: =IF(aurora_data!DB1847-INT(aurora_data!DB1847)>=0.75, INT(aurora_data!DB1847)+1, INT(aurora_data!DB1847)) -> 0 | DE33: =IF(aurora_data!DB1847-INT(aurora_data!DB1847)>=0.75, INT(aurora_data!DB1847)+1, INT(aurora_data!DB1847)) -> 0 | DF33: =DE33/$DE$26 -> 0
D34: Max N Variance | E34: =ROUNDDOWN((E36+$E$8)*($DE26),0) -> 5 | F34: =ROUNDDOWN((F36+$E$8)*($DE26),0) -> 5 | G34: =ROUNDDOWN((G36+$E$8)*($DE26),0) -> 5 | H34: =ROUNDDOWN((H36+$E$8)*($DE26),0) -> 5 | I34: =ROUNDDOWN((I36+$E$8)*($DE26),0) -> 5 | J34: =ROUNDDOWN((J36+$E$8)*($DE26),0) -> 5 | K34: =ROUNDDOWN((K36+$E$8)*($DE26),0) -> 5 | L34: =ROUNDDOWN((L36+$E$8)*($DE26),0) -> 5 | ... CZ34: =ROUNDDOWN((CZ36+$E$8)*($DE26),0) -> 5 | DA34: =ROUNDDOWN((DA36+$DA$8)*($DE26),0) -> 50 | DB34: =ROUNDDOWN((DB36+$DA$8)*($DE26),0) -> 50 | DC34: =ROUNDDOWN((DC36+$AD$8)*($DE26),0) -> 0
D35: Min N Variance | E35: =IF(ROUND(((E36-$E$8)*($DE26))+0.25,0) <=0,1,((E36-$E$8)*($DE26))+0.25) -> 1 | F35: =IF(ROUND(((F36-$E$8)*($DE26))+0.25,0) <=0,1,((F36-$E$8)*($DE26))+0.25) -> 1 | G35: =IF(ROUND(((G36-$E$8)*($DE26))+0.25,0) <=0,1,((G36-$E$8)*($DE26))+0.25) -> 1 | H35: =IF(ROUND(((H36-$E$8)*($DE26))+0.25,0) <=0,1,((H36-$E$8)*($DE26))+0.25) -> 1 | I35: =IF(ROUND(((I36-$E$8)*($DE26))+0.25,0) <=0,1,((I36-$E$8)*($DE26))+0.25) -> 1 | J35: =IF(ROUND(((J36-$E$8)*($DE26))+0.25,0) <=0,1,((J36-$E$8)*($DE26))+0.25) -> 1 | K35: =IF(ROUND(((K36-$E$8)*($DE26))+0.25,0) <=0,1,((K36-$E$8)*($DE26))+0.25) -> 1 | L35: =IF(ROUND(((L36-$E$8)*($DE26))+0.25,0) <=0,1,((L36-$E$8)*($DE26))+0.25) -> 1 | ... CZ35: =IF(ROUND(((CZ36-$E$8)*($DE26))+0.25,0) <=0,1,((CZ36-$E$8)*($DE26))+0.25) -> 1 | DA35: =IF(ROUND(((DA36-$DA$8)*($DE26))+0.25,0) <=0,1,((DA36-$DA$8)*($DE26))+0.25) -> 50.25 | DB35: =IF(ROUND(((DB36-$DA$8)*($DE26))+0.25,0) <=0,1,((DB36-$DA$8)*($DE26))+0.25) -> 50.25 | DC35: =IF(ROUND(((DC36-$AD$8)*($DE26))+0.25,0) <=0,1,((DC36-$AD$8)*($DE26))+0.25) -> 1
D36: Census % | E36: =IFERROR(E26/$DE26,0) -> 0 | F36: =IFERROR(F26/$DE26,0) -> 0 | G36: =IFERROR(G26/$DE26,0) -> 0 | H36: =IFERROR(H26/$DE26,0) -> 0 | I36: =IFERROR(I26/$DE26,0) -> 0 | J36: =IFERROR(J26/$DE26,0) -> 0 | K36: =IFERROR(K26/$DE26,0) -> 0 | L36: =IFERROR(L26/$DE26,0) -> 0 | ... DB36: =IFERROR(DB26/$DE26,0) -> 0.5 | DC36: =IFERROR(DC26/#REF!,0) -> 0
D37: Usable % | E37: =IFERROR(E27/$DE26,0) -> 0 | F37: =IFERROR(F27/$DE26,0) -> 0 | G37: =IFERROR(G27/$DE26,0) -> 0 | H37: =IFERROR(H27/$DE26,0) -> 0 | I37: =IFERROR(I27/$DE26,0) -> 0 | J37: =IFERROR(J27/$DE26,0) -> 0.01 | K37: =IFERROR(K27/$DE26,0) -> 0 | L37: =IFERROR(L27/$DE26,0) -> 0 | ... DB37: =IFERROR(DB27/$DE26,0) -> 0.5 | DC37: =IFERROR(DC27/#REF!,0) -> 0
D38: Difference % | E38: =E37-E36 -> 0 | F38: =F37-F36 -> 0 | G38: =G37-G36 -> 0 | H38: =H37-H36 -> 0 | I38: =I37-I36 -> 0 | J38: =J37-J36 -> 0.01 | K38: =K37-K36 -> 0 | L38: =L37-L36 -> 0 | ... DC38: =DC37-DC36 -> 0
B39: Open | C39: =aurora_data!A1848 -> 06.00.00-06.05.30 | D39: Target N | E39: =IF(aurora_data!D1848-INT(aurora_data!D1848)>=0.75, INT(aurora_data!D1848)+1, INT(aurora_data!D1848)) -> 0 | F39: =IF(aurora_data!E1848-INT(aurora_data!E1848)>=0.75, INT(aurora_data!E1848)+1, INT(aurora_data!E1848)) -> 0 | G39: =IF(aurora_data!F1848-INT(aurora_data!F1848)>=0.75, INT(aurora_data!F1848)+1, INT(aurora_data!F1848)) -> 0 | H39: =IF(aurora_data!G1848-INT(aurora_data!G1848)>=0.75, INT(aurora_data!G1848)+1, INT(aurora_data!G1848)) -> 0 | I39: =IF(aurora_data!H1848-INT(aurora_data!H1848)>=0.75, INT(aurora_data!H1848)+1, INT(aurora_data!H1848)) -> 0 | J39: =IF(aurora_data!I1848-INT(aurora_data!I1848)>=0.75, INT(aurora_data!I1848)+1, INT(aurora_data!I1848)) -> 0 | K39: =IF(aurora_data!J1848-INT(aurora_data!J1848)>=0.75, INT(aurora_data!J1848)+1, INT(aurora_data!J1848)) -> 0 | L39: =IF(aurora_data!K1848-INT(aurora_data!K1848)>=0.75, INT(aurora_data!K1848)+1, INT(aurora_data!K1848)) -> 0 | ... DC39: =IF(aurora_data!DB1848-INT(aurora_data!DB1848)>=0.75, INT(aurora_data!DB1848)+1, INT(aurora_data!DB1848)) -> 100 | DE39: =IF(aurora_data!DB1848-INT(aurora_data!DB1848)>=0.75, INT(aurora_data!DB1848)+1, INT(aurora_data!DB1848)) -> 100 | DF39: =DE39/$DE$39 -> 1
D40: Stratified Usable N | E40: =IF(aurora_data!D1849-INT(aurora_data!D1849)>=0.75, INT(aurora_data!D1849)+1, INT(aurora_data!D1849)) -> 0 | F40: =IF(aurora_data!E1849-INT(aurora_data!E1849)>=0.75, INT(aurora_data!E1849)+1, INT(aurora_data!E1849)) -> 0 | G40: =IF(aurora_data!F1849-INT(aurora_data!F1849)>=0.75, INT(aurora_data!F1849)+1, INT(aurora_data!F1849)) -> 0 | H40: =IF(aurora_data!G1849-INT(aurora_data!G1849)>=0.75, INT(aurora_data!G1849)+1, INT(aurora_data!G1849)) -> 0 | I40: =IF(aurora_data!H1849-INT(aurora_data!H1849)>=0.75, INT(aurora_data!H1849)+1, INT(aurora_data!H1849)) -> 0 | J40: =IF(aurora_data!I1849-INT(aurora_data!I1849)>=0.75, INT(aurora_data!I1849)+1, INT(aurora_data!I1849)) -> 0 | K40: =IF(aurora_data!J1849-INT(aurora_data!J1849)>=0.75, INT(aurora_data!J1849)+1, INT(aurora_data!J1849)) -> 0 | L40: =IF(aurora_data!K1849-INT(aurora_data!K1849)>=0.75, INT(aurora_data!K1849)+1, INT(aurora_data!K1849)) -> 0 | ... DC40: =IF(aurora_data!DB1849-INT(aurora_data!DB1849)>=0.75, INT(aurora_data!DB1849)+1, INT(aurora_data!DB1849)) -> 100 | DE40: =IF(aurora_data!DB1849-INT(aurora_data!DB1849)>=0.75, INT(aurora_data!DB1849)+1, INT(aurora_data!DB1849)) -> 100 | DF40: =DE40/$DE$39 -> 1
D41: Stratified Out Usable N | E41: =IF(aurora_data!D1850-INT(aurora_data!D1850)>=0.75, INT(aurora_data!D1850)+1, INT(aurora_data!D1850)) -> 0 | F41: =IF(aurora_data!E1850-INT(aurora_data!E1850)>=0.75, INT(aurora_data!E1850)+1, INT(aurora_data!E1850)) -> 0 | G41: =IF(aurora_data!F1850-INT(aurora_data!F1850)>=0.75, INT(aurora_data!F1850)+1, INT(aurora_data!F1850)) -> 0 | H41: =IF(aurora_data!G1850-INT(aurora_data!G1850)>=0.75, INT(aurora_data!G1850)+1, INT(aurora_data!G1850)) -> 0 | I41: =IF(aurora_data!H1850-INT(aurora_data!H1850)>=0.75, INT(aurora_data!H1850)+1, INT(aurora_data!H1850)) -> 0 | J41: =IF(aurora_data!I1850-INT(aurora_data!I1850)>=0.75, INT(aurora_data!I1850)+1, INT(aurora_data!I1850)) -> 0 | K41: =IF(aurora_data!J1850-INT(aurora_data!J1850)>=0.75, INT(aurora_data!J1850)+1, INT(aurora_data!J1850)) -> 0 | L41: =IF(aurora_data!K1850-INT(aurora_data!K1850)>=0.75, INT(aurora_data!K1850)+1, INT(aurora_data!K1850)) -> 0 | ... DC41: =IF(aurora_data!DB1850-INT(aurora_data!DB1850)>=0.75, INT(aurora_data!DB1850)+1, INT(aurora_data!DB1850)) -> 20 | DE41: =IF(aurora_data!DB1850-INT(aurora_data!DB1850)>=0.75, INT(aurora_data!DB1850)+1, INT(aurora_data!DB1850)) -> 20 | DF41: =DE41/$DE$39 -> 0.2
D42: In Process N | E42: =IF(aurora_data!D1851-INT(aurora_data!D1851)>=0.75, INT(aurora_data!D1851)+1, INT(aurora_data!D1851)) -> 0 | F42: =IF(aurora_data!E1851-INT(aurora_data!E1851)>=0.75, INT(aurora_data!E1851)+1, INT(aurora_data!E1851)) -> 0 | G42: =IF(aurora_data!F1851-INT(aurora_data!F1851)>=0.75, INT(aurora_data!F1851)+1, INT(aurora_data!F1851)) -> 0 | H42: =IF(aurora_data!G1851-INT(aurora_data!G1851)>=0.75, INT(aurora_data!G1851)+1, INT(aurora_data!G1851)) -> 0 | I42: =IF(aurora_data!H1851-INT(aurora_data!H1851)>=0.75, INT(aurora_data!H1851)+1, INT(aurora_data!H1851)) -> 0 | J42: =IF(aurora_data!I1851-INT(aurora_data!I1851)>=0.75, INT(aurora_data!I1851)+1, INT(aurora_data!I1851)) -> 0 | K42: =IF(aurora_data!J1851-INT(aurora_data!J1851)>=0.75, INT(aurora_data!J1851)+1, INT(aurora_data!J1851)) -> 0 | L42: =IF(aurora_data!K1851-INT(aurora_data!K1851)>=0.75, INT(aurora_data!K1851)+1, INT(aurora_data!K1851)) -> 0 | ... DC42: =IF(aurora_data!DB1851-INT(aurora_data!DB1851)>=0.75, INT(aurora_data!DB1851)+1, INT(aurora_data!DB1851)) -> 0 | DE42: =IF(aurora_data!DB1851-INT(aurora_data!DB1851)>=0.75, INT(aurora_data!DB1851)+1, INT(aurora_data!DB1851)) -> 0 | DF42: =DE42/$DE$39 -> 0
D43: Assigned Not Recd N | E43: =IF(aurora_data!D1852-INT(aurora_data!D1852)>=0.75, INT(aurora_data!D1852)+1, INT(aurora_data!D1852)) -> 0 | F43: =IF(aurora_data!E1852-INT(aurora_data!E1852)>=0.75, INT(aurora_data!E1852)+1, INT(aurora_data!E1852)) -> 0 | G43: =IF(aurora_data!F1852-INT(aurora_data!F1852)>=0.75, INT(aurora_data!F1852)+1, INT(aurora_data!F1852)) -> 0 | H43: =IF(aurora_data!G1852-INT(aurora_data!G1852)>=0.75, INT(aurora_data!G1852)+1, INT(aurora_data!G1852)) -> 0 | I43: =IF(aurora_data!H1852-INT(aurora_data!H1852)>=0.75, INT(aurora_data!H1852)+1, INT(aurora_data!H1852)) -> 0 | J43: =IF(aurora_data!I1852-INT(aurora_data!I1852)>=0.75, INT(aurora_data!I1852)+1, INT(aurora_data!I1852)) -> 0 | K43: =IF(aurora_data!J1852-INT(aurora_data!J1852)>=0.75, INT(aurora_data!J1852)+1, INT(aurora_data!J1852)) -> 0 | L43: =IF(aurora_data!K1852-INT(aurora_data!K1852)>=0.75, INT(aurora_data!K1852)+1, INT(aurora_data!K1852)) -> 0 | ... DC43: =IF(aurora_data!DB1852-INT(aurora_data!DB1852)>=0.75, INT(aurora_data!DB1852)+1, INT(aurora_data!DB1852)) -> 0 | DE43: =IF(aurora_data!DB1852-INT(aurora_data!DB1852)>=0.75, INT(aurora_data!DB1852)+1, INT(aurora_data!DB1852)) -> 0 | DF43: =DE43/$DE$39 -> 0
D44: Reserved Not Recd N | E44: =IF(aurora_data!D1853-INT(aurora_data!D1853)>=0.75, INT(aurora_data!D1853)+1, INT(aurora_data!D1853)) -> 0 | F44: =IF(aurora_data!E1853-INT(aurora_data!E1853)>=0.75, INT(aurora_data!E1853)+1, INT(aurora_data!E1853)) -> 0 | G44: =IF(aurora_data!F1853-INT(aurora_data!F1853)>=0.75, INT(aurora_data!F1853)+1, INT(aurora_data!F1853)) -> 0 | H44: =IF(aurora_data!G1853-INT(aurora_data!G1853)>=0.75, INT(aurora_data!G1853)+1, INT(aurora_data!G1853)) -> 0 | I44: =IF(aurora_data!H1853-INT(aurora_data!H1853)>=0.75, INT(aurora_data!H1853)+1, INT(aurora_data!H1853)) -> 0 | J44: =IF(aurora_data!I1853-INT(aurora_data!I1853)>=0.75, INT(aurora_data!I1853)+1, INT(aurora_data!I1853)) -> 0 | K44: =IF(aurora_data!J1853-INT(aurora_data!J1853)>=0.75, INT(aurora_data!J1853)+1, INT(aurora_data!J1853)) -> 0 | L44: =IF(aurora_data!K1853-INT(aurora_data!K1853)>=0.75, INT(aurora_data!K1853)+1, INT(aurora_data!K1853)) -> 0 | ... DC44: =IF(aurora_data!DB1853-INT(aurora_data!DB1853)>=0.75, INT(aurora_data!DB1853)+1, INT(aurora_data!DB1853)) -> 0 | DE44: =IF(aurora_data!DB1853-INT(aurora_data!DB1853)>=0.75, INT(aurora_data!DB1853)+1, INT(aurora_data!DB1853)) -> 0 | DF44: =DE44/$DE$39 -> 0
D45: Total Assignments | E45: =IF(aurora_data!D1854-INT(aurora_data!D1854)>=0.75, INT(aurora_data!D1854)+1, INT(aurora_data!D1854)) -> 0 | F45: =IF(aurora_data!E1854-INT(aurora_data!E1854)>=0.75, INT(aurora_data!E1854)+1, INT(aurora_data!E1854)) -> 0 | G45: =IF(aurora_data!F1854-INT(aurora_data!F1854)>=0.75, INT(aurora_data!F1854)+1, INT(aurora_data!F1854)) -> 0 | H45: =IF(aurora_data!G1854-INT(aurora_data!G1854)>=0.75, INT(aurora_data!G1854)+1, INT(aurora_data!G1854)) -> 0 | I45: =IF(aurora_data!H1854-INT(aurora_data!H1854)>=0.75, INT(aurora_data!H1854)+1, INT(aurora_data!H1854)) -> 0 | J45: =IF(aurora_data!I1854-INT(aurora_data!I1854)>=0.75, INT(aurora_data!I1854)+1, INT(aurora_data!I1854)) -> 0 | K45: =IF(aurora_data!J1854-INT(aurora_data!J1854)>=0.75, INT(aurora_data!J1854)+1, INT(aurora_data!J1854)) -> 0 | L45: =IF(aurora_data!K1854-INT(aurora_data!K1854)>=0.75, INT(aurora_data!K1854)+1, INT(aurora_data!K1854)) -> 0 | ... DC45: =IF(aurora_data!DB1854-INT(aurora_data!DB1854)>=0.75, INT(aurora_data!DB1854)+1, INT(aurora_data!DB1854)) -> 120 | DE45: =IF(aurora_data!DB1854-INT(aurora_data!DB1854)>=0.75, INT(aurora_data!DB1854)+1, INT(aurora_data!DB1854)) -> 120 | DF45: =DE45/$DE$39 -> 1.2
D46: Selected N | E46: =IF(aurora_data!D1855-INT(aurora_data!D1855)>=0.75, INT(aurora_data!D1855)+1, INT(aurora_data!D1855)) -> 0 | F46: =IF(aurora_data!E1855-INT(aurora_data!E1855)>=0.75, INT(aurora_data!E1855)+1, INT(aurora_data!E1855)) -> 0 | G46: =IF(aurora_data!F1855-INT(aurora_data!F1855)>=0.75, INT(aurora_data!F1855)+1, INT(aurora_data!F1855)) -> 0 | H46: =IF(aurora_data!G1855-INT(aurora_data!G1855)>=0.75, INT(aurora_data!G1855)+1, INT(aurora_data!G1855)) -> 0 | I46: =IF(aurora_data!H1855-INT(aurora_data!H1855)>=0.75, INT(aurora_data!H1855)+1, INT(aurora_data!H1855)) -> 0 | J46: =IF(aurora_data!I1855-INT(aurora_data!I1855)>=0.75, INT(aurora_data!I1855)+1, INT(aurora_data!I1855)) -> 0 | K46: =IF(aurora_data!J1855-INT(aurora_data!J1855)>=0.75, INT(aurora_data!J1855)+1, INT(aurora_data!J1855)) -> 0 | L46: =IF(aurora_data!K1855-INT(aurora_data!K1855)>=0.75, INT(aurora_data!K1855)+1, INT(aurora_data!K1855)) -> 0 | ... DC46: =IF(aurora_data!DB1855-INT(aurora_data!DB1855)>=0.75, INT(aurora_data!DB1855)+1, INT(aurora_data!DB1855)) -> 0 | DE46: =IF(aurora_data!DB1855-INT(aurora_data!DB1855)>=0.75, INT(aurora_data!DB1855)+1, INT(aurora_data!DB1855)) -> 0 | DF46: =DE46/$DE$39 -> 0
D47: Max N Variance | E47: =ROUNDDOWN((E49+$E$8)*($DE39),0) -> 5 | F47: =ROUNDDOWN((F49+$E$8)*($DE39),0) -> 5 | G47: =ROUNDDOWN((G49+$E$8)*($DE39),0) -> 5 | H47: =ROUNDDOWN((H49+$E$8)*($DE39),0) -> 5 | I47: =ROUNDDOWN((I49+$E$8)*($DE39),0) -> 5 | J47: =ROUNDDOWN((J49+$E$8)*($DE39),0) -> 5 | K47: =ROUNDDOWN((K49+$E$8)*($DE39),0) -> 5 | L47: =ROUNDDOWN((L49+$E$8)*($DE39),0) -> 5 | ... CZ47: =ROUNDDOWN((CZ49+$E$8)*($DE39),0) -> 5 | DA47: =ROUNDDOWN((DA49+$DA$8)*($DE39),0) -> 50 | DB47: =ROUNDDOWN((DB49+$DA$8)*($DE39),0) -> 50 | DC47: =ROUNDDOWN((DC49+$AD$8)*($DE39),0) -> 0
D48: Min N Variance | E48: =IF(ROUND(((E49-$E$8)*($DE39))+0.25,0) <=0,1,((E49-$E$8)*($DE39))+0.25) -> 1 | F48: =IF(ROUND(((F49-$E$8)*($DE39))+0.25,0) <=0,1,((F49-$E$8)*($DE39))+0.25) -> 1 | G48: =IF(ROUND(((G49-$E$8)*($DE39))+0.25,0) <=0,1,((G49-$E$8)*($DE39))+0.25) -> 1 | H48: =IF(ROUND(((H49-$E$8)*($DE39))+0.25,0) <=0,1,((H49-$E$8)*($DE39))+0.25) -> 1 | I48: =IF(ROUND(((I49-$E$8)*($DE39))+0.25,0) <=0,1,((I49-$E$8)*($DE39))+0.25) -> 1 | J48: =IF(ROUND(((J49-$E$8)*($DE39))+0.25,0) <=0,1,((J49-$E$8)*($DE39))+0.25) -> 1 | K48: =IF(ROUND(((K49-$E$8)*($DE39))+0.25,0) <=0,1,((K49-$E$8)*($DE39))+0.25) -> 1 | L48: =IF(ROUND(((L49-$E$8)*($DE39))+0.25,0) <=0,1,((L49-$E$8)*($DE39))+0.25) -> 1 | ... CZ48: =IF(ROUND(((CZ49-$E$8)*($DE39))+0.25,0) <=0,1,((CZ49-$E$8)*($DE39))+0.25) -> 1 | DA48: =IF(ROUND(((DA49-$DA$8)*($DE39))+0.25,0) <=0,1,((DA49-$DA$8)*($DE39))+0.25) -> 50.25 | DB48: =IF(ROUND(((DB49-$DA$8)*($DE39))+0.25,0) <=0,1,((DB49-$DA$8)*($DE39))+0.25) -> 50.25 | DC48: =IF(ROUND(((DC49-$AD$8)*($DE39))+0.25,0) <=0,1,((DC49-$AD$8)*($DE39))+0.25) -> 1
D49: Census % | E49: =IFERROR(E39/$DE39,0) -> 0 | F49: =IFERROR(F39/$DE39,0) -> 0 | G49: =IFERROR(G39/$DE39,0) -> 0 | H49: =IFERROR(H39/$DE39,0) -> 0 | I49: =IFERROR(I39/$DE39,0) -> 0 | J49: =IFERROR(J39/$DE39,0) -> 0 | K49: =IFERROR(K39/$DE39,0) -> 0 | L49: =IFERROR(L39/$DE39,0) -> 0 | ... DB49: =IFERROR(DB39/$DE39,0) -> 0.5 | DC49: =IFERROR(DC39/#REF!,0) -> 0
D50: Usable % | E50: =IFERROR(E40/$DE39,0) -> 0 | F50: =IFERROR(F40/$DE39,0) -> 0 | G50: =IFERROR(G40/$DE39,0) -> 0 | H50: =IFERROR(H40/$DE39,0) -> 0 | I50: =IFERROR(I40/$DE39,0) -> 0 | J50: =IFERROR(J40/$DE39,0) -> 0 | K50: =IFERROR(K40/$DE39,0) -> 0 | L50: =IFERROR(L40/$DE39,0) -> 0 | ... DB50: =IFERROR(DB40/$DE39,0) -> 0.5 | DC50: =IFERROR(DC40/#REF!,0) -> 0
D51: Difference % | E51: =E50-E49 -> 0 | F51: =F50-F49 -> 0 | G51: =G50-G49 -> 0 | H51: =H50-H49 -> 0 | I51: =I50-I49 -> 0 | J51: =J50-J49 -> 0 | K51: =K50-K49 -> 0 | L51: =L50-L49 -> 0 | ... DC51: =DC50-DC49 -> 0
B52: Open | C52: =aurora_data!A1856 -> 06.06.00-06.11.30 | D52: Target N | E52: =IF(aurora_data!D1856-INT(aurora_data!D1856)>=0.75, INT(aurora_data!D1856)+1, INT(aurora_data!D1856)) -> 0 | F52: =IF(aurora_data!E1856-INT(aurora_data!E1856)>=0.75, INT(aurora_data!E1856)+1, INT(aurora_data!E1856)) -> 0 | G52: =IF(aurora_data!F1856-INT(aurora_data!F1856)>=0.75, INT(aurora_data!F1856)+1, INT(aurora_data!F1856)) -> 0 | H52: =IF(aurora_data!G1856-INT(aurora_data!G1856)>=0.75, INT(aurora_data!G1856)+1, INT(aurora_data!G1856)) -> 0 | I52: =IF(aurora_data!H1856-INT(aurora_data!H1856)>=0.75, INT(aurora_data!H1856)+1, INT(aurora_data!H1856)) -> 0 | J52: =IF(aurora_data!I1856-INT(aurora_data!I1856)>=0.75, INT(aurora_data!I1856)+1, INT(aurora_data!I1856)) -> 0 | K52: =IF(aurora_data!J1856-INT(aurora_data!J1856)>=0.75, INT(aurora_data!J1856)+1, INT(aurora_data!J1856)) -> 0 | L52: =IF(aurora_data!K1856-INT(aurora_data!K1856)>=0.75, INT(aurora_data!K1856)+1, INT(aurora_data!K1856)) -> 0 | ... DC52: =IF(aurora_data!DB1856-INT(aurora_data!DB1856)>=0.75, INT(aurora_data!DB1856)+1, INT(aurora_data!DB1856)) -> 100 | DE52: =IF(aurora_data!DB1856-INT(aurora_data!DB1856)>=0.75, INT(aurora_data!DB1856)+1, INT(aurora_data!DB1856)) -> 100 | DF52: =DE52/$DE$52 -> 1
D53: Stratified Usable N | E53: =IF(aurora_data!D1857-INT(aurora_data!D1857)>=0.75, INT(aurora_data!D1857)+1, INT(aurora_data!D1857)) -> 0 | F53: =IF(aurora_data!E1857-INT(aurora_data!E1857)>=0.75, INT(aurora_data!E1857)+1, INT(aurora_data!E1857)) -> 0 | G53: =IF(aurora_data!F1857-INT(aurora_data!F1857)>=0.75, INT(aurora_data!F1857)+1, INT(aurora_data!F1857)) -> 0 | H53: =IF(aurora_data!G1857-INT(aurora_data!G1857)>=0.75, INT(aurora_data!G1857)+1, INT(aurora_data!G1857)) -> 0 | I53: =IF(aurora_data!H1857-INT(aurora_data!H1857)>=0.75, INT(aurora_data!H1857)+1, INT(aurora_data!H1857)) -> 0 | J53: =IF(aurora_data!I1857-INT(aurora_data!I1857)>=0.75, INT(aurora_data!I1857)+1, INT(aurora_data!I1857)) -> 0 | K53: =IF(aurora_data!J1857-INT(aurora_data!J1857)>=0.75, INT(aurora_data!J1857)+1, INT(aurora_data!J1857)) -> 0 | L53: =IF(aurora_data!K1857-INT(aurora_data!K1857)>=0.75, INT(aurora_data!K1857)+1, INT(aurora_data!K1857)) -> 0 | ... DC53: =IF(aurora_data!DB1857-INT(aurora_data!DB1857)>=0.75, INT(aurora_data!DB1857)+1, INT(aurora_data!DB1857)) -> 100 | DE53: =IF(aurora_data!DB1857-INT(aurora_data!DB1857)>=0.75, INT(aurora_data!DB1857)+1, INT(aurora_data!DB1857)) -> 100 | DF53: =DE53/$DE$52 -> 1
D54: Stratified Out Usable N | E54: =IF(aurora_data!D1858-INT(aurora_data!D1858)>=0.75, INT(aurora_data!D1858)+1, INT(aurora_data!D1858)) -> 0 | F54: =IF(aurora_data!E1858-INT(aurora_data!E1858)>=0.75, INT(aurora_data!E1858)+1, INT(aurora_data!E1858)) -> 0 | G54: =IF(aurora_data!F1858-INT(aurora_data!F1858)>=0.75, INT(aurora_data!F1858)+1, INT(aurora_data!F1858)) -> 0 | H54: =IF(aurora_data!G1858-INT(aurora_data!G1858)>=0.75, INT(aurora_data!G1858)+1, INT(aurora_data!G1858)) -> 0 | I54: =IF(aurora_data!H1858-INT(aurora_data!H1858)>=0.75, INT(aurora_data!H1858)+1, INT(aurora_data!H1858)) -> 0 | J54: =IF(aurora_data!I1858-INT(aurora_data!I1858)>=0.75, INT(aurora_data!I1858)+1, INT(aurora_data!I1858)) -> 1 | K54: =IF(aurora_data!J1858-INT(aurora_data!J1858)>=0.75, INT(aurora_data!J1858)+1, INT(aurora_data!J1858)) -> 0 | L54: =IF(aurora_data!K1858-INT(aurora_data!K1858)>=0.75, INT(aurora_data!K1858)+1, INT(aurora_data!K1858)) -> 0 | ... DC54: =IF(aurora_data!DB1858-INT(aurora_data!DB1858)>=0.75, INT(aurora_data!DB1858)+1, INT(aurora_data!DB1858)) -> 19 | DE54: =IF(aurora_data!DB1858-INT(aurora_data!DB1858)>=0.75, INT(aurora_data!DB1858)+1, INT(aurora_data!DB1858)) -> 19 | DF54: =DE54/$DE$52 -> 0.19
D55: In Process N | E55: =IF(aurora_data!D1859-INT(aurora_data!D1859)>=0.75, INT(aurora_data!D1859)+1, INT(aurora_data!D1859)) -> 0 | F55: =IF(aurora_data!E1859-INT(aurora_data!E1859)>=0.75, INT(aurora_data!E1859)+1, INT(aurora_data!E1859)) -> 0 | G55: =IF(aurora_data!F1859-INT(aurora_data!F1859)>=0.75, INT(aurora_data!F1859)+1, INT(aurora_data!F1859)) -> 0 | H55: =IF(aurora_data!G1859-INT(aurora_data!G1859)>=0.75, INT(aurora_data!G1859)+1, INT(aurora_data!G1859)) -> 0 | I55: =IF(aurora_data!H1859-INT(aurora_data!H1859)>=0.75, INT(aurora_data!H1859)+1, INT(aurora_data!H1859)) -> 0 | J55: =IF(aurora_data!I1859-INT(aurora_data!I1859)>=0.75, INT(aurora_data!I1859)+1, INT(aurora_data!I1859)) -> 0 | K55: =IF(aurora_data!J1859-INT(aurora_data!J1859)>=0.75, INT(aurora_data!J1859)+1, INT(aurora_data!J1859)) -> 0 | L55: =IF(aurora_data!K1859-INT(aurora_data!K1859)>=0.75, INT(aurora_data!K1859)+1, INT(aurora_data!K1859)) -> 0 | ... DC55: =IF(aurora_data!DB1859-INT(aurora_data!DB1859)>=0.75, INT(aurora_data!DB1859)+1, INT(aurora_data!DB1859)) -> 0 | DE55: =IF(aurora_data!DB1859-INT(aurora_data!DB1859)>=0.75, INT(aurora_data!DB1859)+1, INT(aurora_data!DB1859)) -> 0 | DF55: =DE55/$DE$52 -> 0
D56: Assigned Not Recd N | E56: =IF(aurora_data!D1860-INT(aurora_data!D1860)>=0.75, INT(aurora_data!D1860)+1, INT(aurora_data!D1860)) -> 0 | F56: =IF(aurora_data!E1860-INT(aurora_data!E1860)>=0.75, INT(aurora_data!E1860)+1, INT(aurora_data!E1860)) -> 0 | G56: =IF(aurora_data!F1860-INT(aurora_data!F1860)>=0.75, INT(aurora_data!F1860)+1, INT(aurora_data!F1860)) -> 0 | H56: =IF(aurora_data!G1860-INT(aurora_data!G1860)>=0.75, INT(aurora_data!G1860)+1, INT(aurora_data!G1860)) -> 0 | I56: =IF(aurora_data!H1860-INT(aurora_data!H1860)>=0.75, INT(aurora_data!H1860)+1, INT(aurora_data!H1860)) -> 0 | J56: =IF(aurora_data!I1860-INT(aurora_data!I1860)>=0.75, INT(aurora_data!I1860)+1, INT(aurora_data!I1860)) -> 0 | K56: =IF(aurora_data!J1860-INT(aurora_data!J1860)>=0.75, INT(aurora_data!J1860)+1, INT(aurora_data!J1860)) -> 0 | L56: =IF(aurora_data!K1860-INT(aurora_data!K1860)>=0.75, INT(aurora_data!K1860)+1, INT(aurora_data!K1860)) -> 0 | ... DC56: =IF(aurora_data!DB1860-INT(aurora_data!DB1860)>=0.75, INT(aurora_data!DB1860)+1, INT(aurora_data!DB1860)) -> 0 | DE56: =IF(aurora_data!DB1860-INT(aurora_data!DB1860)>=0.75, INT(aurora_data!DB1860)+1, INT(aurora_data!DB1860)) -> 0 | DF56: =DE56/$DE$52 -> 0
D57: Reserved Not Recd N | E57: =IF(aurora_data!D1861-INT(aurora_data!D1861)>=0.75, INT(aurora_data!D1861)+1, INT(aurora_data!D1861)) -> 0 | F57: =IF(aurora_data!E1861-INT(aurora_data!E1861)>=0.75, INT(aurora_data!E1861)+1, INT(aurora_data!E1861)) -> 0 | G57: =IF(aurora_data!F1861-INT(aurora_data!F1861)>=0.75, INT(aurora_data!F1861)+1, INT(aurora_data!F1861)) -> 0 | H57: =IF(aurora_data!G1861-INT(aurora_data!G1861)>=0.75, INT(aurora_data!G1861)+1, INT(aurora_data!G1861)) -> 0 | I57: =IF(aurora_data!H1861-INT(aurora_data!H1861)>=0.75, INT(aurora_data!H1861)+1, INT(aurora_data!H1861)) -> 0 | J57: =IF(aurora_data!I1861-INT(aurora_data!I1861)>=0.75, INT(aurora_data!I1861)+1, INT(aurora_data!I1861)) -> 0 | K57: =IF(aurora_data!J1861-INT(aurora_data!J1861)>=0.75, INT(aurora_data!J1861)+1, INT(aurora_data!J1861)) -> 0 | L57: =IF(aurora_data!K1861-INT(aurora_data!K1861)>=0.75, INT(aurora_data!K1861)+1, INT(aurora_data!K1861)) -> 0 | ... DC57: =IF(aurora_data!DB1861-INT(aurora_data!DB1861)>=0.75, INT(aurora_data!DB1861)+1, INT(aurora_data!DB1861)) -> 0 | DE57: =IF(aurora_data!DB1861-INT(aurora_data!DB1861)>=0.75, INT(aurora_data!DB1861)+1, INT(aurora_data!DB1861)) -> 0 | DF57: =DE57/$DE$52 -> 0
D58: Total Assignments | E58: =IF(aurora_data!D1862-INT(aurora_data!D1862)>=0.75, INT(aurora_data!D1862)+1, INT(aurora_data!D1862)) -> 0 | F58: =IF(aurora_data!E1862-INT(aurora_data!E1862)>=0.75, INT(aurora_data!E1862)+1, INT(aurora_data!E1862)) -> 0 | G58: =IF(aurora_data!F1862-INT(aurora_data!F1862)>=0.75, INT(aurora_data!F1862)+1, INT(aurora_data!F1862)) -> 0 | H58: =IF(aurora_data!G1862-INT(aurora_data!G1862)>=0.75, INT(aurora_data!G1862)+1, INT(aurora_data!G1862)) -> 0 | I58: =IF(aurora_data!H1862-INT(aurora_data!H1862)>=0.75, INT(aurora_data!H1862)+1, INT(aurora_data!H1862)) -> 0 | J58: =IF(aurora_data!I1862-INT(aurora_data!I1862)>=0.75, INT(aurora_data!I1862)+1, INT(aurora_data!I1862)) -> 1 | K58: =IF(aurora_data!J1862-INT(aurora_data!J1862)>=0.75, INT(aurora_data!J1862)+1, INT(aurora_data!J1862)) -> 0 | L58: =IF(aurora_data!K1862-INT(aurora_data!K1862)>=0.75, INT(aurora_data!K1862)+1, INT(aurora_data!K1862)) -> 0 | ... DC58: =IF(aurora_data!DB1862-INT(aurora_data!DB1862)>=0.75, INT(aurora_data!DB1862)+1, INT(aurora_data!DB1862)) -> 119 | DE58: =IF(aurora_data!DB1862-INT(aurora_data!DB1862)>=0.75, INT(aurora_data!DB1862)+1, INT(aurora_data!DB1862)) -> 119 | DF58: =DE58/$DE$52 -> 1.19
D59: Selected N | E59: =IF(aurora_data!D1863-INT(aurora_data!D1863)>=0.75, INT(aurora_data!D1863)+1, INT(aurora_data!D1863)) -> 0 | F59: =IF(aurora_data!E1863-INT(aurora_data!E1863)>=0.75, INT(aurora_data!E1863)+1, INT(aurora_data!E1863)) -> 0 | G59: =IF(aurora_data!F1863-INT(aurora_data!F1863)>=0.75, INT(aurora_data!F1863)+1, INT(aurora_data!F1863)) -> 0 | H59: =IF(aurora_data!G1863-INT(aurora_data!G1863)>=0.75, INT(aurora_data!G1863)+1, INT(aurora_data!G1863)) -> 0 | I59: =IF(aurora_data!H1863-INT(aurora_data!H1863)>=0.75, INT(aurora_data!H1863)+1, INT(aurora_data!H1863)) -> 0 | J59: =IF(aurora_data!I1863-INT(aurora_data!I1863)>=0.75, INT(aurora_data!I1863)+1, INT(aurora_data!I1863)) -> 0 | K59: =IF(aurora_data!J1863-INT(aurora_data!J1863)>=0.75, INT(aurora_data!J1863)+1, INT(aurora_data!J1863)) -> 0 | L59: =IF(aurora_data!K1863-INT(aurora_data!K1863)>=0.75, INT(aurora_data!K1863)+1, INT(aurora_data!K1863)) -> 0 | ... DC59: =IF(aurora_data!DB1863-INT(aurora_data!DB1863)>=0.75, INT(aurora_data!DB1863)+1, INT(aurora_data!DB1863)) -> 0 | DE59: =IF(aurora_data!DB1863-INT(aurora_data!DB1863)>=0.75, INT(aurora_data!DB1863)+1, INT(aurora_data!DB1863)) -> 0 | DF59: =DE59/$DE$52 -> 0
D60: Max N Variance | E60: =ROUNDDOWN((E62+$E$8)*($DE52),0) -> 5 | F60: =ROUNDDOWN((F62+$E$8)*($DE52),0) -> 5 | G60: =ROUNDDOWN((G62+$E$8)*($DE52),0) -> 5 | H60: =ROUNDDOWN((H62+$E$8)*($DE52),0) -> 5 | I60: =ROUNDDOWN((I62+$E$8)*($DE52),0) -> 5 | J60: =ROUNDDOWN((J62+$E$8)*($DE52),0) -> 5 | K60: =ROUNDDOWN((K62+$E$8)*($DE52),0) -> 5 | L60: =ROUNDDOWN((L62+$E$8)*($DE52),0) -> 5 | ... CZ60: =ROUNDDOWN((CZ62+$E$8)*($DE52),0) -> 5 | DA60: =ROUNDDOWN((DA62+$DA$8)*($DE52),0) -> 50 | DB60: =ROUNDDOWN((DB62+$DA$8)*($DE52),0) -> 50 | DC60: =ROUNDDOWN((DC62+$AD$8)*($DE52),0) -> 0
D61: Min N Variance | E61: =IF(ROUND(((E62-$E$8)*($DE52))+0.25,0) <=0,1,((E62-$E$8)*($DE52))+0.25) -> 1 | F61: =IF(ROUND(((F62-$E$8)*($DE52))+0.25,0) <=0,1,((F62-$E$8)*($DE52))+0.25) -> 1 | G61: =IF(ROUND(((G62-$E$8)*($DE52))+0.25,0) <=0,1,((G62-$E$8)*($DE52))+0.25) -> 1 | H61: =IF(ROUND(((H62-$E$8)*($DE52))+0.25,0) <=0,1,((H62-$E$8)*($DE52))+0.25) -> 1 | I61: =IF(ROUND(((I62-$E$8)*($DE52))+0.25,0) <=0,1,((I62-$E$8)*($DE52))+0.25) -> 1 | J61: =IF(ROUND(((J62-$E$8)*($DE52))+0.25,0) <=0,1,((J62-$E$8)*($DE52))+0.25) -> 1 | K61: =IF(ROUND(((K62-$E$8)*($DE52))+0.25,0) <=0,1,((K62-$E$8)*($DE52))+0.25) -> 1 | L61: =IF(ROUND(((L62-$E$8)*($DE52))+0.25,0) <=0,1,((L62-$E$8)*($DE52))+0.25) -> 1 | ... CZ61: =IF(ROUND(((CZ62-$E$8)*($DE52))+0.25,0) <=0,1,((CZ62-$E$8)*($DE52))+0.25) -> 1 | DA61: =IF(ROUND(((DA62-$DA$8)*($DE52))+0.25,0) <=0,1,((DA62-$DA$8)*($DE52))+0.25) -> 50.25 | DB61: =IF(ROUND(((DB62-$DA$8)*($DE52))+0.25,0) <=0,1,((DB62-$DA$8)*($DE52))+0.25) -> 50.25 | DC61: =IF(ROUND(((DC62-$AD$8)*($DE52))+0.25,0) <=0,1,((DC62-$AD$8)*($DE52))+0.25) -> 1
D62: Census % | E62: =IFERROR(E52/$DE52,0) -> 0 | F62: =IFERROR(F52/$DE52,0) -> 0 | G62: =IFERROR(G52/$DE52,0) -> 0 | H62: =IFERROR(H52/$DE52,0) -> 0 | I62: =IFERROR(I52/$DE52,0) -> 0 | J62: =IFERROR(J52/$DE52,0) -> 0 | K62: =IFERROR(K52/$DE52,0) -> 0 | L62: =IFERROR(L52/$DE52,0) -> 0 | ... DB62: =IFERROR(DB52/$DE52,0) -> 0.5 | DC62: =IFERROR(DC52/#REF!,0) -> 0
D63: Usable % | E63: =IFERROR(E53/$DE52,0) -> 0 | F63: =IFERROR(F53/$DE52,0) -> 0 | G63: =IFERROR(G53/$DE52,0) -> 0 | H63: =IFERROR(H53/$DE52,0) -> 0 | I63: =IFERROR(I53/$DE52,0) -> 0 | J63: =IFERROR(J53/$DE52,0) -> 0 | K63: =IFERROR(K53/$DE52,0) -> 0 | L63: =IFERROR(L53/$DE52,0) -> 0 | ... DB63: =IFERROR(DB53/$DE52,0) -> 0.5 | DC63: =IFERROR(DC53/#REF!,0) -> 0
D64: Difference % | E64: =E63-E62 -> 0 | F64: =F63-F62 -> 0 | G64: =G63-G62 -> 0 | H64: =H63-H62 -> 0 | I64: =I63-I62 -> 0 | J64: =J63-J62 -> 0 | K64: =K63-K62 -> 0 | L64: =L63-L62 -> 0 | ... DC64: =DC63-DC62 -> 0
B65: Open | C65: =aurora_data!A1864 -> 07.00.00-07.11.30 | D65: Target N | E65: =IF(aurora_data!D1864-INT(aurora_data!D1864)>=0.75, INT(aurora_data!D1864)+1, INT(aurora_data!D1864)) -> 0 | F65: =IF(aurora_data!E1864-INT(aurora_data!E1864)>=0.75, INT(aurora_data!E1864)+1, INT(aurora_data!E1864)) -> 0 | G65: =IF(aurora_data!F1864-INT(aurora_data!F1864)>=0.75, INT(aurora_data!F1864)+1, INT(aurora_data!F1864)) -> 0 | H65: =IF(aurora_data!G1864-INT(aurora_data!G1864)>=0.75, INT(aurora_data!G1864)+1, INT(aurora_data!G1864)) -> 0 | I65: =IF(aurora_data!H1864-INT(aurora_data!H1864)>=0.75, INT(aurora_data!H1864)+1, INT(aurora_data!H1864)) -> 0 | J65: =IF(aurora_data!I1864-INT(aurora_data!I1864)>=0.75, INT(aurora_data!I1864)+1, INT(aurora_data!I1864)) -> 0 | K65: =IF(aurora_data!J1864-INT(aurora_data!J1864)>=0.75, INT(aurora_data!J1864)+1, INT(aurora_data!J1864)) -> 0 | L65: =IF(aurora_data!K1864-INT(aurora_data!K1864)>=0.75, INT(aurora_data!K1864)+1, INT(aurora_data!K1864)) -> 0 | ... DC65: =IF(aurora_data!DB1864-INT(aurora_data!DB1864)>=0.75, INT(aurora_data!DB1864)+1, INT(aurora_data!DB1864)) -> 100 | DE65: =IF(aurora_data!DB1864-INT(aurora_data!DB1864)>=0.75, INT(aurora_data!DB1864)+1, INT(aurora_data!DB1864)) -> 100 | DF65: =DE65/$DE$65 -> 1
D66: Stratified Usable N | E66: =IF(aurora_data!D1865-INT(aurora_data!D1865)>=0.75, INT(aurora_data!D1865)+1, INT(aurora_data!D1865)) -> 0 | F66: =IF(aurora_data!E1865-INT(aurora_data!E1865)>=0.75, INT(aurora_data!E1865)+1, INT(aurora_data!E1865)) -> 0 | G66: =IF(aurora_data!F1865-INT(aurora_data!F1865)>=0.75, INT(aurora_data!F1865)+1, INT(aurora_data!F1865)) -> 1 | H66: =IF(aurora_data!G1865-INT(aurora_data!G1865)>=0.75, INT(aurora_data!G1865)+1, INT(aurora_data!G1865)) -> 0 | I66: =IF(aurora_data!H1865-INT(aurora_data!H1865)>=0.75, INT(aurora_data!H1865)+1, INT(aurora_data!H1865)) -> 0 | J66: =IF(aurora_data!I1865-INT(aurora_data!I1865)>=0.75, INT(aurora_data!I1865)+1, INT(aurora_data!I1865)) -> 0 | K66: =IF(aurora_data!J1865-INT(aurora_data!J1865)>=0.75, INT(aurora_data!J1865)+1, INT(aurora_data!J1865)) -> 0 | L66: =IF(aurora_data!K1865-INT(aurora_data!K1865)>=0.75, INT(aurora_data!K1865)+1, INT(aurora_data!K1865)) -> 0 | ... DC66: =IF(aurora_data!DB1865-INT(aurora_data!DB1865)>=0.75, INT(aurora_data!DB1865)+1, INT(aurora_data!DB1865)) -> 100 | DE66: =IF(aurora_data!DB1865-INT(aurora_data!DB1865)>=0.75, INT(aurora_data!DB1865)+1, INT(aurora_data!DB1865)) -> 100 | DF66: =DE66/$DE$65 -> 1
D67: Stratified Out Usable N | E67: =IF(aurora_data!D1866-INT(aurora_data!D1866)>=0.75, INT(aurora_data!D1866)+1, INT(aurora_data!D1866)) -> 0 | F67: =IF(aurora_data!E1866-INT(aurora_data!E1866)>=0.75, INT(aurora_data!E1866)+1, INT(aurora_data!E1866)) -> 0 | G67: =IF(aurora_data!F1866-INT(aurora_data!F1866)>=0.75, INT(aurora_data!F1866)+1, INT(aurora_data!F1866)) -> 0 | H67: =IF(aurora_data!G1866-INT(aurora_data!G1866)>=0.75, INT(aurora_data!G1866)+1, INT(aurora_data!G1866)) -> 0 | I67: =IF(aurora_data!H1866-INT(aurora_data!H1866)>=0.75, INT(aurora_data!H1866)+1, INT(aurora_data!H1866)) -> 0 | J67: =IF(aurora_data!I1866-INT(aurora_data!I1866)>=0.75, INT(aurora_data!I1866)+1, INT(aurora_data!I1866)) -> 0 | K67: =IF(aurora_data!J1866-INT(aurora_data!J1866)>=0.75, INT(aurora_data!J1866)+1, INT(aurora_data!J1866)) -> 0 | L67: =IF(aurora_data!K1866-INT(aurora_data!K1866)>=0.75, INT(aurora_data!K1866)+1, INT(aurora_data!K1866)) -> 1 | ... DC67: =IF(aurora_data!DB1866-INT(aurora_data!DB1866)>=0.75, INT(aurora_data!DB1866)+1, INT(aurora_data!DB1866)) -> 25 | DE67: =IF(aurora_data!DB1866-INT(aurora_data!DB1866)>=0.75, INT(aurora_data!DB1866)+1, INT(aurora_data!DB1866)) -> 25 | DF67: =DE67/$DE$65 -> 0.25
D68: In Process N | E68: =IF(aurora_data!D1867-INT(aurora_data!D1867)>=0.75, INT(aurora_data!D1867)+1, INT(aurora_data!D1867)) -> 0 | F68: =IF(aurora_data!E1867-INT(aurora_data!E1867)>=0.75, INT(aurora_data!E1867)+1, INT(aurora_data!E1867)) -> 0 | G68: =IF(aurora_data!F1867-INT(aurora_data!F1867)>=0.75, INT(aurora_data!F1867)+1, INT(aurora_data!F1867)) -> 0 | H68: =IF(aurora_data!G1867-INT(aurora_data!G1867)>=0.75, INT(aurora_data!G1867)+1, INT(aurora_data!G1867)) -> 0 | I68: =IF(aurora_data!H1867-INT(aurora_data!H1867)>=0.75, INT(aurora_data!H1867)+1, INT(aurora_data!H1867)) -> 0 | J68: =IF(aurora_data!I1867-INT(aurora_data!I1867)>=0.75, INT(aurora_data!I1867)+1, INT(aurora_data!I1867)) -> 0 | K68: =IF(aurora_data!J1867-INT(aurora_data!J1867)>=0.75, INT(aurora_data!J1867)+1, INT(aurora_data!J1867)) -> 0 | L68: =IF(aurora_data!K1867-INT(aurora_data!K1867)>=0.75, INT(aurora_data!K1867)+1, INT(aurora_data!K1867)) -> 0 | ... DC68: =IF(aurora_data!DB1867-INT(aurora_data!DB1867)>=0.75, INT(aurora_data!DB1867)+1, INT(aurora_data!DB1867)) -> 0 | DE68: =IF(aurora_data!DB1867-INT(aurora_data!DB1867)>=0.75, INT(aurora_data!DB1867)+1, INT(aurora_data!DB1867)) -> 0 | DF68: =DE68/$DE$65 -> 0
D69: Assigned Not Recd N | E69: =IF(aurora_data!D1868-INT(aurora_data!D1868)>=0.75, INT(aurora_data!D1868)+1, INT(aurora_data!D1868)) -> 0 | F69: =IF(aurora_data!E1868-INT(aurora_data!E1868)>=0.75, INT(aurora_data!E1868)+1, INT(aurora_data!E1868)) -> 0 | G69: =IF(aurora_data!F1868-INT(aurora_data!F1868)>=0.75, INT(aurora_data!F1868)+1, INT(aurora_data!F1868)) -> 0 | H69: =IF(aurora_data!G1868-INT(aurora_data!G1868)>=0.75, INT(aurora_data!G1868)+1, INT(aurora_data!G1868)) -> 0 | I69: =IF(aurora_data!H1868-INT(aurora_data!H1868)>=0.75, INT(aurora_data!H1868)+1, INT(aurora_data!H1868)) -> 0 | J69: =IF(aurora_data!I1868-INT(aurora_data!I1868)>=0.75, INT(aurora_data!I1868)+1, INT(aurora_data!I1868)) -> 0 | K69: =IF(aurora_data!J1868-INT(aurora_data!J1868)>=0.75, INT(aurora_data!J1868)+1, INT(aurora_data!J1868)) -> 0 | L69: =IF(aurora_data!K1868-INT(aurora_data!K1868)>=0.75, INT(aurora_data!K1868)+1, INT(aurora_data!K1868)) -> 0 | ... DC69: =IF(aurora_data!DB1868-INT(aurora_data!DB1868)>=0.75, INT(aurora_data!DB1868)+1, INT(aurora_data!DB1868)) -> 0 | DE69: =IF(aurora_data!DB1868-INT(aurora_data!DB1868)>=0.75, INT(aurora_data!DB1868)+1, INT(aurora_data!DB1868)) -> 0 | DF69: =DE69/$DE$65 -> 0
