Workbook

Sheet Open Cells
A8: =setup!C16 -> 3766
A9: =setup!D16 -> WISC-6 Standardization - Paper
A10: status | B10: day | C10: Yr | D10: Wk | E10: WeekOf | F10: ageband | G10: variable_type | H10: variable_value | I10: target | J10: targetRounded | K10: AssignDay | L10: AssignCounts | M10: totalCells | N10: cummAssingCount | O10: openCells | P10: reportSession | Q10: last_refreshed
A11: Total Assignments | B11: 07/18/2025 | C11: 2025 | D11: 29 | E11: 07/14/2025 | F11: 05.00.00-05.05.30 | G11: ETH | H11: AS | I11: 4.58 | J11: 5 | K11: 07/18/2025 | L11: 0 | M11: 2400 | N11: 0 | O11: 5 | P11: 0 | Q11: 07/18/2025 @ 6:55 AM
A12: Total Assignments | B12: 07/18/2025 | C12: 2025 | D12: 29 | E12: 07/14/2025 | F12: 05.00.00-05.05.30 | G12: ETH | H12: HI | I12: 23.1 | J12: 23 | K12: 07/18/2025 | L12: 0 | M12: 2400 | N12: 0 | O12: 23 | P12: 0 | Q12: 07/18/2025 @ 6:55 AM
A13: Total Assignments | B13: 07/18/2025 | C13: 2025 | D13: 29 | E13: 07/14/2025 | F13: 05.00.00-05.05.30 | G13: SEX | H13: OTHER | I13: 0 | J13: 0 | K13: 07/18/2025 | L13: 0 | M13: 2400 | N13: 0 | O13: 0 | P13: 0 | Q13: 07/18/2025 @ 6:55 AM
A14: Total Assignments | B14: 07/18/2025 | C14: 2025 | D14: 29 | E14: 07/14/2025 | F14: 05.06.00-05.11.30 | G14: ED | H14: 1 | I14: 6.96 | J14: 7 | K14: 01/01/2024 | L14: 1 | M14: 2400 | N14: 1 | O14: 6 | P14: 0 | Q14: 07/18/2025 @ 6:55 AM
A15: Total Assignments | B15: 07/18/2025 | C15: 2025 | D15: 29 | E15: 07/14/2025 | F15: 05.06.00-05.11.30 | G15: ETH | H15: HI | I15: 23.1 | J15: 23 | K15: 01/01/2024 | L15: 1 | M15: 2400 | N15: 1 | O15: 22 | P15: 0 | Q15: 07/18/2025 @ 6:55 AM
A16: Total Assignments | B16: 07/18/2025 | C16: 2025 | D16: 29 | E16: 07/14/2025 | F16: 05.06.00-05.11.30 | G16: ETH | H16: OT | I16: 10.54 | J16: 11 | K16: 07/18/2025 | L16: 0 | M16: 2400 | N16: 0 | O16: 11 | P16: 0 | Q16: 07/18/2025 @ 6:55 AM
A17: Total Assignments | B17: 07/18/2025 | C17: 2025 | D17: 29 | E17: 07/14/2025 | F17: 05.06.00-05.11.30 | G17: REGION | H17: SO | I17: 39.96 | J17: 40 | K17: 01/01/2024 | L17: 1 | M17: 2400 | N17: 1 | O17: 39 | P17: 0 | Q17: 07/18/2025 @ 6:55 AM
A18: Total Assignments | B18: 07/18/2025 | C18: 2025 | D18: 29 | E18: 07/14/2025 | F18: 05.06.00-05.11.30 | G18: SEX | H18: M | I18: 50 | J18: 50 | K18: 01/01/2024 | L18: 1 | M18: 2400 | N18: 1 | O18: 49 | P18: 0 | Q18: 07/18/2025 @ 6:55 AM
A19: Total Assignments | B19: 07/18/2025 | C19: 2025 | D19: 29 | E19: 07/14/2025 | F19: 05.06.00-05.11.30 | G19: SEX | H19: OTHER | I19: 0 | J19: 0 | K19: 07/18/2025 | L19: 0 | M19: 2400 | N19: 0 | O19: 0 | P19: 0 | Q19: 07/18/2025 @ 6:55 AM
A20: Total Assignments | B20: 07/18/2025 | C20: 2025 | D20: 29 | E20: 07/14/2025 | F20: 06.00.00-06.05.30 | G20: ED | H20: 1 | I20: 7.57 | J20: 8 | K20: 07/18/2025 | L20: 0 | M20: 2400 | N20: 0 | O20: 8 | P20: 0 | Q20: 07/18/2025 @ 6:55 AM
A21: Total Assignments | B21: 07/18/2025 | C21: 2025 | D21: 29 | E21: 07/14/2025 | F21: 06.00.00-06.05.30 | G21: ETH | H21: BL | I21: 12.25 | J21: 12 | K21: 07/18/2025 | L21: 0 | M21: 2400 | N21: 0 | O21: 12 | P21: 0 | Q21: 07/18/2025 @ 6:55 AM
A22: Total Assignments | B22: 07/18/2025 | C22: 2025 | D22: 29 | E22: 07/14/2025 | F22: 06.00.00-06.05.30 | G22: SEX | H22: OTHER | I22: 0 | J22: 0 | K22: 07/18/2025 | L22: 0 | M22: 2400 | N22: 0 | O22: 0 | P22: 0 | Q22: 07/18/2025 @ 6:55 AM
... A28: Total Assignments | B28: 07/18/2025 | C28: 2025 | D28: 29 | E28: 07/14/2025 | F28: 08.00.00-08.11.30 | G28: SEX | H28: OTHER | I28: 0 | J28: 0 | K28: 07/18/2025 | L28: 0 | M28: 2400 | N28: 0 | O28: 0 | P28: 0 | Q28: 07/18/2025 @ 6:55 AM
A80: =setup!C17 -> 3767
A81: =setup!D17 -> WISC-6 Standardization - Digital
A82: status | B82: day | C82: Yr | D82: Wk | E82: WeekOf | F82: ageband | G82: variable_type | H82: variable_value | I82: target | J82: targetRounded | K82: AssignDay | L82: AssignCounts | M82: totalCells | N82: cummAssingCount | O82: openCells | P82: reportSession | Q82: last_refreshed
A83: Total Assignments | B83: 07/17/2025 | C83: 2025 | D83: 29 | E83: 07/14/2025 | F83: 09.00.00-09.11.30 | G83: ED | H83: 1 | I83: 8.29 | J83: 8 | K83: 01/01/2024 | L83: 1 | M83: 3600 | N83: 1 | O83: 7 | P83: 0 | Q83: 07/17/2025 @ 10:36 AM
A84: Total Assignments | B84: 07/17/2025 | C84: 2025 | D84: 29 | E84: 07/14/2025 | F84: 09.00.00-09.11.30 | G84: ETH | H84: HI | I84: 24 | J84: 24 | K84: 01/01/2024 | L84: 1 | M84: 3600 | N84: 1 | O84: 23 | P84: 0 | Q84: 07/17/2025 @ 10:36 AM
A85: Total Assignments | B85: 07/17/2025 | C85: 2025 | D85: 29 | E85: 07/14/2025 | F85: 09.00.00-09.11.30 | G85: ETH | H85: OT | I85: 9.92 | J85: 10 | K85: 07/17/2025 | L85: 0 | M85: 3600 | N85: 0 | O85: 10 | P85: 0 | Q85: 07/17/2025 @ 10:36 AM
A86: Total Assignments | B86: 07/17/2025 | C86: 2025 | D86: 29 | E86: 07/14/2025 | F86: 09.00.00-09.11.30 | G86: REGION | H86: SO | I86: 39.7 | J86: 40 | K86: 01/01/2024 | L86: 1 | M86: 3600 | N86: 1 | O86: 39 | P86: 0 | Q86: 07/17/2025 @ 10:36 AM
A87: Total Assignments | B87: 07/17/2025 | C87: 2025 | D87: 29 | E87: 07/14/2025 | F87: 09.00.00-09.11.30 | G87: SEX | H87: F | I87: 50 | J87: 50 | K87: 01/01/2024 | L87: 1 | M87: 3600 | N87: 1 | O87: 49 | P87: 0 | Q87: 07/17/2025 @ 10:36 AM
A88: Total Assignments | B88: 07/17/2025 | C88: 2025 | D88: 29 | E88: 07/14/2025 | F88: 09.00.00-09.11.30 | G88: SEX | H88: OTHER | I88: 0 | J88: 0 | K88: 07/17/2025 | L88: 0 | M88: 3600 | N88: 0 | O88: 0 | P88: 0 | Q88: 07/17/2025 @ 10:36 AM
A89: Total Assignments | B89: 07/17/2025 | C89: 2025 | D89: 29 | E89: 07/14/2025 | F89: 10.00.00-10.11.30 | G89: ED | H89: 1 | I89: 8.85 | J89: 9 | K89: 01/01/2024 | L89: 1 | M89: 3600 | N89: 1 | O89: 8 | P89: 0 | Q89: 07/17/2025 @ 10:36 AM
A90: Total Assignments | B90: 07/17/2025 | C90: 2025 | D90: 29 | E90: 07/14/2025 | F90: 10.00.00-10.11.30 | G90: ETH | H90: AS | I90: 5.17 | J90: 5 | K90: 01/01/2024 | L90: 1 | M90: 3600 | N90: 1 | O90: 4 | P90: 0 | Q90: 07/17/2025 @ 10:36 AM
A91: Total Assignments | B91: 07/17/2025 | C91: 2025 | D91: 29 | E91: 07/14/2025 | F91: 10.00.00-10.11.30 | G91: REGION | H91: NE | I91: 15.25 | J91: 15 | K91: 01/01/2024 | L91: 1 | M91: 3600 | N91: 1 | O91: 14 | P91: 0 | Q91: 07/17/2025 @ 10:36 AM
A92: Total Assignments | B92: 07/17/2025 | C92: 2025 | D92: 29 | E92: 07/14/2025 | F92: 10.00.00-10.11.30 | G92: SEX | H92: F | I92: 50 | J92: 50 | K92: 01/01/2024 | L92: 1 | M92: 3600 | N92: 1 | O92: 49 | P92: 0 | Q92: 07/17/2025 @ 10:36 AM
A93: Total Assignments | B93: 07/17/2025 | C93: 2025 | D93: 29 | E93: 07/14/2025 | F93: 10.00.00-10.11.30 | G93: SEX | H93: OTHER | I93: 0 | J93: 0 | K93: 07/17/2025 | L93: 0 | M93: 3600 | N93: 0 | O93: 0 | P93: 0 | Q93: 07/17/2025 @ 10:36 AM
A94: Total Assignments | B94: 07/17/2025 | C94: 2025 | D94: 29 | E94: 07/14/2025 | F94: 11.00.00-11.11.30 | G94: SEX | H94: OTHER | I94: 0 | J94: 0 | K94: 07/17/2025 | L94: 0 | M94: 3600 | N94: 0 | O94: 0 | P94: 0 | Q94: 07/17/2025 @ 10:36 AM
... A130: Total Assignments | B130: 07/17/2025 | C130: 2025 | D130: 29 | E130: 07/14/2025 | F130: 17.00.00-21.11.30 | G130: SEX | H130: OTHER | I130: 0 | J130: 0 | K130: 07/17/2025 | L130: 0 | M130: 3600 | N130: 0 | O130: 0 | P130: 0 | Q130: 07/17/2025 @ 10:36 AM
A182: =setup!C18 -> 3768
A183: =setup!D18 -> Retest WISC-6 Standardization - Paper
A184: status | B184: day | C184: Yr | D184: Wk | E184: WeekOf | F184: ageband | G184: variable_type | H184: variable_value | I184: target | J184: targetRounded | K184: AssignDay | L184: AssignCounts | M184: totalCells | N184: cummAssingCount | O184: openCells | P184: reportSession | Q184: last_refreshed
A185: Total Assignments | B185: 07/17/2025 | C185: 2025 | D185: 29 | E185: 07/14/2025 | F185: 05.00.00-06.11.30 | H185: 5 | I185: 1 | J185: 1 | K185: 07/17/2025 | L185: 0 | M185: 32 | N185: 0 | O185: 1 | P185: 0 | Q185: 07/17/2025 @ 10:36 AM
A186: Total Assignments | B186: 07/17/2025 | C186: 2025 | D186: 29 | E186: 07/14/2025 | F186: 05.00.00-06.11.30 | G186: ED | H186: 1 | I186: 1 | J186: 1 | K186: 07/17/2025 | L186: 0 | M186: 32 | N186: 0 | O186: 1 | P186: 0 | Q186: 07/17/2025 @ 10:36 AM
A187: Total Assignments | B187: 07/17/2025 | C187: 2025 | D187: 29 | E187: 07/14/2025 | F187: 05.00.00-06.11.30 | G187: ED | H187: 2 | I187: 1 | J187: 1 | K187: 07/17/2025 | L187: 0 | M187: 32 | N187: 0 | O187: 1 | P187: 0 | Q187: 07/17/2025 @ 10:36 AM
A188: Total Assignments | B188: 07/17/2025 | C188: 2025 | D188: 29 | E188: 07/14/2025 | F188: 05.00.00-06.11.30 | G188: ED | H188: 3 | I188: 1 | J188: 1 | K188: 07/17/2025 | L188: 0 | M188: 32 | N188: 0 | O188: 1 | P188: 0 | Q188: 07/17/2025 @ 10:36 AM
A189: Total Assignments | B189: 07/17/2025 | C189: 2025 | D189: 29 | E189: 07/14/2025 | F189: 05.00.00-06.11.30 | G189: ED | H189: 4 | I189: 1 | J189: 1 | K189: 07/17/2025 | L189: 0 | M189: 32 | N189: 0 | O189: 1 | P189: 0 | Q189: 07/17/2025 @ 10:36 AM
A190: Total Assignments | B190: 07/17/2025 | C190: 2025 | D190: 29 | E190: 07/14/2025 | F190: 05.00.00-06.11.30 | G190: ETH | H190: AS | I190: 1 | J190: 1 | K190: 07/17/2025 | L190: 0 | M190: 32 | N190: 0 | O190: 1 | P190: 0 | Q190: 07/17/2025 @ 10:36 AM
A191: Total Assignments | B191: 07/17/2025 | C191: 2025 | D191: 29 | E191: 07/14/2025 | F191: 05.00.00-06.11.30 | G191: ETH | H191: BL | I191: 1 | J191: 1 | K191: 07/17/2025 | L191: 0 | M191: 32 | N191: 0 | O191: 1 | P191: 0 | Q191: 07/17/2025 @ 10:36 AM
A192: Total Assignments | B192: 07/17/2025 | C192: 2025 | D192: 29 | E192: 07/14/2025 | F192: 05.00.00-06.11.30 | G192: ETH | H192: HI | I192: 1 | J192: 1 | K192: 07/17/2025 | L192: 0 | M192: 32 | N192: 0 | O192: 1 | P192: 0 | Q192: 07/17/2025 @ 10:36 AM
A193: Total Assignments | B193: 07/17/2025 | C193: 2025 | D193: 29 | E193: 07/14/2025 | F193: 05.00.00-06.11.30 | G193: ETH | H193: OT | I193: 1 | J193: 1 | K193: 07/17/2025 | L193: 0 | M193: 32 | N193: 0 | O193: 1 | P193: 0 | Q193: 07/17/2025 @ 10:36 AM
A194: Total Assignments | B194: 07/17/2025 | C194: 2025 | D194: 29 | E194: 07/14/2025 | F194: 05.00.00-06.11.30 | G194: ETH | H194: WH | I194: 1 | J194: 1 | K194: 07/17/2025 | L194: 0 | M194: 32 | N194: 0 | O194: 1 | P194: 0 | Q194: 07/17/2025 @ 10:36 AM
A195: Total Assignments | B195: 07/17/2025 | C195: 2025 | D195: 29 | E195: 07/14/2025 | F195: 05.00.00-06.11.30 | G195: REGION | H195: MW | I195: 1 | J195: 1 | K195: 07/17/2025 | L195: 0 | M195: 32 | N195: 0 | O195: 1 | P195: 0 | Q195: 07/17/2025 @ 10:36 AM
A196: Total Assignments | B196: 07/17/2025 | C196: 2025 | D196: 29 | E196: 07/14/2025 | F196: 05.00.00-06.11.30 | G196: REGION | H196: NE | I196: 1 | J196: 1 | K196: 07/17/2025 | L196: 0 | M196: 32 | N196: 0 | O196: 1 | P196: 0 | Q196: 07/17/2025 @ 10:36 AM
A197: Total Assignments | B197: 07/17/2025 | C197: 2025 | D197: 29 | E197: 07/14/2025 | F197: 05.00.00-06.11.30 | G197: REGION | H197: SO | I197: 1 | J197: 1 | K197: 07/17/2025 | L197: 0 | M197: 32 | N197: 0 | O197: 1 | P197: 0 | Q197: 07/17/2025 @ 10:36 AM
... A201: Total Assignments | B201: 07/17/2025 | C201: 2025 | D201: 29 | E201: 07/14/2025 | F201: 05.00.00-06.11.30 | G201: SEX | H201: OTHER | I201: 0 | J201: 0 | K201: 07/17/2025 | L201: 0 | M201: 32 | N201: 0 | O201: 0 | P201: 0 | Q201: 07/17/2025 @ 10:36 AM
A202: Total Assignments | B202: 07/17/2025 | C202: 2025 | D202: 29 | E202: 07/14/2025 | F202: 07.00.00-08.11.30 | H202: 5 | I202: 1 | J202: 1 | K202: 07/17/2025 | L202: 0 | M202: 32 | N202: 0 | O202: 1 | P202: 0 | Q202: 07/17/2025 @ 10:36 AM
A203: Total Assignments | B203: 07/17/2025 | C203: 2025 | D203: 29 | E203: 07/14/2025 | F203: 07.00.00-08.11.30 | G203: ED | H203: 1 | I203: 1 | J203: 1 | K203: 07/17/2025 | L203: 0 | M203: 32 | N203: 0 | O203: 1 | P203: 0 | Q203: 07/17/2025 @ 10:36 AM
A204: Total Assignments | B204: 07/17/2025 | C204: 2025 | D204: 29 | E204: 07/14/2025 | F204: 07.00.00-08.11.30 | G204: ED | H204: 2 | I204: 1 | J204: 1 | K204: 07/17/2025 | L204: 0 | M204: 32 | N204: 0 | O204: 1 | P204: 0 | Q204: 07/17/2025 @ 10:36 AM
A205: Total Assignments | B205: 07/17/2025 | C205: 2025 | D205: 29 | E205: 07/14/2025 | F205: 07.00.00-08.11.30 | G205: ED | H205: 3 | I205: 1 | J205: 1 | K205: 07/17/2025 | L205: 0 | M205: 32 | N205: 0 | O205: 1 | P205: 0 | Q205: 07/17/2025 @ 10:36 AM
A206: Total Assignments | B206: 07/17/2025 | C206: 2025 | D206: 29 | E206: 07/14/2025 | F206: 07.00.00-08.11.30 | G206: ED | H206: 4 | I206: 1 | J206: 1 | K206: 07/17/2025 | L206: 0 | M206: 32 | N206: 0 | O206: 1 | P206: 0 | Q206: 07/17/2025 @ 10:36 AM
A207: Total Assignments | B207: 07/17/2025 | C207: 2025 | D207: 29 | E207: 07/14/2025 | F207: 07.00.00-08.11.30 | G207: ETH | H207: AS | I207: 1 | J207: 1 | K207: 07/17/2025 | L207: 0 | M207: 32 | N207: 0 | O207: 1 | P207: 0 | Q207: 07/17/2025 @ 10:36 AM
A208: Total Assignments | B208: 07/17/2025 | C208: 2025 | D208: 29 | E208: 07/14/2025 | F208: 07.00.00-08.11.30 | G208: ETH | H208: BL | I208: 1 | J208: 1 | K208: 07/17/2025 | L208: 0 | M208: 32 | N208: 0 | O208: 1 | P208: 0 | Q208: 07/17/2025 @ 10:36 AM
A209: Total Assignments | B209: 07/17/2025 | C209: 2025 | D209: 29 | E209: 07/14/2025 | F209: 07.00.00-08.11.30 | G209: ETH | H209: HI | I209: 1 | J209: 1 | K209: 07/17/2025 | L209: 0 | M209: 32 | N209: 0 | O209: 1 | P209: 0 | Q209: 07/17/2025 @ 10:36 AM
A210: Total Assignments | B210: 07/17/2025 | C210: 2025 | D210: 29 | E210: 07/14/2025 | F210: 07.00.00-08.11.30 | G210: ETH | H210: OT | I210: 1 | J210: 1 | K210: 07/17/2025 | L210: 0 | M210: 32 | N210: 0 | O210: 1 | P210: 0 | Q210: 07/17/2025 @ 10:36 AM
A211: Total Assignments | B211: 07/17/2025 | C211: 2025 | D211: 29 | E211: 07/14/2025 | F211: 07.00.00-08.11.30 | G211: ETH | H211: WH | I211: 1 | J211: 1 | K211: 07/17/2025 | L211: 0 | M211: 32 | N211: 0 | O211: 1 | P211: 0 | Q211: 07/17/2025 @ 10:36 AM
A212: Total Assignments | B212: 07/17/2025 | C212: 2025 | D212: 29 | E212: 07/14/2025 | F212: 07.00.00-08.11.30 | G212: REGION | H212: MW | I212: 1 | J212: 1 | K212: 07/17/2025 | L212: 0 | M212: 32 | N212: 0 | O212: 1 | P212: 0 | Q212: 07/17/2025 @ 10:36 AM
A213: Total Assignments | B213: 07/17/2025 | C213: 2025 | D213: 29 | E213: 07/14/2025 | F213: 07.00.00-08.11.30 | G213: REGION | H213: NE | I213: 1 | J213: 1 | K213: 07/17/2025 | L213: 0 | M213: 32 | N213: 0 | O213: 1 | P213: 0 | Q213: 07/17/2025 @ 10:36 AM
A214: Total Assignments | B214: 07/17/2025 | C214: 2025 | D214: 29 | E214: 07/14/2025 | F214: 07.00.00-08.11.30 | G214: REGION | H214: SO | I214: 1 | J214: 1 | K214: 07/17/2025 | L214: 0 | M214: 32 | N214: 0 | O214: 1 | P214: 0 | Q214: 07/17/2025 @ 10:36 AM
... A218: Total Assignments | B218: 07/17/2025 | C218: 2025 | D218: 29 | E218: 07/14/2025 | F218: 07.00.00-08.11.30 | G218: SEX | H218: OTHER | I218: 0 | J218: 0 | K218: 07/17/2025 | L218: 0 | M218: 32 | N218: 0 | O218: 0 | P218: 0 | Q218: 07/17/2025 @ 10:36 AM
A236: =setup!C19 -> 3769
A237: =setup!D19 -> Retest WISC-6 Standardization Digital
A238: status | B238: day | C238: Yr | D238: Wk | E238: WeekOf | F238: ageband | G238: variable_type | H238: variable_value | I238: target | J238: targetRounded | K238: AssignDay | L238: AssignCounts | M238: totalCells | N238: cummAssingCount | O238: openCells | P238: reportSession | Q238: last_refreshed
A239: Total Assignments | B239: 07/17/2025 | C239: 2025 | D239: 29 | E239: 07/14/2025 | F239: 09.00.00-11.11.30 | H239: 5 | I239: 1 | J239: 1 | K239: 07/17/2025 | L239: 0 | M239: 32 | N239: 0 | O239: 1 | P239: 0 | Q239: 07/17/2025 @ 10:36 AM
A240: Total Assignments | B240: 07/17/2025 | C240: 2025 | D240: 29 | E240: 07/14/2025 | F240: 09.00.00-11.11.30 | G240: ED | H240: 1 | I240: 1 | J240: 1 | K240: 07/17/2025 | L240: 0 | M240: 32 | N240: 0 | O240: 1 | P240: 0 | Q240: 07/17/2025 @ 10:36 AM
A241: Total Assignments | B241: 07/17/2025 | C241: 2025 | D241: 29 | E241: 07/14/2025 | F241: 09.00.00-11.11.30 | G241: ED | H241: 2 | I241: 1 | J241: 1 | K241: 07/17/2025 | L241: 0 | M241: 32 | N241: 0 | O241: 1 | P241: 0 | Q241: 07/17/2025 @ 10:36 AM
A242: Total Assignments | B242: 07/17/2025 | C242: 2025 | D242: 29 | E242: 07/14/2025 | F242: 09.00.00-11.11.30 | G242: ED | H242: 3 | I242: 1 | J242: 1 | K242: 07/17/2025 | L242: 0 | M242: 32 | N242: 0 | O242: 1 | P242: 0 | Q242: 07/17/2025 @ 10:36 AM
A243: Total Assignments | B243: 07/17/2025 | C243: 2025 | D243: 29 | E243: 07/14/2025 | F243: 09.00.00-11.11.30 | G243: ED | H243: 4 | I243: 1 | J243: 1 | K243: 07/17/2025 | L243: 0 | M243: 32 | N243: 0 | O243: 1 | P243: 0 | Q243: 07/17/2025 @ 10:36 AM
A244: Total Assignments | B244: 07/17/2025 | C244: 2025 | D244: 29 | E244: 07/14/2025 | F244: 09.00.00-11.11.30 | G244: ETH | H244: AS | I244: 1 | J244: 1 | K244: 07/17/2025 | L244: 0 | M244: 32 | N244: 0 | O244: 1 | P244: 0 | Q244: 07/17/2025 @ 10:36 AM
A245: Total Assignments | B245: 07/17/2025 | C245: 2025 | D245: 29 | E245: 07/14/2025 | F245: 09.00.00-11.11.30 | G245: ETH | H245: BL | I245: 1 | J245: 1 | K245: 07/17/2025 | L245: 0 | M245: 32 | N245: 0 | O245: 1 | P245: 0 | Q245: 07/17/2025 @ 10:36 AM
A246: Total Assignments | B246: 07/17/2025 | C246: 2025 | D246: 29 | E246: 07/14/2025 | F246: 09.00.00-11.11.30 | G246: ETH | H246: HI | I246: 1 | J246: 1 | K246: 07/17/2025 | L246: 0 | M246: 32 | N246: 0 | O246: 1 | P246: 0 | Q246: 07/17/2025 @ 10:36 AM
A247: Total Assignments | B247: 07/17/2025 | C247: 2025 | D247: 29 | E247: 07/14/2025 | F247: 09.00.00-11.11.30 | G247: ETH | H247: OT | I247: 1 | J247: 1 | K247: 07/17/2025 | L247: 0 | M247: 32 | N247: 0 | O247: 1 | P247: 0 | Q247: 07/17/2025 @ 10:36 AM
A248: Total Assignments | B248: 07/17/2025 | C248: 2025 | D248: 29 | E248: 07/14/2025 | F248: 09.00.00-11.11.30 | G248: ETH | H248: WH | I248: 1 | J248: 1 | K248: 07/17/2025 | L248: 0 | M248: 32 | N248: 0 | O248: 1 | P248: 0 | Q248: 07/17/2025 @ 10:36 AM
A249: Total Assignments | B249: 07/17/2025 | C249: 2025 | D249: 29 | E249: 07/14/2025 | F249: 09.00.00-11.11.30 | G249: REGION | H249: MW | I249: 1 | J249: 1 | K249: 07/17/2025 | L249: 0 | M249: 32 | N249: 0 | O249: 1 | P249: 0 | Q249: 07/17/2025 @ 10:36 AM
A250: Total Assignments | B250: 07/17/2025 | C250: 2025 | D250: 29 | E250: 07/14/2025 | F250: 09.00.00-11.11.30 | G250: REGION | H250: NE | I250: 1 | J250: 1 | K250: 07/17/2025 | L250: 0 | M250: 32 | N250: 0 | O250: 1 | P250: 0 | Q250: 07/17/2025 @ 10:36 AM
A251: Total Assignments | B251: 07/17/2025 | C251: 2025 | D251: 29 | E251: 07/14/2025 | F251: 09.00.00-11.11.30 | G251: REGION | H251: SO | I251: 1 | J251: 1 | K251: 07/17/2025 | L251: 0 | M251: 32 | N251: 0 | O251: 1 | P251: 0 | Q251: 07/17/2025 @ 10:36 AM
... A255: Total Assignments | B255: 07/17/2025 | C255: 2025 | D255: 29 | E255: 07/14/2025 | F255: 09.00.00-11.11.30 | G255: SEX | H255: OTHER | I255: 0 | J255: 0 | K255: 07/17/2025 | L255: 0 | M255: 32 | N255: 0 | O255: 0 | P255: 0 | Q255: 07/17/2025 @ 10:36 AM
A256: Total Assignments | B256: 07/17/2025 | C256: 2025 | D256: 29 | E256: 07/14/2025 | F256: 12.00.00-16.11.30 | H256: 5 | I256: 1 | J256: 1 | K256: 07/17/2025 | L256: 0 | M256: 32 | N256: 0 | O256: 1 | P256: 0 | Q256: 07/17/2025 @ 10:36 AM
A257: Total Assignments | B257: 07/17/2025 | C257: 2025 | D257: 29 | E257: 07/14/2025 | F257: 12.00.00-16.11.30 | G257: ED | H257: 1 | I257: 1 | J257: 1 | K257: 07/17/2025 | L257: 0 | M257: 32 | N257: 0 | O257: 1 | P257: 0 | Q257: 07/17/2025 @ 10:36 AM
A258: Total Assignments | B258: 07/17/2025 | C258: 2025 | D258: 29 | E258: 07/14/2025 | F258: 12.00.00-16.11.30 | G258: ED | H258: 2 | I258: 1 | J258: 1 | K258: 07/17/2025 | L258: 0 | M258: 32 | N258: 0 | O258: 1 | P258: 0 | Q258: 07/17/2025 @ 10:36 AM
A259: Total Assignments | B259: 07/17/2025 | C259: 2025 | D259: 29 | E259: 07/14/2025 | F259: 12.00.00-16.11.30 | G259: ED | H259: 3 | I259: 1 | J259: 1 | K259: 07/17/2025 | L259: 0 | M259: 32 | N259: 0 | O259: 1 | P259: 0 | Q259: 07/17/2025 @ 10:36 AM
A260: Total Assignments | B260: 07/17/2025 | C260: 2025 | D260: 29 | E260: 07/14/2025 | F260: 12.00.00-16.11.30 | G260: ED | H260: 4 | I260: 1 | J260: 1 | K260: 07/17/2025 | L260: 0 | M260: 32 | N260: 0 | O260: 1 | P260: 0 | Q260: 07/17/2025 @ 10:36 AM
A261: Total Assignments | B261: 07/17/2025 | C261: 2025 | D261: 29 | E261: 07/14/2025 | F261: 12.00.00-16.11.30 | G261: ETH | H261: AS | I261: 1 | J261: 1 | K261: 07/17/2025 | L261: 0 | M261: 32 | N261: 0 | O261: 1 | P261: 0 | Q261: 07/17/2025 @ 10:36 AM
A262: Total Assignments | B262: 07/17/2025 | C262: 2025 | D262: 29 | E262: 07/14/2025 | F262: 12.00.00-16.11.30 | G262: ETH | H262: BL | I262: 1 | J262: 1 | K262: 07/17/2025 | L262: 0 | M262: 32 | N262: 0 | O262: 1 | P262: 0 | Q262: 07/17/2025 @ 10:36 AM
A263: Total Assignments | B263: 07/17/2025 | C263: 2025 | D263: 29 | E263: 07/14/2025 | F263: 12.00.00-16.11.30 | G263: ETH | H263: HI | I263: 1 | J263: 1 | K263: 07/17/2025 | L263: 0 | M263: 32 | N263: 0 | O263: 1 | P263: 0 | Q263: 07/17/2025 @ 10:36 AM
A264: Total Assignments | B264: 07/17/2025 | C264: 2025 | D264: 29 | E264: 07/14/2025 | F264: 12.00.00-16.11.30 | G264: ETH | H264: OT | I264: 1 | J264: 1 | K264: 01/01/2024 | L264: 1 | M264: 32 | N264: 1 | O264: 0 | P264: 0 | Q264: 07/17/2025 @ 10:36 AM
A265: Total Assignments | B265: 07/17/2025 | C265: 2025 | D265: 29 | E265: 07/14/2025 | F265: 12.00.00-16.11.30 | G265: ETH | H265: WH | I265: 1 | J265: 1 | K265: 07/17/2025 | L265: 0 | M265: 32 | N265: 0 | O265: 1 | P265: 0 | Q265: 07/17/2025 @ 10:36 AM
A266: Total Assignments | B266: 07/17/2025 | C266: 2025 | D266: 29 | E266: 07/14/2025 | F266: 12.00.00-16.11.30 | G266: REGION | H266: MW | I266: 1 | J266: 1 | K266: 07/17/2025 | L266: 0 | M266: 32 | N266: 0 | O266: 1 | P266: 0 | Q266: 07/17/2025 @ 10:36 AM
A267: Total Assignments | B267: 07/17/2025 | C267: 2025 | D267: 29 | E267: 07/14/2025 | F267: 12.00.00-16.11.30 | G267: REGION | H267: NE | I267: 1 | J267: 1 | K267: 07/17/2025 | L267: 0 | M267: 32 | N267: 0 | O267: 1 | P267: 0 | Q267: 07/17/2025 @ 10:36 AM
A268: Total Assignments | B268: 07/17/2025 | C268: 2025 | D268: 29 | E268: 07/14/2025 | F268: 12.00.00-16.11.30 | G268: REGION | H268: SO | I268: 1 | J268: 1 | K268: 01/01/2024 | L268: 1 | M268: 32 | N268: 1 | O268: 0 | P268: 0 | Q268: 07/17/2025 @ 10:36 AM
... A272: Total Assignments | B272: 07/17/2025 | C272: 2025 | D272: 29 | E272: 07/14/2025 | F272: 12.00.00-16.11.30 | G272: SEX | H272: OTHER | I272: 0 | J272: 0 | K272: 07/17/2025 | L272: 0 | M272: 32 | N272: 0 | O272: 0 | P272: 0 | Q272: 07/17/2025 @ 10:36 AM
A290: =setup!C20 -> 3770
A291: =setup!D20 -> Validity WISC-6/WISC-5 Plus - Paper
A292: status | B292: day | C292: Yr | D292: Wk | E292: WeekOf | F292: ageband | G292: variable_type | H292: variable_value | I292: target | J292: targetRounded | K292: AssignDay | L292: AssignCounts | M292: totalCells | N292: cummAssingCount | O292: openCells | P292: reportSession | Q292: last_refreshed
A293: Total Assignments | B293: 07/17/2025 | C293: 2025 | D293: 29 | E293: 07/14/2025 | F293: 05.00.00-05.11.30 | H293: 5 | I293: 1 | J293: 1 | K293: 07/17/2025 | L293: 0 | M293: 32 | N293: 0 | O293: 1 | P293: 0 | Q293: 07/17/2025 @ 10:36 AM
A294: Total Assignments | B294: 07/17/2025 | C294: 2025 | D294: 29 | E294: 07/14/2025 | F294: 05.00.00-05.11.30 | G294: ED | H294: 1 | I294: 1 | J294: 1 | K294: 01/01/2024 | L294: 1 | M294: 32 | N294: 1 | O294: 0 | P294: 0 | Q294: 07/17/2025 @ 10:36 AM
A295: Total Assignments | B295: 07/17/2025 | C295: 2025 | D295: 29 | E295: 07/14/2025 | F295: 05.00.00-05.11.30 | G295: ED | H295: 2 | I295: 1 | J295: 1 | K295: 07/17/2025 | L295: 0 | M295: 32 | N295: 0 | O295: 1 | P295: 0 | Q295: 07/17/2025 @ 10:36 AM
...

Sheet setup
B3: Phase Setup
B4: Phase Id | C4: 405
B6: Main Study Setup | H6: Stratification Types | K6: matrix sproc
C7: Stratification % | D7: (separate study ids by and exclamation point ! for more than one) | E7: Stratification Type | H7: 1 = 2 Cross | K7: call report_matrix(studyids, stratfication type, stratification%);
B8: StudyIDs (2Cross) | C8: 50 | D8: 3037 | E8: 1 | H8: 2 = 3 Cross ETH/ED
B9: StudyIDs (3Cross) | C9: 50 | D9: 3037 | E9: 2 | H9: 3 = 3 Cross SEX/ETH
B10: StudyIDs (2Cross) | C10: 100 | D10: 3037 | E10: 1
B11: StudyIDs (3Cross) | C11: 100 | D11: 3037 | E11: 2
B12: StudyIDs (3Cross alternate view) | C12: 100 | D12: 3037 | E12: 3
B13: Validity/Reliability Setup | H13: Total study count for this report | K13: =COUNTIF(M:M, "Active") - COUNTIFS(L:L, "OSEP*",M:M, "Active") - COUNTIFS(L:L,"C_*",M:M, "Active") +2 -> 37
B14: Reports will show based on the ordered list below | H14: Phase Study List
B15: Report Order (do not touch) | C15: Study Id (separate studyids by !) | D15: Study Name | E15: Study Acronym | F15: Total Assignment | H15: study_id | I15: study_type_description | J15: sort_order | K15: study_name | L15: study_acronym | M15: study_status
A16: =LEN(C16) - LEN(SUBSTITUTE(C16, "!", "")) + 1 -> 1 | B16: 1 | C16: 3766 | D16: WISC-6 Standardization - Paper | E16: WISC6_STDZ_P | F16: =aurora_data!AJ98 -> 2523 | H16: 3767 | I16: Main | J16: 1 | K16: WISC-6 Standardization - Digital | L16: WISC6_STDZ_D | M16: Active
A17: =LEN(C17) - LEN(SUBSTITUTE(C17, "!", "")) + 1 -> 1 | B17: 2 | C17: 3767 | D17: WISC-6 Standardization - Digital | E17: WISC6_STDZ_D | F17: =aurora_data!AJ226 -> 568 | H17: 3766 | I17: Main | J17: 1 | K17: WISC-6 Standardization - Paper | L17: WISC6_STDZ_P | M17: Active
A18: =LEN(C18) - LEN(SUBSTITUTE(C18, "!", "")) + 1 -> 1 | B18: 3 | C18: 3768 | D18: Retest WISC-6 Standardization - Paper | E18: R_WISC6_STDZ_P | F18: =aurora_data!U438 -> 235 | H18: 3814 | I18: Clinical | J18: 2 | K18: WISC-6 Clinical Validity Motor Impairment - Paper | L18: CV_MI_VINE3_P | M18: Active
A19: =LEN(C19) - LEN(SUBSTITUTE(C19, "!", "")) + 1 -> 1 | B19: 4 | C19: 3769 | D19: Retest WISC-6 Standardization Digital | E19: R_WISC6_STDZ_D | F19: =aurora_data!U566 -> 93 | H19: 3822 | I19: Clinical | J19: 2 | K19: OSEP – Other Health Impairment - Paper | L19: OSEP_OHI_P | M19: Active
A20: =LEN(C20) - LEN(SUBSTITUTE(C20, "!", "")) + 1 -> 1 | B20: 5 | C20: 3770 | D20: Validity WISC-6/WISC-5 Plus - Paper | E20: V_WISC5P_P | F20: =aurora_data!U838 -> 137 | H20: 3821 | I20: Clinical | J20: 2 | K20: OSEP – Orthopedic Impairment - Paper | L20: OSEP_OI_P | M20: Active
A21: =LEN(C21) - LEN(SUBSTITUTE(C21, "!", "")) + 1 -> 1 | B21: 6 | C21: 3771 | D21: Validity WISC-6/WPPSI-4 - Paper | E21: V_WPPSI4_P | F21: =aurora_data!U957 -> 56 | H21: 3820 | I21: Clinical | J21: 2 | K21: OSEP – Multiple Disabilities - Paper | L21: OSEP_MD_P | M21: Active
A22: =LEN(C22) - LEN(SUBSTITUTE(C22, "!", "")) + 1 -> 1 | B22: 7 | C22: 3772 | D22: Validity WISC-6/WAIS-5 - Paper | E22: V_WAIS5_P | F22: =aurora_data!U1148 -> 51 | H22: 3819 | I22: Clinical | J22: 2 | K22: OSEP – Emotional Disturbance - Paper | L22: OSEP_ED_P | M22: Active
A23: =LEN(C23) - LEN(SUBSTITUTE(C23, "!", "")) + 1 -> 1 | B23: 8 | C23: 3773 | D23: Validity WISC-6/WIAT-4 - Paper | E23: V_WIAT4_P | F23: =aurora_data!U1438 -> 224 | H23: 3818 | I23: Clinical | J23: 2 | K23: OSEP – Developmental Delay - Paper | L23: OSEP_DD_P | M23: Active
A24: =LEN(C24) - LEN(SUBSTITUTE(C24, "!", "")) + 1 -> 1 | B24: 9 | C24: 3774 | D24: Validity WISC-6/KTEA-3 – Paper Form A | E24: V_KTEA3_P | F24: =aurora_data!U1638 -> 221 | H24: 3817 | I24: Clinical | J24: 2 | K24: OSEP – Autism - Paper | L24: OSEP_AUT_P | M24: Active
A25: =LEN(C25) - LEN(SUBSTITUTE(C25, "!", "")) + 1 -> 1 | B25: 10 | C25: 3775 | D25: Counterbalance WISC-5 Plus/WISC-6 - Paper | E25: CB_WISC5P_P | F25: =aurora_data!U1838 -> 136 | H25: 3816 | I25: Clinical | J25: 2 | K25: WISC-6 Clinical Validity Traumatic Brain Injury - Paper | L25: CV_TBI_VINE3_P | M25: Active
A26: =LEN(C26) - LEN(SUBSTITUTE(C26, "!", "")) + 1 -> 1 | B26: 11 | C26: 3777 | D26: Counterbalance WPPSI-4/WISC-6 -Paper | E26: CB_WPPSI4_P | F26: =aurora_data!U1957 -> 56 | H26: 3815 | I26: Clinical | J26: 2 | K26: WISC-6 Clinical Traumatic Brain Injury - Paper | L26: C_TBI_P | M26: Active
A27: =LEN(C27) - LEN(SUBSTITUTE(C27, "!", "")) + 1 -> 1 | B27: 12 | C27: 3778 | D27: Counterbalance WAIS-5/WISC-6 - Paper | E27: CB_WAIS5_P | F27: =aurora_data!U2048 -> 59 | H27: 3823 | I27: Clinical | J27: 2 | K27: OSEP – Specific Learning Disability - Paper | L27: OSEP_SLD_P | M27: Active
H28: 3813 | I28: Clinical | J28: 2 | K28: WISC-6 Clinical Motor Impairment - Paper | L28: C_MI_P | M28: Active
H29: 3812 | I29: Clinical | J29: 2 | K29: WISC-6 Clinical Validity Language Disorder with Expressive Impairment (Ages 9-16) - Paper | L29: CV_LDE_CELF5_RF2_P | M29: Active
B30: Total | C30: =SUM(A16:A36) -> 12 | H30: 3811 | I30: Clinical | J30: 2 | K30: WISC-6 Clinical Language Disorder with Expressive Impairment (Ages 9-16) - Paper | L30: C_LDE_9-16_P | M30: Active
H31: 3810 | I31: Clinical | J31: 2 | K31: WISC-6 Clinical Validity Language Disorder with Expressive Impairment (Ages 6-8) - Paper | L31: CV_LDE_CELF5_RF1_P | M31: Active
H32: 3809 | I32: Clinical | J32: 2 | K32: WISC-6 Clinical Language Disorder with Expressive Impairment (Ages 6-8) - Paper | L32: C_LDE_6-8_P | M32: Active
H33: 3808 | I33: Clinical | J33: 2 | K33: WISC-6 Clinical Validity Language Disorder with Receptive Impairment (Ages 9-16) - Paper | L33: CV_LDR_CELF5_RF2_P | M33: Active
H34: 3807 | I34: Clinical | J34: 2 | K34: WISC-6 Clinical Language Disorder with Receptive Impairment (Ages 9-16) - Paper | L34: C_LDR_9-16_P | M34: Active
H35: 3806 | I35: Clinical | J35: 2 | K35: WISC-6 Clinical Validity Language Disorder with Receptive Impairment (Ages 6-8) - Paper | L35: CV_LDR_CELF5_RF1_P | M35: Active
H36: 3834 | I36: Clinical | J36: 2 | K36: OSEP – Other Health Impairment - Digital | L36: OSEP_OHI_D | M36: Active
H37: 3842 | I37: Clinical | J37: 2 | K37: WISC-6 Clinical Validity Autism spectrum disorder with no language impairment - (Adolescent) Paper | L37: CV_ASD_NO_LI_BASC3_ADOL_P | M37: Active
H38: 3841 | I38: Clinical | J38: 2 | K38: WISC-6 Clinical Validity Autism spectrum disorder with language impairment - (Adolescent) Paper | L38: CV_ASD_LI_BASC3_ADOL_P | M38: Active
H39: 3840 | I39: Clinical | J39: 2 | K39: WISC-6 Clinical Validity ADHD – (Adolescent) Digital | L39: CV_ADHD_BASC3_ADOL_D | M39: Active
H40: 3839 | I40: Clinical | J40: 2 | K40: WISC-6 Clinical Validity ADHD - (Adolescent) Paper | L40: CV_ADHD_BASC3_ADOL_P | M40: Active
H41: 3838 | I41: Clinical | J41: 2 | K41: OSEP – ADHD - Digital | L41: OSEP_ADHD_D | M41: Active
H42: 3837 | I42: Clinical | J42: 2 | K42: OSEP – Traumatic Brain Injury - Digital | L42: OSEP_TBI_D | M42: Active
... H91: 3844 | I91: Other | J91: 7 | K91: Quali_WISC5 – Paper | L91: Q_WISC5_P | M91: Inactive

Sheet aurora_data
A1: =setup!C16 -> 3766 | BA1: =A1 -> 3766
A2: =_xlfn.CONCAT(setup!D16, " - ",setup!E16) -> WISC-6 Standardization - Paper - WISC6_STDZ_P | BA2: =A2 -> WISC-6 Standardization - Paper - WISC6_STDZ_P
A3: ageband | B3: gradeband | C3: report | D3: AS1 | E3: AS2 | F3: AS3 | G3: AS4 | H3: AS5 | I3: BL1 | J3: BL2 | K3: BL3 | L3: BL4 | M3: BL5 | N3: HI1 | O3: HI2 | P3: HI3 | Q3: HI4 | R3: HI5 | S3: OT1 | T3: OT2 | U3: OT3 | V3: OT4 | W3: OT5 | X3: WH1 | Y3: WH2 | Z3: WH3 | AA3: WH4 | AB3: WH5 | AC3: MW | AD3: NE | AE3: SO | AF3: WE | AG3: F | AH3: M | AI3: OTHER | AJ3: Total | AK3: LastRefreshed | BA3: ageband | BB3: gradeband | BC3: report | BD3: 1 | BE3: 2 | BF3: 3 | BG3: 4 | BH3: 5 | BI3: AS | BJ3: BL | BK3: HI | BL3: OT | BM3: WH | BN3: MW | BO3: NE | BP3: SO | BQ3: WE | BR3: F | BS3: M | BT3: OTHER | BU3: Total | BV3: LastRefreshed
A4: 06.00.00-06.11.30 | C4: Target N | D4: 0.41 | E4: 0.42 | F4: 0.98 | G4: 1.8 | H4: 6.7 | I4: 0.39 | J4: 1.48 | K4: 7.01 | L4: 9.06 | M4: 6.58 | N4: 2.9 | O4: 5.43 | P4: 13.3 | Q4: 15.73 | R4: 11 | S4: 0.42 | T4: 0.82 | U4: 3.66 | V4: 6.65 | W4: 8.63 | X4: 1.12 | Y4: 1.76 | Z4: 14.7 | AA4: 31.08 | AB4: 47.97 | AC4: 44.3 | AD4: 30.53 | AE4: 80 | AF4: 45.17 | AG4: 100 | AH4: 100 | AI4: 0 | AJ4: 200 | AK4: 09/17/2026 @ 7:18 AM | BA4: 06.00.00-06.11.30 | BC4: Target N | BD4: 5.24 | BE4: 9.9 | BF4: 39.65 | BG4: 64.32 | BH4: 80.88 | BI4: 10.31 | BJ4: 24.51 | BK4: 48.37 | BL4: 20.18 | BM4: 96.64 | BN4: 44.3 | BO4: 30.53 | BP4: 80 | BQ4: 45.17 | BR4: 100 | BS4: 100 | BT4: 0 | BU4: 200 | BV4: 09/17/2026 @ 7:18 AM
A5: 06.00.00-06.11.30 | C5: Stratified Usable N | D5: 0 | E5: 0 | F5: 0 | G5: 2 | H5: 7 | I5: 0 | J5: 1 | K5: 7 | L5: 9 | M5: 7 | N5: 3 | O5: 4 | P5: 13 | Q5: 16 | R5: 10 | S5: 1 | T5: 1 | U5: 3 | V5: 7 | W5: 8 | X5: 0 | Y5: 0 | Z5: 13 | AA5: 31 | AB5: 48 | AC5: 49 | AD5: 33 | AE5: 75 | AF5: 34 | AG5: 98 | AH5: 93 | AI5: 0 | AJ5: 191 | AK5: 09/17/2026 @ 7:18 AM | BA5: 06.00.00-06.11.30 | BC5: Stratified Usable N | BD5: 4 | BE5: 6 | BF5: 36 | BG5: 65 | BH5: 80 | BI5: 9 | BJ5: 24 | BK5: 46 | BL5: 20 | BM5: 92 | BN5: 49 | BO5: 33 | BP5: 75 | BQ5: 34 | BR5: 98 | BS5: 93 | BT5: 0 | BU5: 191 | BV5: 09/17/2026 @ 7:18 AM
A6: 06.00.00-06.11.30 | C6: Stratified Out Usable N | D6: 0 | E6: 0 | F6: 0 | G6: 0 | H6: 0 | I6: 0 | J6: 0 | K6: 0 | L6: 4 | M6: 0 | N6: 2 | O6: 0 | P6: 1 | Q6: 0 | R6: 0 | S6: 0 | T6: 0 | U6: 0 | V6: 3 | W6: 0 | X6: 0 | Y6: 0 | Z6: 0 | AA6: 0 | AB6: 15 | AC6: 15 | AD6: 6 | AE6: 3 | AF6: 1 | AG6: 10 | AH6: 15 | AI6: 0 | AJ6: 25 | AK6: 09/17/2026 @ 7:18 AM | BA6: 06.00.00-06.11.30 | BC6: Stratified Out Usable N | BD6: 2 | BE6: 0 | BF6: 1 | BG6: 7 | BH6: 15 | BI6: 0 | BJ6: 4 | BK6: 3 | BL6: 3 | BM6: 15 | BN6: 15 | BO6: 6 | BP6: 3 | BQ6: 1 | BR6: 10 | BS6: 15 | BT6: 0 | BU6: 25 | BV6: 09/17/2026 @ 7:18 AM
A7: 06.00.00-06.11.30 | C7: In Process N | D7: 0 | E7: 0 | F7: 0 | G7: 0 | H7: 0 | I7: 0 | J7: 0 | K7: 0 | L7: 0 | M7: 0 | N7: 0 | O7: 0 | P7: 0 | Q7: 0 | R7: 0 | S7: 0 | T7: 0 | U7: 0 | V7: 0 | W7: 0 | X7: 0 | Y7: 0 | Z7: 0 | AA7: 0 | AB7: 0 | AC7: 0 | AD7: 0 | AE7: 0 | AF7: 0 | AG7: 0 | AH7: 0 | AI7: 0 | AJ7: 0 | AK7: 09/17/2026 @ 7:18 AM | BA7: 06.00.00-06.11.30 | BC7: In Process N | BD7: 0 | BE7: 0 | BF7: 0 | BG7: 0 | BH7: 0 | BI7: 0 | BJ7: 0 | BK7: 0 | BL7: 0 | BM7: 0 | BN7: 0 | BO7: 0 | BP7: 0 | BQ7: 0 | BR7: 0 | BS7: 0 | BT7: 0 | BU7: 0 | BV7: 09/17/2026 @ 7:18 AM
A8: 06.00.00-06.11.30 | C8: Assigned Not Recd N | D8: 0 | E8: 0 | F8: 1 | G8: 0 | H8: 0 | I8: 2 | J8: 0 | K8: 0 | L8: 0 | M8: 0 | N8: 1 | O8: 0 | P8: 0 | Q8: 0 | R8: 1 | S8: 0 | T8: 0 | U8: 0 | V8: 0 | W8: 0 | X8: 1 | Y8: 3 | Z8: 0 | AA8: 0 | AB8: 1 | AC8: 3 | AD8: 1 | AE8: 3 | AF8: 3 | AG8: 5 | AH8: 5 | AI8: 0 | AJ8: 10 | AK8: 09/17/2026 @ 7:18 AM | BA8: 06.00.00-06.11.30 | BC8: Assigned Not Recd N | BD8: 4 | BE8: 3 | BF8: 1 | BG8: 0 | BH8: 2 | BI8: 1 | BJ8: 2 | BK8: 2 | BL8: 0 | BM8: 5 | BN8: 3 | BO8: 1 | BP8: 3 | BQ8: 3 | BR8: 5 | BS8: 5 | BT8: 0 | BU8: 10 | BV8: 09/17/2026 @ 7:18 AM
A9: 06.00.00-06.11.30 | C9: Reserved Not Recd N | D9: 0 | E9: 0 | F9: 0 | G9: 0 | H9: 0 | I9: 0 | J9: 0 | K9: 0 | L9: 0 | M9: 0 | N9: 0 | O9: 0 | P9: 0 | Q9: 0 | R9: 1 | S9: 0 | T9: 0 | U9: 1 | V9: 0 | W9: 1 | X9: 0 | Y9: 0 | Z9: 0 | AA9: 0 | AB9: 0 | AC9: 1 | AD9: 0 | AE9: 1 | AF9: 1 | AG9: 0 | AH9: 3 | AI9: 0 | AJ9: 3 | AK9: 09/17/2026 @ 7:18 AM | BA9: 06.00.00-06.11.30 | BC9: Reserved Not Recd N | BD9: 0 | BE9: 0 | BF9: 1 | BG9: 0 | BH9: 2 | BI9: 0 | BJ9: 0 | BK9: 1 | BL9: 2 | BM9: 0 | BN9: 1 | BO9: 0 | BP9: 1 | BQ9: 1 | BR9: 0 | BS9: 3 | BT9: 0 | BU9: 3 | BV9: 09/17/2026 @ 7:18 AM
A10: 06.00.00-06.11.30 | C10: Total Assignments | D10: 0 | E10: 0 | F10: 1 | G10: 2 | H10: 7 | I10: 2 | J10: 1 | K10: 7 | L10: 13 | M10: 7 | N10: 6 | O10: 4 | P10: 14 | Q10: 16 | R10: 12 | S10: 1 | T10: 1 | U10: 4 | V10: 10 | W10: 9 | X10: 1 | Y10: 3 | Z10: 13 | AA10: 31 | AB10: 64 | AC10: 68 | AD10: 40 | AE10: 82 | AF10: 39 | AG10: 113 | AH10: 116 | AI10: 0 | AJ10: 229 | AK10: 09/17/2026 @ 7:18 AM | BA10: 06.00.00-06.11.30 | BC10: Total Assignments | BD10: 10 | BE10: 9 | BF10: 39 | BG10: 72 | BH10: 99 | BI10: 10 | BJ10: 30 | BK10: 52 | BL10: 25 | BM10: 112 | BN10: 68 | BO10: 40 | BP10: 82 | BQ10: 39 | BR10: 113 | BS10: 116 | BT10: 0 | BU10: 229 | BV10: 09/17/2026 @ 7:18 AM
A11: 06.00.00-06.11.30 | C11: Selected N | D11: 0 | E11: 0 | F11: 0 | G11: 0 | H11: 0 | I11: 0 | J11: 0 | K11: 0 | L11: 0 | M11: 0 | N11: 0 | O11: 0 | P11: 1 | Q11: 2 | R11: 1 | S11: 0 | T11: 0 | U11: 0 | V11: 0 | W11: 1 | X11: 0 | Y11: 0 | Z11: 3 | AA11: 1 | AB11: 2 | AC11: 4 | AD11: 1 | AE11: 5 | AF11: 1 | AG11: 6 | AH11: 5 | AI11: 0 | AJ11: 11 | AK11: 09/17/2026 @ 7:18 AM | BA11: 06.00.00-06.11.30 | BC11: Selected N | BD11: 0 | BE11: 0 | BF11: 4 | BG11: 3 | BH11: 4 | BI11: 0 | BJ11: 0 | BK11: 4 | BL11: 1 | BM11: 6 | BN11: 4 | BO11: 1 | BP11: 5 | BQ11: 1 | BR11: 6 | BS11: 5 | BT11: 0 | BU11: 11 | BV11: 09/17/2026 @ 7:18 AM
A12: 07.00.00-07.11.30 | C12: Target N | D12: 0.28 | E12: 0.32 | F12: 0.94 | G12: 1.53 | H12: 6.48 | I12: 0.47 | J12: 1.61 | K12: 7.13 | L12: 9.03 | M12: 6.62 | N12: 3.25 | O12: 5.82 | P12: 13.94 | Q12: 15.76 | R12: 10.37 | S12: 0.4 | T12: 0.74 | U12: 3.2 | V12: 6.91 | W12: 8.07 | X12: 1.02 | Y12: 2.08 | Z12: 13.98 | AA12: 31.83 | AB12: 48.22 | AC12: 41.68 | AD12: 30.61 | AE12: 81 | AF12: 46.71 | AG12: 100 | AH12: 100 | AI12: 0 | AJ12: 200 | AK12: 09/17/2026 @ 7:18 AM | BA12: 07.00.00-07.11.30 | BC12: Target N | BD12: 5.42 | BE12: 10.57 | BF12: 39.18 | BG12: 65.06 | BH12: 79.76 | BI12: 9.56 | BJ12: 24.86 | BK12: 49.13 | BL12: 19.33 | BM12: 97.11 | BN12: 41.68 | BO12: 30.61 | BP12: 81 | BQ12: 46.71 | BR12: 100 | BS12: 100 | BT12: 0 | BU12: 200 | BV12: 09/17/2026 @ 7:18 AM
A13: 07.00.00-07.11.30 | C13: Stratified Usable N | D13: 0 | E13: 0 | F13: 2 | G13: 2 | H13: 6 | I13: 0 | J13: 2 | K13: 7 | L13: 9 | M13: 7 | N13: 3 | O13: 6 | P13: 12 | Q13: 16 | R13: 10 | S13: 1 | T13: 1 | U13: 3 | V13: 7 | W13: 8 | X13: 1 | Y13: 0 | Z13: 14 | AA13: 32 | AB13: 48 | AC13: 45 | AD13: 27 | AE13: 88 | AF13: 37 | AG13: 100 | AH13: 97 | AI13: 0 | AJ13: 197 | AK13: 09/17/2026 @ 7:18 AM | BA13: 07.00.00-07.11.30 | BC13: Stratified Usable N | BD13: 5 | BE13: 9 | BF13: 38 | BG13: 66 | BH13: 79 | BI13: 10 | BJ13: 25 | BK13: 47 | BL13: 20 | BM13: 95 | BN13: 45 | BO13: 27 | BP13: 88 | BQ13: 37 | BR13: 100 | BS13: 97 | BT13: 0 | BU13: 197 | BV13: 09/17/2026 @ 7:18 AM
A14: 07.00.00-07.11.30 | C14: Stratified Out Usable N | D14: 0 | E14: 0 | F14: 0 | G14: 0 | H14: 0 | I14: 2 | J14: 0 | K14: 2 | L14: 1 | M14: 0 | N14: 0 | O14: 0 | P14: 0 | Q14: 6 | R14: 1 | S14: 0 | T14: 0 | U14: 4 | V14: 0 | W14: 5 | X14: 0 | Y14: 0 | Z14: 0 | AA14: 1 | AB14: 8 | AC14: 26 | AD14: 1 | AE14: 3 | AF14: 0 | AG14: 25 | AH14: 5 | AI14: 0 | AJ14: 30 | AK14: 09/17/2026 @ 7:18 AM | BA14: 07.00.00-07.11.30 | BC14: Stratified Out Usable N | BD14: 2 | BE14: 0 | BF14: 6 | BG14: 8 | BH14: 14 | BI14: 0 | BJ14: 5 | BK14: 7 | BL14: 9 | BM14: 9 | BN14: 26 | BO14: 1 | BP14: 3 | BQ14: 0 | BR14: 25 | BS14: 5 | BT14: 0 | BU14: 30 | BV14: 09/17/2026 @ 7:18 AM
A15: 07.00.00-07.11.30 | C15: In Process N | D15: 0 | E15: 0 | F15: 0 | G15: 0 | H15: 0 | I15: 0 | J15: 0 | K15: 0 | L15: 0 | M15: 0 | N15: 0 | O15: 0 | P15: 0 | Q15: 0 | R15: 0 | S15: 0 | T15: 0 | U15: 0 | V15: 0 | W15: 0 | X15: 0 | Y15: 0 | Z15: 0 | AA15: 0 | AB15: 0 | AC15: 0 | AD15: 0 | AE15: 0 | AF15: 0 | AG15: 0 | AH15: 0 | AI15: 0 | AJ15: 0 | AK15: 09/17/2026 @ 7:18 AM | BA15: 07.00.00-07.11.30 | BC15: In Process N | BD15: 0 | BE15: 0 | BF15: 0 | BG15: 0 | BH15: 0 | BI15: 0 | BJ15: 0 | BK15: 0 | BL15: 0 | BM15: 0 | BN15: 0 | BO15: 0 | BP15: 0 | BQ15: 0 | BR15: 0 | BS15: 0 | BT15: 0 | BU15: 0 | BV15: 09/17/2026 @ 7:18 AM
... A99: Total | C99: Selected N | D99: 0 | E99: 0 | F99: 0 | G99: 0 | H99: 4 | I99: 0 | J99: 0 | K99: 1 | L99: 3 | M99: 3 | N99: 1 | O99: 2 | P99: 8 | Q99: 7 | R99: 1 | S99: 0 | T99: 2 | U99: 3 | V99: 1 | W99: 4 | X99: 1 | Y99: 1 | Z99: 7 | AA99: 13 | AB99: 17 | AC99: 13 | AD99: 21 | AE99: 37 | AF99: 8 | AG99: 36 | AH99: 43 | AI99: 0 | AJ99: 79 | AK99: 09/17/2026 @ 7:18 AM | BA99: Total | BC99: Selected N | BD99: 2 | BE99: 5 | BF99: 19 | BG99: 24 | BH99: 29 | BI99: 4 | BJ99: 7 | BK99: 19 | BL99: 10 | BM99: 39 | BN99: 13 | BO99: 21 | BP99: 37 | BQ99: 8 | BR99: 36 | BS99: 43 | BT99: 0 | BU99: 79 | BV99: 09/17/2026 @ 7:18 AM
A129: =setup!C17 -> 3767 | BA129: =A129 -> 3767
A130: =_xlfn.CONCAT(setup!D17, " - ",setup!E17) -> WISC-6 Standardization - Digital - WISC6_STDZ_D | BA130: =A130 -> WISC-6 Standardization - Digital - WISC6_STDZ_D
A131: ageband | B131: gradeband | C131: report | D131: AS1 | E131: AS2 | F131: AS3 | G131: AS4 | H131: AS5 | I131: BL1 | J131: BL2 | K131: BL3 | L131: BL4 | M131: BL5 | N131: HI1 | O131: HI2 | P131: HI3 | Q131: HI4 | R131: HI5 | S131: OT1 | T131: OT2 | U131: OT3 | V131: OT4 | W131: OT5 | X131: WH1 | Y131: WH2 | Z131: WH3 | AA131: WH4 | AB131: WH5 | AC131: MW | AD131: NE | AE131: SO | AF131: WE | AG131: F | AH131: M | AI131: OTHER | AJ131: Total | AK131: LastRefreshed | BA131: ageband | BB131: gradeband | BC131: report | BD131: 1 | BE131: 2 | BF131: 3 | BG131: 4 | BH131: 5 | BI131: AS | BJ131: BL | BK131: HI | BL131: OT | BM131: WH | BN131: MW | BO131: NE | BP131: SO | BQ131: WE | BR131: F | BS131: M | BT131: OTHER | BU131: Total | BV131: LastRefreshed
A132: 06.00.00-06.11.30 | C132: Target N | D132: 0.1 | E132: 0.1 | F132: 0.25 | G132: 0.45 | H132: 1.68 | I132: 0.1 | J132: 0.37 | K132: 1.75 | L132: 2.26 | M132: 1.64 | N132: 0.73 | O132: 1.36 | P132: 3.33 | Q132: 3.93 | R132: 2.75 | S132: 0.1 | T132: 0.2 | U132: 0.92 | V132: 1.66 | W132: 2.16 | X132: 0.28 | Y132: 0.44 | Z132: 3.68 | AA132: 7.77 | AB132: 11.99 | AC132: 11.08 | AD132: 7.63 | AE132: 20 | AF132: 11.29 | AG132: 25 | AH132: 25 | AI132: 0 | AJ132: 50 | AK132: 09/17/2026 @ 7:18 AM | BA132: 06.00.00-06.11.30 | BC132: Target N | BD132: 1.31 | BE132: 2.48 | BF132: 9.91 | BG132: 16.08 | BH132: 20.22 | BI132: 2.58 | BJ132: 6.13 | BK132: 12.09 | BL132: 5.04 | BM132: 24.16 | BN132: 11.08 | BO132: 7.63 | BP132: 20 | BQ132: 11.29 | BR132: 25 | BS132: 25 | BT132: 0 | BU132: 50 | BV132: 09/17/2026 @ 7:17 AM
A133: 06.00.00-06.11.30 | C133: Stratified Usable N | D133: 0 | E133: 0 | F133: 0 | G133: 0 | H133: 0 | I133: 0 | J133: 1 | K133: 1 | L133: 0 | M133: 2 | N133: 0 | O133: 0 | P133: 3 | Q133: 3 | R133: 2 | S133: 0 | T133: 0 | U133: 1 | V133: 1 | W133: 2 | X133: 0 | Y133: 0 | Z133: 4 | AA133: 9 | AB133: 12 | AC133: 10 | AD133: 7 | AE133: 14 | AF133: 10 | AG133: 20 | AH133: 21 | AI133: 0 | AJ133: 41 | AK133: 09/17/2026 @ 7:18 AM | BA133: 06.00.00-06.11.30 | BC133: Stratified Usable N | BD133: 0 | BE133: 1 | BF133: 9 | BG133: 13 | BH133: 18 | BI133: 0 | BJ133: 4 | BK133: 8 | BL133: 4 | BM133: 25 | BN133: 10 | BO133: 7 | BP133: 14 | BQ133: 10 | BR133: 20 | BS133: 21 | BT133: 0 | BU133: 41 | BV133: 09/17/2026 @ 7:17 AM
A134: 06.00.00-06.11.30 | C134: Stratified Out Usable N | D134: 0 | E134: 0 | F134: 0 | G134: 0 | H134: 0 | I134: 0 | J134: 0 | K134: 0 | L134: 0 | M134: 3 | N134: 0 | O134: 0 | P134: 0 | Q134: 0 | R134: 0 | S134: 0 | T134: 0 | U134: 0 | V134: 0 | W134: 1 | X134: 0 | Y134: 0 | Z134: 0 | AA134: 0 | AB134: 0 | AC134: 2 | AD134: 0 | AE134: 2 | AF134: 0 | AG134: 3 | AH134: 1 | AI134: 0 | AJ134: 4 | AK134: 09/17/2026 @ 7:18 AM | BA134: 06.00.00-06.11.30 | BC134: Stratified Out Usable N | BD134: 0 | BE134: 0 | BF134: 0 | BG134: 0 | BH134: 4 | BI134: 0 | BJ134: 3 | BK134: 0 | BL134: 1 | BM134: 0 | BN134: 2 | BO134: 0 | BP134: 2 | BQ134: 0 | BR134: 3 | BS134: 1 | BT134: 0 | BU134: 4 | BV134: 09/17/2026 @ 7:17 AM
A135: 06.00.00-06.11.30 | C135: In Process N | D135: 0 | E135: 0 | F135: 0 | G135: 0 | H135: 0 | I135: 0 | J135: 0 | K135: 1 | L135: 0 | M135: 0 | N135: 0 | O135: 0 | P135: 0 | Q135: 0 | R135: 0 | S135: 0 | T135: 0 | U135: 0 | V135: 0 | W135: 0 | X135: 0 | Y135: 0 | Z135: 0 | AA135: 0 | AB135: 0 | AC135: 1 | AD135: 0 | AE135: 0 | AF135: 0 | AG135: 1 | AH135: 0 | AI135: 0 | AJ135: 1 | AK135: 09/17/2026 @ 7:18 AM | BA135: 06.00.00-06.11.30 | BC135: In Process N | BD135: 0 | BE135: 0 | BF135: 1 | BG135: 0 | BH135: 0 | BI135: 0 | BJ135: 1 | BK135: 0 | BL135: 0 | BM135: 0 | BN135: 1 | BO135: 0 | BP135: 0 | BQ135: 0 | BR135: 1 | BS135: 0 | BT135: 0 | BU135: 1 | BV135: 09/17/2026 @ 7:17 AM
A136: 06.00.00-06.11.30 | C136: Assigned Not Recd N | D136: 0 | E136: 0 | F136: 0 | G136: 0 | H136: 1 | I136: 0 | J136: 0 | K136: 0 | L136: 2 | M136: 0 | N136: 0 | O136: 1 | P136: 0 | Q136: 1 | R136: 1 | S136: 0 | T136: 0 | U136: 0 | V136: 1 | W136: 0 | X136: 0 | Y136: 0 | Z136: 0 | AA136: 0 | AB136: 1 | AC136: 0 | AD136: 3 | AE136: 5 | AF136: 0 | AG136: 1 | AH136: 7 | AI136: 0 | AJ136: 8 | AK136: 09/17/2026 @ 7:18 AM | BA136: 06.00.00-06.11.30 | BC136: Assigned Not Recd N | BD136: 0 | BE136: 1 | BF136: 0 | BG136: 4 | BH136: 3 | BI136: 1 | BJ136: 2 | BK136: 3 | BL136: 1 | BM136: 1 | BN136: 0 | BO136: 3 | BP136: 5 | BQ136: 0 | BR136: 1 | BS136: 7 | BT136: 0 | BU136: 8 | BV136: 09/17/2026 @ 7:17 AM
A137: 06.00.00-06.11.30 | C137: Reserved Not Recd N | D137: 0 | E137: 0 | F137: 0 | G137: 0 | H137: 0 | I137: 0 | J137: 0 | K137: 0 | L137: 0 | M137: 0 | N137: 0 | O137: 0 | P137: 0 | Q137: 0 | R137: 0 | S137: 0 | T137: 0 | U137: 0 | V137: 0 | W137: 0 | X137: 0 | Y137: 0 | Z137: 0 | AA137: 0 | AB137: 0 | AC137: 0 | AD137: 0 | AE137: 0 | AF137: 0 | AG137: 0 | AH137: 0 | AI137: 0 | AJ137: 0 | AK137: 09/17/2026 @ 7:18 AM | BA137: 06.00.00-06.11.30 | BC137: Reserved Not Recd N | BD137: 0 | BE137: 0 | BF137: 0 | BG137: 0 | BH137: 0 | BI137: 0 | BJ137: 0 | BK137: 0 | BL137: 0 | BM137: 0 | BN137: 0 | BO137: 0 | BP137: 0 | BQ137: 0 | BR137: 0 | BS137: 0 | BT137: 0 | BU137: 0 | BV137: 09/17/2026 @ 7:17 AM
A138: 06.00.00-06.11.30 | C138: Total Assignments | D138: 0 | E138: 0 | F138: 0 | G138: 0 | H138: 1 | I138: 0 | J138: 1 | K138: 2 | L138: 2 | M138: 5 | N138: 0 | O138: 1 | P138: 3 | Q138: 4 | R138: 3 | S138: 0 | T138: 0 | U138: 1 | V138: 2 | W138: 3 | X138: 0 | Y138: 0 | Z138: 4 | AA138: 9 | AB138: 13 | AC138: 13 | AD138: 10 | AE138: 21 | AF138: 10 | AG138: 25 | AH138: 29 | AI138: 0 | AJ138: 54 | AK138: 09/17/2026 @ 7:18 AM | BA138: 06.00.00-06.11.30 | BC138: Total Assignments | BD138: 0 | BE138: 2 | BF138: 10 | BG138: 17 | BH138: 25 | BI138: 1 | BJ138: 10 | BK138: 11 | BL138: 6 | BM138: 26 | BN138: 13 | BO138: 10 | BP138: 21 | BQ138: 10 | BR138: 25 | BS138: 29 | BT138: 0 | BU138: 54 | BV138: 09/17/2026 @ 7:17 AM
A139: 06.00.00-06.11.30 | C139: Selected N | D139: 0 | E139: 0 | F139: 0 | G139: 0 | H139: 0 | I139: 0 | J139: 0 | K139: 0 | L139: 0 | M139: 0 | N139: 0 | O139: 0 | P139: 0 | Q139: 0 | R139: 0 | S139: 0 | T139: 0 | U139: 0 | V139: 0 | W139: 0 | X139: 0 | Y139: 0 | Z139: 0 | AA139: 0 | AB139: 0 | AC139: 0 | AD139: 0 | AE139: 0 | AF139: 0 | AG139: 0 | AH139: 0 | AI139: 0 | AJ139: 0 | AK139: 09/17/2026 @ 7:18 AM | BA139: 06.00.00-06.11.30 | BC139: Selected N | BD139: 0 | BE139: 0 | BF139: 0 | BG139: 0 | BH139: 0 | BI139: 0 | BJ139: 0 | BK139: 0 | BL139: 0 | BM139: 0 | BN139: 0 | BO139: 0 | BP139: 0 | BQ139: 0 | BR139: 0 | BS139: 0 | BT139: 0 | BU139: 0 | BV139: 09/17/2026 @ 7:17 AM
A140: 07.00.00-07.11.30 | C140: Target N | D140: 0.07 | E140: 0.08 | F140: 0.24 | G140: 0.38 | H140: 1.62 | I140: 0.12 | J140: 0.4 | K140: 1.78 | L140: 2.26 | M140: 1.66 | N140: 0.81 | O140: 1.46 | P140: 3.48 | Q140: 3.94 | R140: 2.59 | S140: 0.1 | T140: 0.19 | U140: 0.8 | V140: 1.73 | W140: 2.02 | X140: 0.25 | Y140: 0.52 | Z140: 3.49 | AA140: 7.96 | AB140: 12.05 | AC140: 10.42 | AD140: 7.65 | AE140: 20.25 | AF140: 11.68 | AG140: 25 | AH140: 25 | AI140: 0 | AJ140: 50 | AK140: 09/17/2026 @ 7:18 AM | BA140: 07.00.00-07.11.30 | BC140: Target N | BD140: 1.36 | BE140: 2.64 | BF140: 9.8 | BG140: 16.27 | BH140: 19.94 | BI140: 2.39 | BJ140: 6.22 | BK140: 12.28 | BL140: 4.83 | BM140: 24.28 | BN140: 10.42 | BO140: 7.65 | BP140: 20.25 | BQ140: 11.68 | BR140: 25 | BS140: 25 | BT140: 0 | BU140: 50 | BV140: 09/17/2026 @ 7:17 AM
A141: 07.00.00-07.11.30 | C141: Stratified Usable N | D141: 0 | E141: 0 | F141: 0 | G141: 0 | H141: 0 | I141: 0 | J141: 0 | K141: 2 | L141: 1 | M141: 2 | N141: 0 | O141: 0 | P141: 1 | Q141: 4 | R141: 2 | S141: 0 | T141: 0 | U141: 0 | V141: 1 | W141: 2 | X141: 1 | Y141: 0 | Z141: 0 | AA141: 6 | AB141: 12 | AC141: 11 | AD141: 8 | AE141: 9 | AF141: 6 | AG141: 18 | AH141: 16 | AI141: 0 | AJ141: 34 | AK141: 09/17/2026 @ 7:18 AM | BA141: 07.00.00-07.11.30 | BC141: Stratified Usable N | BD141: 1 | BE141: 0 | BF141: 3 | BG141: 12 | BH141: 18 | BI141: 0 | BJ141: 5 | BK141: 7 | BL141: 3 | BM141: 19 | BN141: 11 | BO141: 8 | BP141: 9 | BQ141: 6 | BR141: 18 | BS141: 16 | BT141: 0 | BU141: 34 | BV141: 09/17/2026 @ 7:17 AM
A142: 07.00.00-07.11.30 | C142: Stratified Out Usable N | D142: 0 | E142: 0 | F142: 0 | G142: 0 | H142: 0 | I142: 0 | J142: 0 | K142: 0 | L142: 0 | M142: 1 | N142: 0 | O142: 0 | P142: 0 | Q142: 0 | R142: 0 | S142: 0 | T142: 0 | U142: 0 | V142: 0 | W142: 0 | X142: 0 | Y142: 0 | Z142: 0 | AA142: 0 | AB142: 2 | AC142: 3 | AD142: 0 | AE142: 0 | AF142: 0 | AG142: 3 | AH142: 0 | AI142: 0 | AJ142: 3 | AK142: 09/17/2026 @ 7:18 AM | BA142: 07.00.00-07.11.30 | BC142: Stratified Out Usable N | BD142: 0 | BE142: 0 | BF142: 0 | BG142: 0 | BH142: 3 | BI142: 0 | BJ142: 1 | BK142: 0 | BL142: 0 | BM142: 2 | BN142: 3 | BO142: 0 | BP142: 0 | BQ142: 0 | BR142: 3 | BS142: 0 | BT142: 0 | BU142: 3 | BV142: 09/17/2026 @ 7:17 AM
A143: 07.00.00-07.11.30 | C143: In Process N | D143: 0 | E143: 0 | F143: 0 | G143: 0 | H143: 0 | I143: 0 | J143: 0 | K143: 0 | L143: 0 | M143: 0 | N143: 0 | O143: 0 | P143: 0 | Q143: 0 | R143: 0 | S143: 0 | T143: 0 | U143: 0 | V143: 0 | W143: 0 | X143: 0 | Y143: 0 | Z143: 0 | AA143: 0 | AB143: 0 | AC143: 0 | AD143: 0 | AE143: 0 | AF143: 0 | AG143: 0 | AH143: 0 | AI143: 0 | AJ143: 0 | AK143: 09/17/2026 @ 7:18 AM | BA143: 07.00.00-07.11.30 | BC143: In Process N | BD143: 0 | BE143: 0 | BF143: 0 | BG143: 0 | BH143: 0 | BI143: 0 | BJ143: 0 | BK143: 0 | BL143: 0 | BM143: 0 | BN143: 0 | BO143: 0 | BP143: 0 | BQ143: 0 | BR143: 0 | BS143: 0 | BT143: 0 | BU143: 0 | BV143: 09/17/2026 @ 7:17 AM
... A227: Total | C227: Selected N | D227: 0 | E227: 0 | F227: 0 | G227: 0 | H227: 0 | I227: 0 | J227: 0 | K227: 2 | L227: 0 | M227: 1 | N227: 0 | O227: 0 | P227: 0 | Q227: 0 | R227: 0 | S227: 0 | T227: 0 | U227: 0 | V227: 0 | W227: 0 | X227: 0 | Y227: 0 | Z227: 0 | AA227: 0 | AB227: 0 | AC227: 1 | AD227: 0 | AE227: 2 | AF227: 0 | AG227: 0 | AH227: 3 | AI227: 0 | AJ227: 3 | AK227: 09/17/2026 @ 7:18 AM | BA227: Total | BC227: Selected N | BD227: 0 | BE227: 0 | BF227: 2 | BG227: 0 | BH227: 1 | BI227: 0 | BJ227: 3 | BK227: 0 | BL227: 0 | BM227: 0 | BN227: 1 | BO227: 0 | BP227: 2 | BQ227: 0 | BR227: 0 | BS227: 3 | BT227: 0 | BU227: 3 | BV227: 09/17/2026 @ 7:17 AM
A329: =setup!C18 -> 3768 | BA329: =A329 -> 3768
A330: =_xlfn.CONCAT(setup!D18," - ",setup!E18) -> Retest WISC-6 Standardization - Paper - R_WISC6_STDZ_P | BA330: =A330 -> Retest WISC-6 Standardization - Paper - R_WISC6_STDZ_P
A331: ageband | B331: gradeband | C331: report | D331: 1 | E331: 2 | F331: 3 | G331: 4 | H331: 5 | I331: AS | J331: BL | K331: HI | L331: OT | M331: WH | N331: MW | O331: NE | P331: SO | Q331: WE | R331: F | S331: M | T331: OTHER | U331: Total | V331: LastRefreshed | BA331: ageband | BB331: gradeband | BC331: report | BD331: 1 | BE331: 2 | BF331: 3 | BG331: 4 | BH331: 5 | BI331: AS | BJ331: BL | BK331: HI | BL331: OT | BM331: WH | BN331: MW | BO331: NE | BP331: SO | BQ331: WE | BR331: F | BS331: M | BT331: OTHER | BU331: Total | BV331: LastRefreshed
A332: 06.00.00-06.11.30 | C332: Target N | D332: 0.52 | E332: 0.99 | F332: 3.97 | G332: 6.43 | H332: 8.09 | I332: 1 | J332: 1 | K332: 1 | L332: 1 | M332: 1 | N332: 1 | O332: 1 | P332: 1 | Q332: 1 | R332: 1 | S332: 1 | T332: 0 | U332: 20 | V332: 09/17/2026 @ 7:19 AM | BA332: 06.00.00-06.11.30 | BC332: Target N | BD332: 0.52 | BE332: 0.99 | BF332: 3.97 | BG332: 6.43 | BH332: 8.09 | BI332: 1 | BJ332: 1 | BK332: 1 | BL332: 1 | BM332: 1 | BN332: 1 | BO332: 1 | BP332: 1 | BQ332: 1 | BR332: 1 | BS332: 1 | BT332: 0 | BU332: 20 | BV332: 09/17/2026 @ 7:17 AM
A333: 06.00.00-06.11.30 | C333: Stratified Usable N | D333: 0 | E333: 1 | F333: 4 | G333: 6 | H333: 8 | I333: 2 | J333: 2 | K333: 2 | L333: 2 | M333: 11 | N333: 5 | O333: 4 | P333: 8 | Q333: 2 | R333: 10 | S333: 9 | T333: 0 | U333: 19 | V333: 09/17/2026 @ 7:19 AM | BA333: 06.00.00-06.11.30 | BC333: Stratified Usable N | BD333: 0 | BE333: 1 | BF333: 4 | BG333: 6 | BH333: 8 | BI333: 2 | BJ333: 2 | BK333: 2 | BL333: 2 | BM333: 11 | BN333: 5 | BO333: 4 | BP333: 8 | BQ333: 2 | BR333: 10 | BS333: 9 | BT333: 0 | BU333: 19 | BV333: 09/17/2026 @ 7:17 AM
A334: 06.00.00-06.11.30 | C334: Stratified Out Usable N | D334: 0 | E334: 0 | F334: 0 | G334: 0 | H334: 0 | I334: 0 | J334: 0 | K334: 0 | L334: 0 | M334: 0 | N334: 0 | O334: 0 | P334: 0 | Q334: 0 | R334: 0 | S334: 0 | T334: 0 | U334: 0 | V334: 09/17/2026 @ 7:19 AM | BA334: 06.00.00-06.11.30 | BC334: Stratified Out Usable N | BD334: 0 | BE334: 0 | BF334: 0 | BG334: 0 | BH334: 0 | BI334: 0 | BJ334: 0 | BK334: 0 | BL334: 0 | BM334: 0 | BN334: 0 | BO334: 0 | BP334: 0 | BQ334: 0 | BR334: 0 | BS334: 0 | BT334: 0 | BU334: 0 | BV334: 09/17/2026 @ 7:17 AM
A335: 06.00.00-06.11.30 | C335: In Process N | D335: 0 | E335: 0 | F335: 0 | G335: 0 | H335: 0 | I335: 0 | J335: 0 | K335: 0 | L335: 0 | M335: 0 | N335: 0 | O335: 0 | P335: 0 | Q335: 0 | R335: 0 | S335: 0 | T335: 0 | U335: 0 | V335: 09/17/2026 @ 7:19 AM | BA335: 06.00.00-06.11.30 | BC335: In Process N | BD335: 0 | BE335: 0 | BF335: 0 | BG335: 0 | BH335: 0 | BI335: 0 | BJ335: 0 | BK335: 0 | BL335: 0 | BM335: 0 | BN335: 0 | BO335: 0 | BP335: 0 | BQ335: 0 | BR335: 0 | BS335: 0 | BT335: 0 | BU335: 0 | BV335: 09/17/2026 @ 7:17 AM
A336: 06.00.00-06.11.30 | C336: Assigned Partial Recd N | D336: 0 | E336: 0 | F336: 0 | G336: 0 | H336: 0 | I336: 0 | J336: 0 | K336: 0 | L336: 0 | M336: 0 | N336: 0 | O336: 0 | P336: 0 | Q336: 0 | R336: 0 | S336: 0 | T336: 0 | U336: 0 | V336: 09/17/2026 @ 7:19 AM | BA336: 06.00.00-06.11.30 | BC336: Assigned Partial Recd N | BD336: 0 | BE336: 0 | BF336: 0 | BG336: 0 | BH336: 0 | BI336: 0 | BJ336: 0 | BK336: 0 | BL336: 0 | BM336: 0 | BN336: 0 | BO336: 0 | BP336: 0 | BQ336: 0 | BR336: 0 | BS336: 0 | BT336: 0 | BU336: 0 | BV336: 09/17/2026 @ 7:17 AM
A337: 06.00.00-06.11.30 | C337: Assigned Not Recd N | D337: 1 | E337: 0 | F337: 0 | G337: 0 | H337: 0 | I337: 0 | J337: 1 | K337: 0 | L337: 0 | M337: 0 | N337: 0 | O337: 0 | P337: 1 | Q337: 0 | R337: 0 | S337: 1 | T337: 0 | U337: 1 | V337: 09/17/2026 @ 7:19 AM | BA337: 06.00.00-06.11.30 | BC337: Assigned Not Recd N | BD337: 1 | BE337: 0 | BF337: 0 | BG337: 0 | BH337: 0 | BI337: 0 | BJ337: 1 | BK337: 0 | BL337: 0 | BM337: 0 | BN337: 0 | BO337: 0 | BP337: 1 | BQ337: 0 | BR337: 0 | BS337: 1 | BT337: 0 | BU337: 1 | BV337: 09/17/2026 @ 7:17 AM
A338: 06.00.00-06.11.30 | C338: Reserved Not Recd N | D338: 0 | E338: 0 | F338: 0 | G338: 0 | H338: 0 | I338: 0 | J338: 0 | K338: 0 | L338: 0 | M338: 0 | N338: 0 | O338: 0 | P338: 0 | Q338: 0 | R338: 0 | S338: 0 | T338: 0 | U338: 0 | V338: 09/17/2026 @ 7:19 AM | BA338: 06.00.00-06.11.30 | BC338: Reserved Not Recd N | BD338: 0 | BE338: 0 | BF338: 0 | BG338: 0 | BH338: 0 | BI338: 0 | BJ338: 0 | BK338: 0 | BL338: 0 | BM338: 0 | BN338: 0 | BO338: 0 | BP338: 0 | BQ338: 0 | BR338: 0 | BS338: 0 | BT338: 0 | BU338: 0 | BV338: 09/17/2026 @ 7:17 AM
A339: 06.00.00-06.11.30 | C339: Total Assignments | D339: 1 | E339: 1 | F339: 4 | G339: 6 | H339: 8 | I339: 2 | J339: 3 | K339: 2 | L339: 2 | M339: 11 | N339: 5 | O339: 4 | P339: 9 | Q339: 2 | R339: 10 | S339: 10 | T339: 0 | U339: 20 | V339: 09/17/2026 @ 7:19 AM | BA339: 06.00.00-06.11.30 | BC339: Total Assignments | BD339: 1 | BE339: 1 | BF339: 4 | BG339: 6 | BH339: 8 | BI339: 2 | BJ339: 3 | BK339: 2 | BL339: 2 | BM339: 11 | BN339: 5 | BO339: 4 | BP339: 9 | BQ339: 2 | BR339: 10 | BS339: 10 | BT339: 0 | BU339: 20 | BV339: 09/17/2026 @ 7:17 AM
A340: 06.00.00-06.11.30 | C340: Selected N | D340: 0 | E340: 0 | F340: 0 | G340: 0 | H340: 0 | I340: 0 | J340: 0 | K340: 0 | L340: 0 | M340: 0 | N340: 0 | O340: 0 | P340: 0 | Q340: 0 | R340: 0 | S340: 0 | T340: 0 | U340: 0 | V340: 09/17/2026 @ 7:19 AM | BA340: 06.00.00-06.11.30 | BC340: Selected N | BD340: 0 | BE340: 0 | BF340: 0 | BG340: 0 | BH340: 0 | BI340: 0 | BJ340: 0 | BK340: 0 | BL340: 0 | BM340: 0 | BN340: 0 | BO340: 0 | BP340: 0 | BQ340: 0 | BR340: 0 | BS340: 0 | BT340: 0 | BU340: 0 | BV340: 09/17/2026 @ 7:17 AM
A341: 07.00.00-07.11.30 | C341: Target N | D341: 0.54 | E341: 1.06 | F341: 3.92 | G341: 6.51 | H341: 7.98 | I341: 1 | J341: 1 | K341: 1 | L341: 1 | M341: 1 | N341: 1 | O341: 1 | P341: 1 | Q341: 1 | R341: 1 | S341: 1 | T341: 0 | U341: 20 | V341: 09/17/2026 @ 7:19 AM | BA341: 07.00.00-07.11.30 | BC341: Target N | BD341: 0.54 | BE341: 1.06 | BF341: 3.92 | BG341: 6.51 | BH341: 7.98 | BI341: 1 | BJ341: 1 | BK341: 1 | BL341: 1 | BM341: 1 | BN341: 1 | BO341: 1 | BP341: 1 | BQ341: 1 | BR341: 1 | BS341: 1 | BT341: 0 | BU341: 20 | BV341: 09/17/2026 @ 7:17 AM
A342: 07.00.00-07.11.30 | C342: Stratified Usable N | D342: 1 | E342: 2 | F342: 4 | G342: 6 | H342: 7 | I342: 1 | J342: 4 | K342: 4 | L342: 2 | M342: 9 | N342: 4 | O342: 2 | P342: 10 | Q342: 4 | R342: 12 | S342: 8 | T342: 0 | U342: 20 | V342: 09/17/2026 @ 7:19 AM | BA342: 07.00.00-07.11.30 | BC342: Stratified Usable N | BD342: 1 | BE342: 2 | BF342: 4 | BG342: 6 | BH342: 7 | BI342: 1 | BJ342: 4 | BK342: 4 | BL342: 2 | BM342: 9 | BN342: 4 | BO342: 2 | BP342: 10 | BQ342: 4 | BR342: 12 | BS342: 8 | BT342: 0 | BU342: 20 | BV342: 09/17/2026 @ 7:17 AM
A343: 07.00.00-07.11.30 | C343: Stratified Out Usable N | D343: 0 | E343: 0 | F343: 0 | G343: 0 | H343: 1 | I343: 0 | J343: 0 | K343: 0 | L343: 0 | M343: 1 | N343: 0 | O343: 1 | P343: 0 | Q343: 0 | R343: 0 | S343: 1 | T343: 0 | U343: 1 | V343: 09/17/2026 @ 7:19 AM | BA343: 07.00.00-07.11.30 | BC343: Stratified Out Usable N | BD343: 0 | BE343: 0 | BF343: 0 | BG343: 0 | BH343: 1 | BI343: 0 | BJ343: 0 | BK343: 0 | BL343: 0 | BM343: 1 | BN343: 0 | BO343: 1 | BP343: 0 | BQ343: 0 | BR343: 0 | BS343: 1 | BT343: 0 | BU343: 1 | BV343: 09/17/2026 @ 7:17 AM
... A439: Total | C439: Selected N | D439: 0 | E439: 0 | F439: 0 | G439: 0 | H439: 0 | I439: 0 | J439: 0 | K439: 0 | L439: 0 | M439: 0 | N439: 0 | O439: 0 | P439: 0 | Q439: 0 | R439: 0 | S439: 0 | T439: 0 | U439: 0 | V439: 09/17/2026 @ 7:19 AM | BA439: Total | BC439: Selected N | BD439: 0 | BE439: 0 | BF439: 0 | BG439: 0 | BH439: 0 | BI439: 0 | BJ439: 0 | BK439: 0 | BL439: 0 | BM439: 0 | BN439: 0 | BO439: 0 | BP439: 0 | BQ439: 0 | BR439: 0 | BS439: 0 | BT439: 0 | BU439: 0 | BV439: 09/17/2026 @ 7:17 AM
A529: =setup!C19 -> 3769
A530: =_xlfn.CONCAT(setup!D19, " - ",setup!E19) -> Retest WISC-6 Standardization Digital - R_WISC6_STDZ_D
A531: ageband | B531: gradeband | C531: report | D531: 1 | E531: 2 | F531: 3 | G531: 4 | H531: 5 | I531: AS | J531: BL | K531: HI | L531: OT | M531: WH | N531: MW | O531: NE | P531: SO | Q531: WE | R531: F | S531: M | T531: OTHER | U531: Total | V531: LastRefreshed
A532: 06.00.00-07.11.30 | C532: Target N | D532: 1 | E532: 1 | F532: 1 | G532: 1 | H532: 1 | I532: 1 | J532: 1 | K532: 1 | L532: 1 | M532: 1 | N532: 1 | O532: 1 | P532: 1 | Q532: 1 | R532: 1 | S532: 1 | T532: 0 | U532: 30 | V532: 09/17/2026 @ 7:19 AM
A533: 06.00.00-07.11.30 | C533: Stratified Usable N | D533: 1 | E533: 0 | F533: 5 | G533: 8 | H533: 6 | I533: 0 | J533: 3 | K533: 3 | L533: 2 | M533: 12 | N533: 7 | O533: 3 | P533: 6 | Q533: 4 | R533: 7 | S533: 13 | T533: 0 | U533: 20 | V533: 09/17/2026 @ 7:19 AM
A534: 06.00.00-07.11.30 | C534: Stratified Out Usable N | D534: 0 | E534: 0 | F534: 0 | G534: 0 | H534: 0 | I534: 0 | J534: 0 | K534: 0 | L534: 0 | M534: 0 | N534: 0 | O534: 0 | P534: 0 | Q534: 0 | R534: 0 | S534: 0 | T534: 0 | U534: 0 | V534: 09/17/2026 @ 7:19 AM
A535: 06.00.00-07.11.30 | C535: In Process N | D535: 0 | E535: 0 | F535: 0 | G535: 0 | H535: 0 | I535: 0 | J535: 0 | K535: 0 | L535: 0 | M535: 0 | N535: 0 | O535: 0 | P535: 0 | Q535: 0 | R535: 0 | S535: 0 | T535: 0 | U535: 0 | V535: 09/17/2026 @ 7:19 AM
A536: 06.00.00-07.11.30 | C536: Assigned Partial Recd N | D536: 0 | E536: 0 | F536: 1 | G536: 4 | H536: 2 | I536: 0 | J536: 1 | K536: 0 | L536: 2 | M536: 4 | N536: 2 | O536: 2 | P536: 2 | Q536: 1 | R536: 2 | S536: 5 | T536: 0 | U536: 7 | V536: 09/17/2026 @ 7:19 AM
A537: 06.00.00-07.11.30 | C537: Assigned Not Recd N | D537: 0 | E537: 1 | F537: 0 | G537: 3 | H537: 0 | I537: 1 | J537: 1 | K537: 1 | L537: 0 | M537: 1 | N537: 1 | O537: 0 | P537: 2 | Q537: 1 | R537: 2 | S537: 2 | T537: 0 | U537: 4 | V537: 09/17/2026 @ 7:19 AM
A538: 06.00.00-07.11.30 | C538: Reserved Not Recd N | D538: 0 | E538: 0 | F538: 0 | G538: 0 | H538: 0 | I538: 0 | J538: 0 | K538: 0 | L538: 0 | M538: 0 | N538: 0 | O538: 0 | P538: 0 | Q538: 0 | R538: 0 | S538: 0 | T538: 0 | U538: 0 | V538: 09/17/2026 @ 7:19 AM
A539: 06.00.00-07.11.30 | C539: Total Assignments | D539: 1 | E539: 1 | F539: 6 | G539: 15 | H539: 8 | I539: 1 | J539: 5 | K539: 4 | L539: 4 | M539: 17 | N539: 10 | O539: 5 | P539: 10 | Q539: 6 | R539: 11 | S539: 20 | T539: 0 | U539: 31 | V539: 09/17/2026 @ 7:19 AM
A540: 06.00.00-07.11.30 | C540: Selected N | D540: 0 | E540: 0 | F540: 0 | G540: 0 | H540: 0 | I540: 0 | J540: 0 | K540: 0 | L540: 0 | M540: 0 | N540: 0 | O540: 0 | P540: 0 | Q540: 0 | R540: 0 | S540: 0 | T540: 0 | U540: 0 | V540: 09/17/2026 @ 7:19 AM
A541: 08.00.00-11.11.30 | C541: Target N | D541: 1 | E541: 1 | F541: 1 | G541: 1 | H541: 1 | I541: 1 | J541: 1 | K541: 1 | L541: 1 | M541: 1 | N541: 1 | O541: 1 | P541: 1 | Q541: 1 | R541: 1 | S541: 1 | T541: 0 | U541: 30 | V541: 09/17/2026 @ 7:19 AM
A542: 08.00.00-11.11.30 | C542: Stratified Usable N | D542: 1 | E542: 1 | F542: 4 | G542: 5 | H542: 13 | I542: 1 | J542: 2 | K542: 8 | L542: 6 | M542: 7 | N542: 5 | O542: 3 | P542: 8 | Q542: 8 | R542: 12 | S542: 12 | T542: 0 | U542: 24 | V542: 09/17/2026 @ 7:19 AM
A543: 08.00.00-11.11.30 | C543: Stratified Out Usable N | D543: 0 | E543: 0 | F543: 0 | G543: 0 | H543: 0 | I543: 0 | J543: 0 | K543: 0 | L543: 0 | M543: 0 | N543: 0 | O543: 0 | P543: 0 | Q543: 0 | R543: 0 | S543: 0 | T543: 0 | U543: 0 | V543: 09/17/2026 @ 7:19 AM
... A567: Total | C567: Selected N | D567: 0 | E567: 0 | F567: 0 | G567: 0 | H567: 0 | I567: 0 | J567: 0 | K567: 0 | L567: 0 | M567: 0 | N567: 0 | O567: 0 | P567: 0 | Q567: 0 | R567: 0 | S567: 0 | T567: 0 | U567: 0 | V567: 09/17/2026 @ 7:19 AM
A729: =setup!C20 -> 3770
A730: =_xlfn.CONCAT(setup!D20," - ",setup!E20) -> Validity WISC-6/WISC-5 Plus - Paper - V_WISC5P_P
A731: ageband | B731: gradeband | C731: report | D731: 1 | E731: 2 | F731: 3 | G731: 4 | H731: 5 | I731: AS | J731: BL | K731: HI | L731: OT | M731: WH | N731: MW | O731: NE | P731: SO | Q731: WE | R731: F | S731: M | T731: OTHER | U731: Total | V731: LastRefreshed
A732: 06.00.00-06.11.30 | C732: Target N | D732: 0.26 | E732: 0.5 | F732: 1.98 | G732: 3.22 | H732: 4.04 | I732: 1 | J732: 1 | K732: 1 | L732: 1 | M732: 1 | N732: 1 | O732: 1 | P732: 1 | Q732: 1 | R732: 1 | S732: 1 | T732: 0 | U732: 10 | V732: 09/17/2026 @ 7:19 AM
A733: 06.00.00-06.11.30 | C733: Stratified Usable N | D733: 1 | E733: 0 | F733: 2 | G733: 3 | H733: 3 | I733: 1 | J733: 1 | K733: 3 | L733: 1 | M733: 3 | N733: 3 | O733: 2 | P733: 3 | Q733: 1 | R733: 5 | S733: 4 | T733: 0 | U733: 9 | V733: 09/17/2026 @ 7:19 AM
A734: 06.00.00-06.11.30 | C734: Stratified Out Usable N | D734: 0 | E734: 0 | F734: 0 | G734: 1 | H734: 2 | I734: 0 | J734: 0 | K734: 0 | L734: 0 | M734: 3 | N734: 1 | O734: 1 | P734: 0 | Q734: 1 | R734: 1 | S734: 2 | T734: 0 | U734: 3 | V734: 09/17/2026 @ 7:19 AM
A735: 06.00.00-06.11.30 | C735: In Process N | D735: 0 | E735: 0 | F735: 0 | G735: 0 | H735: 0 | I735: 0 | J735: 0 | K735: 0 | L735: 0 | M735: 0 | N735: 0 | O735: 0 | P735: 0 | Q735: 0 | R735: 0 | S735: 0 | T735: 0 | U735: 0 | V735: 09/17/2026 @ 7:19 AM
A736: 06.00.00-06.11.30 | C736: Assigned Partial Recd N | D736: 0 | E736: 0 | F736: 0 | G736: 0 | H736: 0 | I736: 0 | J736: 0 | K736: 0 | L736: 0 | M736: 0 | N736: 0 | O736: 0 | P736: 0 | Q736: 0 | R736: 0 | S736: 0 | T736: 0 | U736: 0 | V736: 09/17/2026 @ 7:19 AM
A737: 06.00.00-06.11.30 | C737: Assigned Not Recd N | D737: 1 | E737: 1 | F737: 0 | G737: 0 | H737: 0 | I737: 0 | J737: 0 | K737: 1 | L737: 0 | M737: 1 | N737: 0 | O737: 1 | P737: 0 | Q737: 1 | R737: 2 | S737: 0 | T737: 0 | U737: 2 | V737: 09/17/2026 @ 7:19 AM
A738: 06.00.00-06.11.30 | C738: Reserved Not Recd N | D738: 0 | E738: 0 | F738: 0 | G738: 0 | H738: 0 | I738: 0 | J738: 0 | K738: 0 | L738: 0 | M738: 0 | N738: 0 | O738: 0 | P738: 0 | Q738: 0 | R738: 0 | S738: 0 | T738: 0 | U738: 0 | V738: 09/17/2026 @ 7:19 AM
A739: 06.00.00-06.11.30 | C739: Total Assignments | D739: 2 | E739: 1 | F739: 2 | G739: 4 | H739: 5 | I739: 1 | J739: 1 | K739: 4 | L739: 1 | M739: 7 | N739: 4 | O739: 4 | P739: 3 | Q739: 3 | R739: 8 | S739: 6 | T739: 0 | U739: 14 | V739: 09/17/2026 @ 7:19 AM
A740: 06.00.00-06.11.30 | C740: Selected N | D740: 0 | E740: 0 | F740: 0 | G740: 0 | H740: 0 | I740: 0 | J740: 0 | K740: 0 | L740: 0 | M740: 0 | N740: 0 | O740: 0 | P740: 0 | Q740: 0 | R740: 0 | S740: 0 | T740: 0 | U740: 0 | V740: 09/17/2026 @ 7:19 AM
A741: 07.00.00-07.11.30 | C741: Target N | D741: 0.24 | E741: 0.48 | F741: 1.76 | G741: 2.93 | H741: 3.59 | I741: 1 | J741: 1 | K741: 1 | L741: 1 | M741: 1 | N741: 1 | O741: 1 | P741: 1 | Q741: 1 | R741: 1 | S741: 1 | T741: 0 | U741: 9 | V741: 09/17/2026 @ 7:19 AM
A742: 07.00.00-07.11.30 | C742: Stratified Usable N | D742: 1 | E742: 1 | F742: 1 | G742: 2 | H742: 3 | I742: 1 | J742: 1 | K742: 3 | L742: 2 | M742: 1 | N742: 3 | O742: 0 | P742: 3 | Q742: 2 | R742: 6 | S742: 2 | T742: 0 | U742: 8 | V742: 09/17/2026 @ 7:19 AM
A743: 07.00.00-07.11.30 | C743: Stratified Out Usable N | D743: 0 | E743: 0 | F743: 0 | G743: 2 | H743: 1 | I743: 0 | J743: 0 | K743: 0 | L743: 1 | M743: 2 | N743: 1 | O743: 0 | P743: 2 | Q743: 0 | R743: 2 | S743: 1 | T743: 0 | U743: 3 | V743: 09/17/2026 @ 7:19 AM
... A839: Total | C839: Selected N | D839: 0 | E839: 0 | F839: 0 | G839: 0 | H839: 0 | I839: 0 | J839: 0 | K839: 0 | L839: 0 | M839: 0 | N839: 0 | O839: 0 | P839: 0 | Q839: 0 | R839: 0 | S839: 0 | T839: 0 | U839: 0 | V839: 09/17/2026 @ 7:19 AM
A929: =setup!C21 -> 3771
A930: =_xlfn.CONCAT(setup!D21," - ",setup!E21) -> Validity WISC-6/WPPSI-4 - Paper - V_WPPSI4_P
A931: ageband | B931: gradeband | C931: report | D931: 1 | E931: 2 | F931: 3 | G931: 4 | H931: 5 | I931: AS | J931: BL | K931: HI | L931: OT | M931: WH | N931: MW | O931: NE | P931: SO | Q931: WE | R931: F | S931: M | T931: OTHER | U931: Total | V931: LastRefreshed
A932: 06.00.00-06.11.30 | C932: Target N | D932: 0.65 | E932: 1.24 | F932: 4.96 | G932: 8.04 | H932: 10.11 | I932: 1 | J932: 1 | K932: 1 | L932: 1 | M932: 1 | N932: 1 | O932: 1 | P932: 1 | Q932: 1 | R932: 1 | S932: 1 | T932: 0 | U932: 25 | V932: 09/17/2026 @ 7:19 AM
A933: 06.00.00-06.11.30 | C933: Stratified Usable N | D933: 1 | E933: 1 | F933: 5 | G933: 8 | H933: 10 | I933: 0 | J933: 3 | K933: 8 | L933: 4 | M933: 10 | N933: 7 | O933: 5 | P933: 9 | Q933: 4 | R933: 13 | S933: 12 | T933: 0 | U933: 25 | V933: 09/17/2026 @ 7:19 AM
A934: 06.00.00-06.11.30 | C934: Stratified Out Usable N | D934: 0 | E934: 0 | F934: 0 | G934: 0 | H934: 4 | I934: 0 | J934: 0 | K934: 0 | L934: 0 | M934: 4 | N934: 4 | O934: 0 | P934: 0 | Q934: 0 | R934: 2 | S934: 2 | T934: 0 | U934: 4 | V934: 09/17/2026 @ 7:19 AM
A935: 06.00.00-06.11.30 | C935: In Process N | D935: 0 | E935: 0 | F935: 0 | G935: 0 | H935: 0 | I935: 0 | J935: 0 | K935: 0 | L935: 0 | M935: 0 | N935: 0 | O935: 0 | P935: 0 | Q935: 0 | R935: 0 | S935: 0 | T935: 0 | U935: 0 | V935: 09/17/2026 @ 7:19 AM
A936: 06.00.00-06.11.30 | C936: Assigned Partial Recd N | D936: 0 | E936: 0 | F936: 0 | G936: 0 | H936: 0 | I936: 0 | J936: 0 | K936: 0 | L936: 0 | M936: 0 | N936: 0 | O936: 0 | P936: 0 | Q936: 0 | R936: 0 | S936: 0 | T936: 0 | U936: 0 | V936: 09/17/2026 @ 7:19 AM
A937: 06.00.00-06.11.30 | C937: Assigned Not Recd N | D937: 1 | E937: 0 | F937: 0 | G937: 0 | H937: 0 | I937: 0 | J937: 1 | K937: 0 | L937: 0 | M937: 0 | N937: 0 | O937: 0 | P937: 1 | Q937: 0 | R937: 0 | S937: 1 | T937: 0 | U937: 1 | V937: 09/17/2026 @ 7:19 AM
A938: 06.00.00-06.11.30 | C938: Reserved Not Recd N | D938: 0 | E938: 0 | F938: 0 | G938: 0 | H938: 0 | I938: 0 | J938: 0 | K938: 0 | L938: 0 | M938: 0 | N938: 0 | O938: 0 | P938: 0 | Q938: 0 | R938: 0 | S938: 0 | T938: 0 | U938: 0 | V938: 09/17/2026 @ 7:19 AM
A939: 06.00.00-06.11.30 | C939: Total Assignments | D939: 2 | E939: 1 | F939: 5 | G939: 8 | H939: 14 | I939: 0 | J939: 4 | K939: 8 | L939: 4 | M939: 14 | N939: 11 | O939: 5 | P939: 10 | Q939: 4 | R939: 15 | S939: 15 | T939: 0 | U939: 30 | V939: 09/17/2026 @ 7:19 AM
A940: 06.00.00-06.11.30 | C940: Selected N | D940: 0 | E940: 0 | F940: 0 | G940: 0 | H940: 0 | I940: 0 | J940: 0 | K940: 0 | L940: 0 | M940: 0 | N940: 0 | O940: 0 | P940: 0 | Q940: 0 | R940: 0 | S940: 0 | T940: 0 | U940: 0 | V940: 09/17/2026 @ 7:19 AM
A941: 07.00.00-07.07.30 | C941: Target N | D941: 0.68 | E941: 1.32 | F941: 4.9 | G941: 8.13 | H941: 9.97 | I941: 1 | J941: 1 | K941: 1 | L941: 1 | M941: 1 | N941: 1 | O941: 1 | P941: 1 | Q941: 1 | R941: 1 | S941: 1 | T941: 0 | U941: 25 | V941: 09/17/2026 @ 7:19 AM
A942: 07.00.00-07.07.30 | C942: Stratified Usable N | D942: 0 | E942: 1 | F942: 5 | G942: 8 | H942: 10 | I942: 2 | J942: 3 | K942: 3 | L942: 5 | M942: 11 | N942: 11 | O942: 7 | P942: 3 | Q942: 3 | R942: 15 | S942: 9 | T942: 0 | U942: 24 | V942: 09/17/2026 @ 7:19 AM
A943: 07.00.00-07.07.30 | C943: Stratified Out Usable N | D943: 0 | E943: 0 | F943: 2 | G943: 0 | H943: 0 | I943: 0 | J943: 0 | K943: 1 | L943: 0 | M943: 1 | N943: 1 | O943: 0 | P943: 0 | Q943: 1 | R943: 1 | S943: 1 | T943: 0 | U943: 2 | V943: 09/17/2026 @ 7:19 AM
... A958: Total | C958: Selected N | D958: 0 | E958: 0 | F958: 0 | G958: 0 | H958: 0 | I958: 0 | J958: 0 | K958: 0 | L958: 0 | M958: 0 | N958: 0 | O958: 0 | P958: 0 | Q958: 0 | R958: 0 | S958: 0 | T958: 0 | U958: 0 | V958: 09/17/2026 @ 7:19 AM
A1129: =setup!C22 -> 3772
A1130: =_xlfn.CONCAT(setup!D22," - ",setup!E22) -> Validity WISC-6/WAIS-5 - Paper - V_WAIS5_P
A1131: ageband | B1131: gradeband | C1131: report | D1131: 1 | E1131: 2 | F1131: 3 | G1131: 4 | H1131: 5 | I1131: AS | J1131: BL | K1131: HI | L1131: OT | M1131: WH | N1131: MW | O1131: NE | P1131: SO | Q1131: WE | R1131: F | S1131: M | T1131: OTHER | U1131: Total | V1131: LastRefreshed
A1132: 16.00.00-16.11.30 | C1132: Target N | D1132: 2.01 | E1132: 3.2 | F1132: 10.11 | G1132: 15.78 | H1132: 18.89 | I1132: 1 | J1132: 1 | K1132: 1 | L1132: 1 | M1132: 1 | N1132: 1 | O1132: 1 | P1132: 1 | Q1132: 1 | R1132: 1 | S1132: 1 | T1132: 0 | U1132: 50 | V1132: 09/17/2026 @ 7:19 AM
...

Sheet Summary
A1: =_xlfn.CONCAT("Last Refreshed at: ",F3) -> Last Refreshed at: 09/17/2026 @ 7:19 AM | H1: Assignment Information | L1: Total usable from all tabs | P1: Tptal in-Process
A2: study_id | B2: study | C2: Target | D2: usableCount | E2: Percentage | F2: Refreshed_Date | H2: Total Assigned | I2: Percentage | L2: =SUM(WISC6_STDZ_P!AL158,R_WISC6_STDZ_P!W167,V_WISC5P_P!W167,V_WPPSI4_P!W41,V_WAIS5_P!W27,V_WIAT4_P!W167,V_KTEA3_P!W167,CB_WISC5P_P!W112,CB_WPPSI4_P!W31,CB_WAIS5_P!W22) -> 3130 | M2: =SUM(#REF!,#REF!,#REF!,#REF!,#REF!,#REF!,#REF!,#REF!,#REF!,#REF!,#REF!,#REF!,#REF!,#REF!,#REF!,#REF!,#REF!,#REF!,#REF!) -> #REF! | P2: =SUM(#REF!,#REF!,#REF!) -> #REF!
A3: 3766 | B3: WISC-6 Standardization - Paper | C3: 2200 | D3: 2149 | E3: 0.97681818 | F3: 09/17/2026 @ 7:19 AM | H3: =setup!F16 -> 2523 | I3: =IFERROR(H3/C3,0) -> 1.1468182
A4: 3767 | B4: WISC-6 Standardization - Digital | C4: 550 | D4: 437 | E4: 0.79454545 | F4: 09/17/2026 @ 7:19 AM | H4: =setup!F17 -> 568 | I4: =IFERROR(H4/C4,0) -> 1.0327273
A5: 3768 | B5: Retest WISC-6 Standardization - Paper | C5: 220 | D5: 219 | E5: 0.99545455 | F5: 09/17/2026 @ 7:19 AM | H5: =setup!F18 -> 235 | I5: =IFERROR(H5/C5,0) -> 1.0681818
A6: 3769 | B6: Retest WISC-6 Standardization Digital | C6: 90 | D6: 71 | E6: 0.78888889 | F6: 09/17/2026 @ 7:19 AM | H6: =setup!F19 -> 93 | I6: =IFERROR(H6/C6,0) -> 1.0333333
A7: 3770 | B7: Validity WISC-6/WISC-5 Plus - Paper | C7: 100 | D7: 97 | E7: 0.97 | F7: 09/17/2026 @ 7:19 AM | H7: =setup!F20 -> 137 | I7: =IFERROR(H7/C7,0) -> 1.37
A8: 3771 | B8: Validity WISC-6/WPPSI-4 - Paper | C8: 50 | D8: 49 | E8: 0.98 | F8: 09/17/2026 @ 7:19 AM | H8: =setup!F21 -> 56 | I8: =IFERROR(H8/C8,0) -> 1.12
A9: 3772 | B9: Validity WISC-6/WAIS-5 - Paper | C9: 50 | D9: 50 | E9: 1 | F9: 09/17/2026 @ 7:19 AM | H9: =setup!F22 -> 51 | I9: =IFERROR(H9/C9,0) -> 1.02
A10: 3773 | B10: Validity WISC-6/WIAT-4 - Paper | C10: 200 | D10: 197 | E10: 0.985 | F10: 09/17/2026 @ 7:19 AM | H10: =setup!F23 -> 224 | I10: =IFERROR(H10/C10,0) -> 1.12
A11: 3774 | B11: Validity WISC-6/KTEA-3 – Paper Form A | C11: 200 | D11: 192 | E11: 0.96 | F11: 09/17/2026 @ 7:19 AM | H11: =setup!F24 -> 221 | I11: =IFERROR(H11/C11,0) -> 1.105
A12: 3775 | B12: Counterbalance WISC-5 Plus/WISC-6 - Paper | C12: 100 | D12: 95 | E12: 0.95 | F12: 09/17/2026 @ 7:19 AM | H12: =setup!F25 -> 136 | I12: =IFERROR(H12/C12,0) -> 1.36
A13: 3777 | B13: Counterbalance WPPSI-4/WISC-6 -Paper | C13: 50 | D13: 43 | E13: 0.86 | F13: 09/17/2026 @ 7:19 AM | H13: =setup!F26 -> 56 | I13: =IFERROR(H13/C13,0) -> 1.12
A14: 3778 | B14: Counterbalance WAIS-5/WISC-6 - Paper | C14: 50 | D14: 39 | E14: 0.78 | F14: 09/17/2026 @ 7:19 AM | H14: =setup!F27 -> 59 | I14: =IFERROR(H14/C14,0) -> 1.18
A15: All | B15: Total | C15: 3860 | D15: 3638 | E15: 0.94248705 | F15: 09/17/2026 @ 7:19 AM | H15: =SUM(H3:H14) -> 4359 | I15: =H15/C15 -> 1.1292746

Sheet WISC6_STDZ_P
A1: Total Assigments below Target | D1: Study Information | N1: Additional Information
A2: Usable greater/equal to target | D2: =_xlfn.CONCAT("Study Name: ","WISC-6 Standardization - Paper") -> Study Name: WISC-6 Standardization - Paper | K2: Usable = case is available to Psychometrics for this study In Process = questionable, In Process Assigned Not Recd = Tests assigned to examiners, no tests received (required tests) Reserved not Received = Tests in reserved status, not received Total Assignments = sum of Usable, Received Non Final, Assigned Partial Received, Assigned Not Received Selected = default status for making an assignment
D3: =_xlfn.CONCAT("Study Acronym: "," WISC6_STDZ_P") -> Study Acronym: WISC6_STDZ_P | F3: Study ID: 3766
D5: Additional Requirements
D6: REG : A least some for each region within sampling band ETH : ±4% for White, up to +4% for any other group, cannot go lower than target for any group except White. Must also meet margin requirements for age x race/eth and age x PED but age x race/eth x PED is reported in manual. SEX : Within each sampling band must be exactly 50/50 M/F ED: Vary by +2% for any group, but cannot go lower than target for any group except PED 4 or 5 Each sampling band must be exactly N=200
B8: =_xlfn.CONCAT("Last Refreshed at: ",aurora_data!AK4) -> Last Refreshed at: 09/17/2026 @ 7:18 AM | E8: Demographic Variables
D9: Variance Tolerance: | E9: 0.02 | AD9: 0.1
B10: Status | E10: Ethnicity by Education Level | AD10: Region | AH10: SEX | AL10: Totals
C11: ageband | D11: report | E11: AS | J11: BL | O11: HI | T11: OT | Y11: WH | AD11: MW | AE11: NE | AF11: SO | AG11: WE | AH11: F | AI11: M
E12: 1 | F12: 2 | G12: 3 | H12: 4 | I12: 5 | J12: 1 | K12: 2 | L12: 3 | M12: 4 | N12: 5 | O12: 1 | P12: 2 | Q12: 3 | R12: 4 | S12: 5 | T12: 1 | U12: 2 | V12: 3 | W12: 4 | X12: 5 | Y12: 1 | Z12: 2 | AA12: 3 | AB12: 4 | AC12: 5
B13: Open | C13: =aurora_data!A4 -> 06.00.00-06.11.30 | D13: Target | E13: =aurora_data!D4 -> 0.41 | F13: =aurora_data!E4 -> 0.42 | G13: =aurora_data!F4 -> 0.98 | H13: =aurora_data!G4 -> 1.8 | I13: =aurora_data!H4 -> 6.7 | J13: =aurora_data!I4 -> 0.39 | K13: =aurora_data!J4 -> 1.48 | L13: =aurora_data!K4 -> 7.01 | ... AJ13: =aurora_data!AI4 -> 0 | AL13: =aurora_data!AJ4 -> 200 | AM13: =SUM(AL13)/$AL$13 -> 1 | BR13: 20
D14: Usable | E14: =aurora_data!D5 -> 0 | F14: =aurora_data!E5 -> 0 | G14: =aurora_data!F5 -> 0 | H14: =aurora_data!G5 -> 2 | I14: =aurora_data!H5 -> 7 | J14: =aurora_data!I5 -> 0 | K14: =aurora_data!J5 -> 1 | L14: =aurora_data!K5 -> 7 | ... AJ14: =aurora_data!AI5 -> 0 | AL14: =aurora_data!AJ5 -> 191 | AM14: =SUM(AL14)/$AL$13 -> 0.955 | BR14: 38
D15: Stratified Out Usable N | E15: =aurora_data!D6 -> 0 | F15: =aurora_data!E6 -> 0 | G15: =aurora_data!F6 -> 0 | H15: =aurora_data!G6 -> 0 | I15: =aurora_data!H6 -> 0 | J15: =aurora_data!I6 -> 0 | K15: =aurora_data!J6 -> 0 | L15: =aurora_data!K6 -> 0 | ... AJ15: =aurora_data!AI6 -> 0 | AL15: =aurora_data!AJ6 -> 25 | AM15: =SUM(AL15)/$AL$13 -> 0.125 | BR15: 39
D16: In Process | E16: =aurora_data!D7 -> 0 | F16: =aurora_data!E7 -> 0 | G16: =aurora_data!F7 -> 0 | H16: =aurora_data!G7 -> 0 | I16: =aurora_data!H7 -> 0 | J16: =aurora_data!I7 -> 0 | K16: =aurora_data!J7 -> 0 | L16: =aurora_data!K7 -> 0 | ... AJ16: =aurora_data!AI7 -> 0 | AL16: =aurora_data!AJ7 -> 0 | AM16: =SUM(AL16)/$AL$13 -> 0 | BR16: 42
D17: Assigned Not Received | E17: =aurora_data!D8 -> 0 | F17: =aurora_data!E8 -> 0 | G17: =aurora_data!F8 -> 1 | H17: =aurora_data!G8 -> 0 | I17: =aurora_data!H8 -> 0 | J17: =aurora_data!I8 -> 2 | K17: =aurora_data!J8 -> 0 | L17: =aurora_data!K8 -> 0 | ... AJ17: =aurora_data!AI8 -> 0 | AL17: =aurora_data!AJ8 -> 10 | AM17: =SUM(AL17)/$AL$13 -> 0.05
D18: Reserved Not Received | E18: =aurora_data!D9 -> 0 | F18: =aurora_data!E9 -> 0 | G18: =aurora_data!F9 -> 0 | H18: =aurora_data!G9 -> 0 | I18: =aurora_data!H9 -> 0 | J18: =aurora_data!I9 -> 0 | K18: =aurora_data!J9 -> 0 | L18: =aurora_data!K9 -> 0 | ... AJ18: =aurora_data!AI9 -> 0 | AL18: =aurora_data!AJ9 -> 3 | AM18: =SUM(AL18)/$AL$13 -> 0.015
D19: Total Assignments | E19: =aurora_data!D10 -> 0 | F19: =aurora_data!E10 -> 0 | G19: =aurora_data!F10 -> 1 | H19: =aurora_data!G10 -> 2 | I19: =aurora_data!H10 -> 7 | J19: =aurora_data!I10 -> 2 | K19: =aurora_data!J10 -> 1 | L19: =aurora_data!K10 -> 7 | ... AJ19: =aurora_data!AI10 -> 0 | AL19: =aurora_data!AJ10 -> 229 | AM19: =SUM(AL19)/$AL$13 -> 1.145
D20: Selected | E20: =aurora_data!D11 -> 0 | F20: =aurora_data!E11 -> 0 | G20: =aurora_data!F11 -> 0 | H20: =aurora_data!G11 -> 0 | I20: =aurora_data!H11 -> 0 | J20: =aurora_data!I11 -> 0 | K20: =aurora_data!J11 -> 0 | L20: =aurora_data!K11 -> 0 | ... AJ20: =aurora_data!AI11 -> 0 | AL20: =aurora_data!AJ11 -> 11 | AM20: =SUM(AL20)/$AL$13 -> 0.055
D21: Max N Variance | E21: =ROUNDDOWN((E23+$E$9)*($AL13),0) -> 4 | F21: =ROUNDDOWN((F23+$E$9)*($AL13),0) -> 4 | G21: =ROUNDDOWN((G23+$E$9)*($AL13),0) -> 4 | H21: =ROUNDDOWN((H23+$E$9)*($AL13),0) -> 5 | I21: =ROUNDDOWN((I23+$E$9)*($AL13),0) -> 10 | J21: =ROUNDDOWN((J23+$E$9)*($AL13),0) -> 4 | K21: =ROUNDDOWN((K23+$E$9)*($AL13),0) -> 5 | L21: =ROUNDDOWN((L23+$E$9)*($AL13),0) -> 11 | ... AC21: =ROUNDDOWN((AC23+$E$9)*($AL13),0) -> 51 | AD21: =ROUNDDOWN((AD23+$AD$9)*($AL13),0) -> 64 | AE21: =ROUNDDOWN((AE23+$AD$9)*($AL13),0) -> 50 | AF21: =ROUNDDOWN((AF23+$AD$9)*($AL13),0) -> 100 | AG21: =ROUNDDOWN((AG23+$AD$9)*($AL13),0) -> 65 | AH21: =ROUNDDOWN((AH23+$AH$9)*($AL13),0) -> 100 | AI21: =ROUNDDOWN((AI23+$AH$9)*($AL13),0) -> 100
D22: Min N Variance | E22: =IF(ROUND(((E23-$E$9)*($AL13))+0.25,0) <=0,1,((E23-$E$9)*($AL13))+0.25) -> 1 | F22: =IF(ROUND(((F23-$E$9)*($AL13))+0.25,0) <=0,1,((F23-$E$9)*($AL13))+0.25) -> 1 | G22: =IF(ROUND(((G23-$E$9)*($AL13))+0.25,0) <=0,1,((G23-$E$9)*($AL13))+0.25) -> 1 | H22: =IF(ROUND(((H23-$E$9)*($AL13))+0.25,0) <=0,1,((H23-$E$9)*($AL13))+0.25) -> 1 | I22: =IF(ROUND(((I23-$E$9)*($AL13))+0.25,0) <=0,1,((I23-$E$9)*($AL13))+0.25) -> 2.95 | J22: =IF(ROUND(((J23-$E$9)*($AL13))+0.25,0) <=0,1,((J23-$E$9)*($AL13))+0.25) -> 1 | K22: =IF(ROUND(((K23-$E$9)*($AL13))+0.25,0) <=0,1,((K23-$E$9)*($AL13))+0.25) -> 1 | L22: =IF(ROUND(((L23-$E$9)*($AL13))+0.25,0) <=0,1,((L23-$E$9)*($AL13))+0.25) -> 3.26 | ... AC22: =IF(ROUND(((AC23-$E$9)*($AL13))+0.25,0) <=0,1,((AC23-$E$9)*($AL13))+0.25) -> 44.22 | AD22: =IF(((AD23-$AD$9)*($AL13))+0.5 <0,1,((AD23-$AD$9)*($AL13))+0.5 ) -> 24.8 | AE22: =IF(((AE23-$AD$9)*($AL13))+0.5 <0,1,((AE23-$AD$9)*($AL13))+0.5 ) -> 11.03 | AF22: =IF(((AF23-$AD$9)*($AL13))+0.5 <0,1,((AF23-$AD$9)*($AL13))+0.5 ) -> 60.5 | AG22: =IF(((AG23-$AD$9)*($AL13))+0.5 <0,1,((AG23-$AD$9)*($AL13))+0.5 ) -> 25.67 | AH22: =IF(((AH23-$AH$9)*($AL13))+0.5 <0,1,((AH23-$AH$9)*($AL13)) ) -> 100 | AI22: =IF(((AI23-$AH$9)*($AL13))+0.5 <0,1,((AI23-$AH$9)*($AL13))) -> 100
D23: Census % | E23: =IFERROR(E13/$AL13,0) -> 0.00205 | F23: =IFERROR(F13/$AL13,0) -> 0.0021 | G23: =IFERROR(G13/$AL13,0) -> 0.0049 | H23: =IFERROR(H13/$AL13,0) -> 0.009 | I23: =IFERROR(I13/$AL13,0) -> 0.0335 | J23: =IFERROR(J13/$AL13,0) -> 0.00195 | K23: =IFERROR(K13/$AL13,0) -> 0.0074 | L23: =IFERROR(L13/$AL13,0) -> 0.03505 | ... AJ23: =IFERROR(AJ13/$AL13,0) -> 0
D24: Usable % | E24: =IFERROR(E14/$AL13,0) -> 0 | F24: =IFERROR(F14/$AL13,0) -> 0 | G24: =IFERROR(G14/$AL13,0) -> 0 | H24: =IFERROR(H14/$AL13,0) -> 0.01 | I24: =IFERROR(I14/$AL13,0) -> 0.035 | J24: =IFERROR(J14/$AL13,0) -> 0 | K24: =IFERROR(K14/$AL13,0) -> 0.005 | L24: =IFERROR(L14/$AL13,0) -> 0.035 | ... AJ24: =IFERROR(AJ14/$AL13,0) -> 0
D25: Difference % | E25: =E24-E23 -> -0.00205 | F25: =F24-F23 -> -0.0021 | G25: =G24-G23 -> -0.0049 | H25: =H24-H23 -> 0.001 | I25: =I24-I23 -> 0.0015 | J25: =J24-J23 -> -0.00195 | K25: =K24-K23 -> -0.0024 | L25: =L24-L23 -> -5e-05 | ... AJ25: =AJ24-AJ23 -> 0
B26: Open | C26: =aurora_data!A12 -> 07.00.00-07.11.30 | D26: Target | E26: =aurora_data!D12 -> 0.28 | F26: =aurora_data!E12 -> 0.32 | G26: =aurora_data!F12 -> 0.94 | H26: =aurora_data!G12 -> 1.53 | I26: =aurora_data!H12 -> 6.48 | J26: =aurora_data!I12 -> 0.47 | K26: =aurora_data!J12 -> 1.61 | L26: =aurora_data!K12 -> 7.13 | ... AJ26: =aurora_data!AI12 -> 0 | AL26: =aurora_data!AJ12 -> 200 | AM26: =SUM(AL26)/$AL$26 -> 1
D27: Usable | E27: =aurora_data!D13 -> 0 | F27: =aurora_data!E13 -> 0 | G27: =aurora_data!F13 -> 2 | H27: =aurora_data!G13 -> 2 | I27: =aurora_data!H13 -> 6 | J27: =aurora_data!I13 -> 0 | K27: =aurora_data!J13 -> 2 | L27: =aurora_data!K13 -> 7 | ... AJ27: =aurora_data!AI13 -> 0 | AL27: =aurora_data!AJ13 -> 197 | AM27: =SUM(AL27)/$AL$26 -> 0.985
D28: Stratified Out Usable N | E28: =aurora_data!D14 -> 0 | F28: =aurora_data!E14 -> 0 | G28: =aurora_data!F14 -> 0 | H28: =aurora_data!G14 -> 0 | I28: =aurora_data!H14 -> 0 | J28: =aurora_data!I14 -> 2 | K28: =aurora_data!J14 -> 0 | L28: =aurora_data!K14 -> 2 | ... AJ28: =aurora_data!AI14 -> 0 | AL28: =aurora_data!AJ14 -> 30 | AM28: =SUM(AL28)/$AL$26 -> 0.15
D29: In Process | E29: =aurora_data!D15 -> 0 | F29: =aurora_data!E15 -> 0 | G29: =aurora_data!F15 -> 0 | H29: =aurora_data!G15 -> 0 | I29: =aurora_data!H15 -> 0 | J29: =aurora_data!I15 -> 0 | K29: =aurora_data!J15 -> 0 | L29: =aurora_data!K15 -> 0 | ... AJ29: =aurora_data!AI15 -> 0 | AL29: =aurora_data!AJ15 -> 0 | AM29: =SUM(AL29)/$AL$26 -> 0
D30: Assigned Not Received | E30: =aurora_data!D16 -> 0 | F30: =aurora_data!E16 -> 0 | G30: =aurora_data!F16 -> 0 | H30: =aurora_data!G16 -> 0 | I30: =aurora_data!H16 -> 0 | J30: =aurora_data!I16 -> 0 | K30: =aurora_data!J16 -> 0 | L30: =aurora_data!K16 -> 0 | ... AJ30: =aurora_data!AI16 -> 0 | AL30: =aurora_data!AJ16 -> 7 | AM30: =SUM(AL30)/$AL$26 -> 0.035
D31: Reserved Not Received | E31: =aurora_data!D17 -> 0 | F31: =aurora_data!E17 -> 0 | G31: =aurora_data!F17 -> 0 | H31: =aurora_data!G17 -> 0 | I31: =aurora_data!H17 -> 0 | J31: =aurora_data!I17 -> 0 | K31: =aurora_data!J17 -> 0 | L31: =aurora_data!K17 -> 0 | ... AJ31: =aurora_data!AI17 -> 0 | AL31: =aurora_data!AJ17 -> 0 | AM31: =SUM(AL31)/$AL$26 -> 0
D32: Total Assignments | E32: =aurora_data!D18 -> 0 | F32: =aurora_data!E18 -> 0 | G32: =aurora_data!F18 -> 2 | H32: =aurora_data!G18 -> 2 | I32: =aurora_data!H18 -> 6 | J32: =aurora_data!I18 -> 2 | K32: =aurora_data!J18 -> 2 | L32: =aurora_data!K18 -> 9 | ... AJ32: =aurora_data!AI18 -> 0 | AL32: =aurora_data!AJ18 -> 234 | AM32: =SUM(AL32)/$AL$26 -> 1.17
D33: Selected | E33: =aurora_data!D19 -> 0 | F33: =aurora_data!E19 -> 0 | G33: =aurora_data!F19 -> 0 | H33: =aurora_data!G19 -> 0 | I33: =aurora_data!H19 -> 2 | J33: =aurora_data!I19 -> 0 | K33: =aurora_data!J19 -> 0 | L33: =aurora_data!K19 -> 0 | ... AJ33: =aurora_data!AI19 -> 0 | AL33: =aurora_data!AJ19 -> 12 | AM33: =SUM(AL33)/$AL$26 -> 0.06
D34: Max N Variance | E34: =ROUNDDOWN((E37+$E$9)*($AL26),0) -> 4 | F34: =ROUNDDOWN((F37+$E$9)*($AL26),0) -> 4 | G34: =ROUNDDOWN((G37+$E$9)*($AL26),0) -> 4 | H34: =ROUNDDOWN((H37+$E$9)*($AL26),0) -> 5 | I34: =ROUNDDOWN((I37+$E$9)*($AL26),0) -> 10 | J34: =ROUNDDOWN((J37+$E$9)*($AL26),0) -> 4 | K34: =ROUNDDOWN((K37+$E$9)*($AL26),0) -> 5 | L34: =ROUNDDOWN((L37+$E$9)*($AL26),0) -> 11 | ... AC34: =ROUNDDOWN((AC37+$E$9)*($AL26),0) -> 52 | AD34: =ROUNDDOWN((AD37+$AD$9)*($AL26),0) -> 61 | AE34: =ROUNDDOWN((AE37+$AD$9)*($AL26),0) -> 50 | AF34: =ROUNDDOWN((AF37+$AD$9)*($AL26),0) -> 101 | AG34: =ROUNDDOWN((AG37+$AD$9)*($AL26),0) -> 66 | AH34: =ROUNDDOWN((AH37+$AH$9)*($AL26),0) -> 100 | AI34: =ROUNDDOWN((AI37+$AH$9)*($AL26),0) -> 100
D35: Min N Variance | E35: =IF(ROUND(((E37-$E$9)*($AL26))+0.25,0) <=0,1,((E37-$E$9)*($AL26))+0.25) -> 1 | F35: =IF(ROUND(((F37-$E$9)*($AL26))+0.25,0) <=0,1,((F37-$E$9)*($AL26))+0.25) -> 1 | G35: =IF(ROUND(((G37-$E$9)*($AL26))+0.25,0) <=0,1,((G37-$E$9)*($AL26))+0.25) -> 1 | H35: =IF(ROUND(((H37-$E$9)*($AL26))+0.25,0) <=0,1,((H37-$E$9)*($AL26))+0.25) -> 1 | I35: =IF(ROUND(((I37-$E$9)*($AL26))+0.25,0) <=0,1,((I37-$E$9)*($AL26))+0.25) -> 2.73 | J35: =IF(ROUND(((J37-$E$9)*($AL26))+0.25,0) <=0,1,((J37-$E$9)*($AL26))+0.25) -> 1 | K35: =IF(ROUND(((K37-$E$9)*($AL26))+0.25,0) <=0,1,((K37-$E$9)*($AL26))+0.25) -> 1 | L35: =IF(ROUND(((L37-$E$9)*($AL26))+0.25,0) <=0,1,((L37-$E$9)*($AL26))+0.25) -> 3.38 | ... AC35: =IF(ROUND(((AC37-$E$9)*($AL26))+0.25,0) <=0,1,((AC37-$E$9)*($AL26))+0.25) -> 44.47 | AD35: =IF(((AD37-$AD$9)*($AL26))+0.5 <0,1,((AD37-$AD$9)*($AL26))+0.5 ) -> 22.18 | AE35: =IF(((AE37-$AD$9)*($AL26))+0.5 <0,1,((AE37-$AD$9)*($AL26))+0.5 ) -> 11.11 | AF35: =IF(((AF37-$AD$9)*($AL26))+0.5 <0,1,((AF37-$AD$9)*($AL26))+0.5 ) -> 61.5 | AG35: =IF(((AG37-$AD$9)*($AL26))+0.5 <0,1,((AG37-$AD$9)*($AL26))+0.5 ) -> 27.21 | AH35: =IF(((AH37-$AH$9)*($AL26))+0.5 <0,1,((AH37-$AH$9)*($AL26)) ) -> 100 | AI35: =IF(((AI37-$AH$9)*($AL26))+0.5 <0,1,((AI37-$AH$9)*($AL26))) -> 100
D37: Census % | E37: =IFERROR(E26/$AL26,0) -> 0.0014 | F37: =IFERROR(F26/$AL26,0) -> 0.0016 | G37: =IFERROR(G26/$AL26,0) -> 0.0047 | H37: =IFERROR(H26/$AL26,0) -> 0.00765 | I37: =IFERROR(I26/$AL26,0) -> 0.0324 | J37: =IFERROR(J26/$AL26,0) -> 0.00235 | K37: =IFERROR(K26/$AL26,0) -> 0.00805 | L37: =IFERROR(L26/$AL26,0) -> 0.03565 | ... AJ37: =IFERROR(AJ26/$AL26,0) -> 0
D38: Usable % | E38: =IFERROR(E27/$AL26,0) -> 0 | F38: =IFERROR(F27/$AL26,0) -> 0 | G38: =IFERROR(G27/$AL26,0) -> 0.01 | H38: =IFERROR(H27/$AL26,0) -> 0.01 | I38: =IFERROR(I27/$AL26,0) -> 0.03 | J38: =IFERROR(J27/$AL26,0) -> 0 | K38: =IFERROR(K27/$AL26,0) -> 0.01 | L38: =IFERROR(L27/$AL26,0) -> 0.035 | ... AJ38: =IFERROR(AJ27/$AL26,0) -> 0
D39: Difference % | E39: =E38-E37 -> -0.0014 | F39: =F38-F37 -> -0.0016 | G39: =G38-G37 -> 0.0053 | H39: =H38-H37 -> 0.00235 | I39: =I38-I37 -> -0.0024 | J39: =J38-J37 -> -0.00235 | K39: =K38-K37 -> 0.00195 | L39: =L38-L37 -> -0.00065 | ... AJ39: =AJ38-AJ37 -> 0
B40: Open | C40: =aurora_data!A20 -> 08.00.00-08.11.30 | D40: Target | E40: =aurora_data!D20 -> 0.31 | F40: =aurora_data!E20 -> 0.31 | G40: =aurora_data!F20 -> 1.18 | H40: =aurora_data!G20 -> 1.45 | I40: =aurora_data!H20 -> 6.38 | J40: =aurora_data!I20 -> 0.37 | K40: =aurora_data!J20 -> 1.72 | L40: =aurora_data!K20 -> 6.47 | ... AJ40: =aurora_data!AI20 -> 0 | AL40: =aurora_data!AJ20 -> 200 | AM40: =SUM(AL40)/$AL$40 -> 1
D41: Usable | E41: =aurora_data!D21 -> 0 | F41: =aurora_data!E21 -> 0 | G41: =aurora_data!F21 -> 2 | H41: =aurora_data!G21 -> 1 | I41: =aurora_data!H21 -> 6 | J41: =aurora_data!I21 -> 1 | K41: =aurora_data!J21 -> 2 | L41: =aurora_data!K21 -> 6 | ... AJ41: =aurora_data!AI21 -> 0 | AL41: =aurora_data!AJ21 -> 195 | AM41: =SUM(AL41)/$AL$40 -> 0.975
D42: Stratified Out Usable N | E42: =aurora_data!D22 -> 0 | F42: =aurora_data!E22 -> 0 | G42: =aurora_data!F22 -> 0 | H42: =aurora_data!G22 -> 3 | I42: =aurora_data!H22 -> 0 | J42: =aurora_data!I22 -> 0 | K42: =aurora_data!J22 -> 1 | L42: =aurora_data!K22 -> 3 | ... AJ42: =aurora_data!AI22 -> 0 | AL42: =aurora_data!AJ22 -> 20 | AM42: =SUM(AL42)/$AL$40 -> 0.1
D43: In Process | E43: =aurora_data!D23 -> 0 | F43: =aurora_data!E23 -> 0 | G43: =aurora_data!F23 -> 0 | H43: =aurora_data!G23 -> 0 | I43: =aurora_data!H23 -> 0 | J43: =aurora_data!I23 -> 0 | K43: =aurora_data!J23 -> 0 | L43: =aurora_data!K23 -> 0 | ... AJ43: =aurora_data!AI23 -> 0 | AL43: =aurora_data!AJ23 -> 0 | AM43: =SUM(AL43)/$AL$40 -> 0
D44: Assigned Not Received | E44: =aurora_data!D24 -> 0 | F44: =aurora_data!E24 -> 1 | G44: =aurora_data!F24 -> 0 | H44: =aurora_data!G24 -> 0 | I44: =aurora_data!H24 -> 0 | J44: =aurora_data!I24 -> 0 | K44: =aurora_data!J24 -> 0 | L44: =aurora_data!K24 -> 0 | ... AJ44: =aurora_data!AI24 -> 0 | AL44: =aurora_data!AJ24 -> 11 | AM44: =SUM(AL44)/$AL$40 -> 0.055
D45: Reserved Not Received | E45: =aurora_data!D25 -> 0 | F45: =aurora_data!E25 -> 0 | G45: =aurora_data!F25 -> 0 | H45: =aurora_data!G25 -> 0 | I45: =aurora_data!H25 -> 0 | J45: =aurora_data!I25 -> 0 | K45: =aurora_data!J25 -> 0 | L45: =aurora_data!K25 -> 0 | ... AJ45: =aurora_data!AI25 -> 0 | AL45: =aurora_data!AJ25 -> 0 | AM45: =SUM(AL45)/$AL$40 -> 0
D46: Total Assignments | E46: =aurora_data!D26 -> 0 | F46: =aurora_data!E26 -> 1 | G46: =aurora_data!F26 -> 2 | H46: =aurora_data!G26 -> 4 | I46: =aurora_data!H26 -> 6 | J46: =aurora_data!I26 -> 1 | K46: =aurora_data!J26 -> 3 | L46: =aurora_data!K26 -> 9 | ... AJ46: =aurora_data!AI26 -> 0 | AL46: =aurora_data!AJ26 -> 226 | AM46: =SUM(AL46)/$AL$40 -> 1.13
D47: Selected | E47: =aurora_data!D27 -> 0 | F47: =aurora_data!E27 -> 0 | G47: =aurora_data!F27 -> 0 | H47: =aurora_data!G27 -> 0 | I47: =aurora_data!H27 -> 0 | J47: =aurora_data!I27 -> 0 | K47: =aurora_data!J27 -> 0 | L47: =aurora_data!K27 -> 0 | ... AJ47: =aurora_data!AI27 -> 0 | AL47: =aurora_data!AJ27 -> 3 | AM47: =SUM(AL47)/$AL$40 -> 0.015
D48: Max N Variance | E48: =ROUNDDOWN((E50+$E$9)*($AL40),0) -> 4 | F48: =ROUNDDOWN((F50+$E$9)*($AL40),0) -> 4 | G48: =ROUNDDOWN((G50+$E$9)*($AL40),0) -> 5 | H48: =ROUNDDOWN((H50+$E$9)*($AL40),0) -> 5 | I48: =ROUNDDOWN((I50+$E$9)*($AL40),0) -> 10 | J48: =ROUNDDOWN((J50+$E$9)*($AL40),0) -> 4 | K48: =ROUNDDOWN((K50+$E$9)*($AL40),0) -> 5 | L48: =ROUNDDOWN((L50+$E$9)*($AL40),0) -> 10 | ... AC48: =ROUNDDOWN((AC50+$E$9)*($AL40),0) -> 51 | AD48: =ROUNDDOWN((AD50+$AD$9)*($AL40),0) -> 61 | AE48: =ROUNDDOWN((AE50+$AD$9)*($AL40),0) -> 50 | AF48: =ROUNDDOWN((AF50+$AD$9)*($AL40),0) -> 100 | AG48: =ROUNDDOWN((AG50+$AD$9)*($AL40),0) -> 67 | AH48: =ROUNDDOWN((AH50+$AH$9)*($AL40),0) -> 100 | AI48: =ROUNDDOWN((AI50+$AH$9)*($AL40),0) -> 100
D49: Min N Variance | E49: =IF(ROUND(((E50-$E$9)*($AL40))+0.25,0) <=0,1,((E50-$E$9)*($AL40))+0.25) -> 1 | F49: =IF(ROUND(((F50-$E$9)*($AL40))+0.25,0) <=0,1,((F50-$E$9)*($AL40))+0.25) -> 1 | G49: =IF(ROUND(((G50-$E$9)*($AL40))+0.25,0) <=0,1,((G50-$E$9)*($AL40))+0.25) -> 1 | H49: =IF(ROUND(((H50-$E$9)*($AL40))+0.25,0) <=0,1,((H50-$E$9)*($AL40))+0.25) -> 1 | I49: =IF(ROUND(((I50-$E$9)*($AL40))+0.25,0) <=0,1,((I50-$E$9)*($AL40))+0.25) -> 2.63 | J49: =IF(ROUND(((J50-$E$9)*($AL40))+0.25,0) <=0,1,((J50-$E$9)*($AL40))+0.25) -> 1 | K49: =IF(ROUND(((K50-$E$9)*($AL40))+0.25,0) <=0,1,((K50-$E$9)*($AL40))+0.25) -> 1 | L49: =IF(ROUND(((L50-$E$9)*($AL40))+0.25,0) <=0,1,((L50-$E$9)*($AL40))+0.25) -> 2.72 | ... AC49: =IF(ROUND(((AC50-$E$9)*($AL40))+0.25,0) <=0,1,((AC50-$E$9)*($AL40))+0.25) -> 43.57 | AD49: =IF(((AD50-$AD$9)*($AL40))+0.5 <0,1,((AD50-$AD$9)*($AL40))+0.5 ) -> 22.31 | AE49: =IF(((AE50-$AD$9)*($AL40))+0.5 <0,1,((AE50-$AD$9)*($AL40))+0.5 ) -> 11.12 | AF49: =IF(((AF50-$AD$9)*($AL40))+0.5 <0,1,((AF50-$AD$9)*($AL40))+0.5 ) -> 60.68 | AG49: =IF(((AG50-$AD$9)*($AL40))+0.5 <0,1,((AG50-$AD$9)*($AL40))+0.5 ) -> 27.88 | AH49: =IF(((AH50-$AH$9)*($AL40))+0.5 <0,1,((AH50-$AH$9)*($AL40)) ) -> 100 | AI49: =IF(((AI50-$AH$9)*($AL40))+0.5 <0,1,((AI50-$AH$9)*($AL40))) -> 100
D50: Census % | E50: =IFERROR(E40/$AL40,0) -> 0.00155 | F50: =IFERROR(F40/$AL40,0) -> 0.00155 | G50: =IFERROR(G40/$AL40,0) -> 0.0059 | H50: =IFERROR(H40/$AL40,0) -> 0.00725 | I50: =IFERROR(I40/$AL40,0) -> 0.0319 | J50: =IFERROR(J40/$AL40,0) -> 0.00185 | K50: =IFERROR(K40/$AL40,0) -> 0.0086 | L50: =IFERROR(L40/$AL40,0) -> 0.03235 | ... AJ50: =IFERROR(AJ40/$AL40,0) -> 0
D51: Usable % | E51: =IFERROR(E41/$AL40,0) -> 0 | F51: =IFERROR(F41/$AL40,0) -> 0 | G51: =IFERROR(G41/$AL40,0) -> 0.01 | H51: =IFERROR(H41/$AL40,0) -> 0.005 | I51: =IFERROR(I41/$AL40,0) -> 0.03 | J51: =IFERROR(J41/$AL40,0) -> 0.005 | K51: =IFERROR(K41/$AL40,0) -> 0.01 | L51: =IFERROR(L41/$AL40,0) -> 0.03 | ... AJ51: =IFERROR(AJ41/$AL40,0) -> 0
D52: Difference % | E52: =E51-E50 -> -0.00155 | F52: =F51-F50 -> -0.00155 | G52: =G51-G50 -> 0.0041 | H52: =H51-H50 -> -0.00225 | I52: =I51-I50 -> -0.0019 | J52: =J51-J50 -> 0.00315 | K52: =K51-K50 -> 0.0014 | L52: =L51-L50 -> -0.00235 | ... AJ52: =AJ51-AJ50 -> 0
B53: Open | C53: =aurora_data!A28 -> 09.00.00-09.11.30 | D53: Target | E53: =aurora_data!D28 -> 0.36 | F53: =aurora_data!E28 -> 0.35 | G53: =aurora_data!F28 -> 1.21 | H53: =aurora_data!G28 -> 1.66 | I53: =aurora_data!H28 -> 6.58 | J53: =aurora_data!I28 -> 0.53 | K53: =aurora_data!J28 -> 1.58 | L53: =aurora_data!K28 -> 7.47 | ... AJ53: =aurora_data!AI28 -> 0 | AL53: =aurora_data!AJ28 -> 200 | AM53: =SUM(AL53)/$AL$53 -> 1
D54: Usable | E54: =aurora_data!D29 -> 1 | F54: =aurora_data!E29 -> 0 | G54: =aurora_data!F29 -> 0 | H54: =aurora_data!G29 -> 2 | I54: =aurora_data!H29 -> 7 | J54: =aurora_data!I29 -> 1 | K54: =aurora_data!J29 -> 2 | L54: =aurora_data!K29 -> 7 | ... AJ54: =aurora_data!AI29 -> 0 | AL54: =aurora_data!AJ29 -> 197 | AM54: =SUM(AL54)/$AL$53 -> 0.985
D55: Stratified Out Usable N | E55: =aurora_data!D30 -> 0 | F55: =aurora_data!E30 -> 0 | G55: =aurora_data!F30 -> 0 | H55: =aurora_data!G30 -> 2 | I55: =aurora_data!H30 -> 0 | J55: =aurora_data!I30 -> 1 | K55: =aurora_data!J30 -> 2 | L55: =aurora_data!K30 -> 1 | ... AJ55: =aurora_data!AI30 -> 0 | AL55: =aurora_data!AJ30 -> 32 | AM55: =SUM(AL55)/$AL$53 -> 0.16
D56: In Process | E56: =aurora_data!D31 -> 0 | F56: =aurora_data!E31 -> 0 | G56: =aurora_data!F31 -> 0 | H56: =aurora_data!G31 -> 0 | I56: =aurora_data!H31 -> 0 | J56: =aurora_data!I31 -> 0 | K56: =aurora_data!J31 -> 0 | L56: =aurora_data!K31 -> 0 | ... AJ56: =aurora_data!AI31 -> 0 | AL56: =aurora_data!AJ31 -> 1 | AM56: =SUM(AL56)/$AL$53 -> 0.005
D57: Assigned Not Received | E57: =aurora_data!D32 -> 0 | F57: =aurora_data!E32 -> 0 | G57: =aurora_data!F32 -> 1 | H57: =aurora_data!G32 -> 0 | I57: =aurora_data!H32 -> 0 | J57: =aurora_data!I32 -> 0 | K57: =aurora_data!J32 -> 0 | L57: =aurora_data!K32 -> 0 | ... AJ57: =aurora_data!AI32 -> 0 | AL57: =aurora_data!AJ32 -> 3 | AM57: =SUM(AL57)/$AL$53 -> 0.015
D58: Reserved Not Received | E58: =aurora_data!D33 -> 0 | F58: =aurora_data!E33 -> 0 | G58: =aurora_data!F33 -> 0 | H58: =aurora_data!G33 -> 0 | I58: =aurora_data!H33 -> 0 | J58: =aurora_data!I33 -> 0 | K58: =aurora_data!J33 -> 0 | L58: =aurora_data!K33 -> 0 | ... AJ58: =aurora_data!AI33 -> 0 | AL58: =aurora_data!AJ33 -> 4 | AM58: =SUM(AL58)/$AL$53 -> 0.02
D59: Total Assignments | E59: =aurora_data!D34 -> 1 | F59: =aurora_data!E34 -> 0 | G59: =aurora_data!F34 -> 1 | H59: =aurora_data!G34 -> 4 | I59: =aurora_data!H34 -> 7 | J59: =aurora_data!I34 -> 2 | K59: =aurora_data!J34 -> 4 | L59: =aurora_data!K34 -> 8 | ... AJ59: =aurora_data!AI34 -> 0 | AL59: =aurora_data!AJ34 -> 237 | AM59: =SUM(AL59)/$AL$53 -> 1.185
D60: Selected | E60: =aurora_data!D35 -> 0 | F60: =aurora_data!E35 -> 0 | G60: =aurora_data!F35 -> 0 | H60: =aurora_data!G35 -> 0 | I60: =aurora_data!H35 -> 0 | J60: =aurora_data!I35 -> 0 | K60: =aurora_data!J35 -> 0 | L60: =aurora_data!K35 -> 0 | ... AJ60: =aurora_data!AI35 -> 0 | AL60: =aurora_data!AJ35 -> 6 | AM60: =SUM(AL60)/$AL$53 -> 0.03
D61: Max N Variance | E61: =ROUNDDOWN((E63+$E$9)*($AL53),0) -> 4 | F61: =ROUNDDOWN((F63+$E$9)*($AL53),0) -> 4 | G61: =ROUNDDOWN((G63+$E$9)*($AL53),0) -> 5 | H61: =ROUNDDOWN((H63+$E$9)*($AL53),0) -> 5 | I61: =ROUNDDOWN((I63+$E$9)*($AL53),0) -> 10 | J61: =ROUNDDOWN((J63+$E$9)*($AL53),0) -> 4 | K61: =ROUNDDOWN((K63+$E$9)*($AL53),0) -> 5 | L61: =ROUNDDOWN((L63+$E$9)*($AL53),0) -> 11 | ... AC61: =ROUNDDOWN((AC63+$E$9)*($AL53),0) -> 52 | AD61: =ROUNDDOWN((AD63+$AD$9)*($AL53),0) -> 63 | AE61: =ROUNDDOWN((AE63+$AD$9)*($AL53),0) -> 51 | AF61: =ROUNDDOWN((AF63+$AD$9)*($AL53),0) -> 99 | AG61: =ROUNDDOWN((AG63+$AD$9)*($AL53),0) -> 66 | AH61: =ROUNDDOWN((AH63+$AH$9)*($AL53),0) -> 100 | AI61: =ROUNDDOWN((AI63+$AH$9)*($AL53),0) -> 100 | AJ61: =ROUNDDOWN((AJ63+$AH$8)*($AL53),0) -> 0
D62: Min N Variance | E62: =IF(ROUND(((E63-$E$9)*($AL53))+0.25,0) <=0,1,((E63-$E$9)*($AL53))+0.25) -> 1 | F62: =IF(ROUND(((F63-$E$9)*($AL53))+0.25,0) <=0,1,((F63-$E$9)*($AL53))+0.25) -> 1 | G62: =IF(ROUND(((G63-$E$9)*($AL53))+0.25,0) <=0,1,((G63-$E$9)*($AL53))+0.25) -> 1 | H62: =IF(ROUND(((H63-$E$9)*($AL53))+0.25,0) <=0,1,((H63-$E$9)*($AL53))+0.25) -> 1 | I62: =IF(ROUND(((I63-$E$9)*($AL53))+0.25,0) <=0,1,((I63-$E$9)*($AL53))+0.25) -> 2.83 | J62: =IF(ROUND(((J63-$E$9)*($AL53))+0.25,0) <=0,1,((J63-$E$9)*($AL53))+0.25) -> 1 | K62: =IF(ROUND(((K63-$E$9)*($AL53))+0.25,0) <=0,1,((K63-$E$9)*($AL53))+0.25) -> 1 | L62: =IF(ROUND(((L63-$E$9)*($AL53))+0.25,0) <=0,1,((L63-$E$9)*($AL53))+0.25) -> 3.72 | ... AC62: =IF(ROUND(((AC63-$E$9)*($AL53))+0.25,0) <=0,1,((AC63-$E$9)*($AL53))+0.25) -> 44.45 | AD62: =IF(((AD63-$AD$9)*($AL53))+0.5 <0,1,((AD63-$AD$9)*($AL53))+0.5 ) -> 23.72 | AE62: =IF(((AE63-$AD$9)*($AL53))+0.5 <0,1,((AE63-$AD$9)*($AL53))+0.5 ) -> 11.58 | AF62: =IF(((AF63-$AD$9)*($AL53))+0.5 <0,1,((AF63-$AD$9)*($AL53))+0.5 ) -> 59.9 | AG62: =IF(((AG63-$AD$9)*($AL53))+0.5 <0,1,((AG63-$AD$9)*($AL53))+0.5 ) -> 26.81 | AH62: =IF(((AH63-$AH$9)*($AL53))+0.5 <0,1,((AH63-$AH$9)*($AL53)) ) -> 100 | AI62: =IF(((AI63-$AH$9)*($AL53))+0.5 <0,1,((AI63-$AH$9)*($AL53))) -> 100 | AJ62: =IF(((AJ63-$AH$8)*($AL53))+0.5 <0,1,((AJ63-$AH$8)*($AL53))+0.5 ) -> 0.5
D63: Census % | E63: =IFERROR(E53/$AL53,0) -> 0.0018 | F63: =IFERROR(F53/$AL53,0) -> 0.00175 | G63: =IFERROR(G53/$AL53,0) -> 0.00605 | H63: =IFERROR(H53/$AL53,0) -> 0.0083 | I63: =IFERROR(I53/$AL53,0) -> 0.0329 | J63: =IFERROR(J53/$AL53,0) -> 0.00265 | K63: =IFERROR(K53/$AL53,0) -> 0.0079 | L63: =IFERROR(L53/$AL53,0) -> 0.03735 | ... AJ63: =IFERROR(AJ53/$AL53,0) -> 0
D64: Usable % | E64: =IFERROR(E54/$AL53,0) -> 0.005 | F64: =IFERROR(F54/$AL53,0) -> 0 | G64: =IFERROR(G54/$AL53,0) -> 0 | H64: =IFERROR(H54/$AL53,0) -> 0.01 | I64: =IFERROR(I54/$AL53,0) -> 0.035 | J64: =IFERROR(J54/$AL53,0) -> 0.005 | K64: =IFERROR(K54/$AL53,0) -> 0.01 | L64: =IFERROR(L54/$AL53,0) -> 0.035 | ... AJ64: =IFERROR(AJ54/$AL53,0) -> 0
D65: Difference % | E65: =E64-E63 -> 0.0032 | F65: =F64-F63 -> -0.00175 | G65: =G64-G63 -> -0.00605 | H65: =H64-H63 -> 0.0017 | I65: =I64-I63 -> 0.0021 | J65: =J64-J63 -> 0.00235 | K65: =K64-K63 -> 0.0021 | L65: =L64-L63 -> -0.00235 | ... AJ65: =AJ64-AJ63 -> 0
B66: Open | C66: =aurora_data!A36 -> 10.00.00-10.11.30 | D66: Target | E66: =aurora_data!D36 -> 0.28 | F66: =aurora_data!E36 -> 0.51 | G66: =aurora_data!F36 -> 1.15 | H66: =aurora_data!G36 -> 1.65 | I66: =aurora_data!H36 -> 6.75 | J66: =aurora_data!I36 -> 0.52 | K66: =aurora_data!J36 -> 1.85 | L66: =aurora_data!K36 -> 7.36 | ... AJ66: =aurora_data!AI36 -> 0 | AL66: =aurora_data!AJ36 -> 200 | AM66: =SUM(AL66)/$AL$66 -> 1
D67: Usable | E67: =aurora_data!D37 -> 0 | F67: =aurora_data!E37 -> 0 | G67: =aurora_data!F37 -> 1 | H67: =aurora_data!G37 -> 2 | I67: =aurora_data!H37 -> 7 | J67: =aurora_data!I37 -> 1 | K67: =aurora_data!J37 -> 2 | L67: =aurora_data!K37 -> 7 | ... AJ67: =aurora_data!AI37 -> 0 | AL67: =aurora_data!AJ37 -> 196 | AM67: =SUM(AL67)/$AL$66 -> 0.98
D68: Stratified Out Usable N | E68: =aurora_data!D38 -> 0 | F68: =aurora_data!E38 -> 0 | G68: =aurora_data!F38 -> 1 | H68: =aurora_data!G38 -> 1 | I68: =aurora_data!H38 -> 0 | J68: =aurora_data!I38 -> 1 | K68: =aurora_data!J38 -> 0 | L68: =aurora_data!K38 -> 1 | ... AJ68: =aurora_data!AI38 -> 0 | AL68: =aurora_data!AJ38 -> 35 | AM68: =SUM(AL68)/$AL$66 -> 0.175
D69: In Process | E69: =aurora_data!D39 -> 0 | F69: =aurora_data!E39 -> 0 | G69: =aurora_data!F39 -> 0 | H69: =aurora_data!G39 -> 0 | I69: =aurora_data!H39 -> 0 | J69: =aurora_data!I39 -> 0 | K69: =aurora_data!J39 -> 0 | L69: =aurora_data!K39 -> 0 | ... AJ69: =aurora_data!AI39 -> 0 | AL69: =aurora_data!AJ39 -> 0 | AM69: =SUM(AL69)/$AL$66 -> 0
D70: Assigned Not Received | E70: =aurora_data!D40 -> 0 | F70: =aurora_data!E40 -> 0 | G70: =aurora_data!F40 -> 0 | H70: =aurora_data!G40 -> 0 | I70: =aurora_data!H40 -> 0 | J70: =aurora_data!I40 -> 0 | K70: =aurora_data!J40 -> 0 | L70: =aurora_data!K40 -> 0 | ... AJ70: =aurora_data!AI40 -> 0 | AL70: =aurora_data!AJ40 -> 4 | AM70: =SUM(AL70)/$AL$66 -> 0.02
D71: Reserved Not Received | E71: =aurora_data!D41 -> 0 | F71: =aurora_data!E41 -> 0 | G71: =aurora_data!F41 -> 0 | H71: =aurora_data!G41 -> 0 | I71: =aurora_data!H41 -> 0 | J71: =aurora_data!I41 -> 0 | K71: =aurora_data!J41 -> 0 | L71: =aurora_data!K41 -> 0 | ... AJ71: =aurora_data!AI41 -> 0 | AL71: =aurora_data!AJ41 -> 0 | AM71: =SUM(AL71)/$AL$66 -> 0
D72: Total Assignments | E72: =aurora_data!D42 -> 0 | F72: =aurora_data!E42 -> 0 | G72: =aurora_data!F42 -> 2 | H72: =aurora_data!G42 -> 3 | I72: =aurora_data!H42 -> 7 | J72: =aurora_data!I42 -> 2 | K72: =aurora_data!J42 -> 2 | L72: =aurora_data!K42 -> 8 | ... AJ72: =aurora_data!AI42 -> 0 | AL72: =aurora_data!AJ42 -> 235 | AM72: =SUM(AL72)/$AL$66 -> 1.175
D73: Selected | E73: =aurora_data!D43 -> 0 | F73: =aurora_data!E43 -> 0 | G73: =aurora_data!F43 -> 0 | H73: =aurora_data!G43 -> 0 | I73: =aurora_data!H43 -> 0 | J73: =aurora_data!I43 -> 0 | K73: =aurora_data!J43 -> 0 | L73: =aurora_data!K43 -> 0 | ... AJ73: =aurora_data!AI43 -> 0 | AL73: =aurora_data!AJ43 -> 7 | AM73: =SUM(AL73)/$AL$66 -> 0.035
D74: Max N Variance | E74: =ROUNDDOWN((E76+$E$9)*($AL66),0) -> 4 | F74: =ROUNDDOWN((F76+$E$9)*($AL66),0) -> 4 | G74: =ROUNDDOWN((G76+$E$9)*($AL66),0) -> 5 | H74: =ROUNDDOWN((H76+$E$9)*($AL66),0) -> 5 | I74: =ROUNDDOWN((I76+$E$9)*($AL66),0) -> 10 | J74: =ROUNDDOWN((J76+$E$9)*($AL66),0) -> 4 | K74: =ROUNDDOWN((K76+$E$9)*($AL66),0) -> 5 | L74: =ROUNDDOWN((L76+$E$9)*($AL66),0) -> 11 | ... AC74: =ROUNDDOWN((AC76+$E$9)*($AL66),0) -> 50 | AD74: =ROUNDDOWN((AD76+$AD$9)*($AL66),0) -> 62 | AE74: =ROUNDDOWN((AE76+$AD$9)*($AL66),0) -> 50 | AF74: =ROUNDDOWN((AF76+$AD$9)*($AL66),0) -> 99 | AG74: =ROUNDDOWN((AG76+$AD$9)*($AL66),0) -> 67 | AH74: =ROUNDDOWN((AH76+$AH$9)*($AL66),0) -> 100 | AI74: =ROUNDDOWN((AI76+$AH$9)*($AL66),0) -> 100 | AJ74: =ROUNDDOWN((AJ76+$AH$8)*($AL66),0) -> 0
D75: Min N Variance | E75: =IF(ROUND(((E76-$E$9)*($AL66))+0.25,0) <=0,1,((E76-$E$9)*($AL66))+0.25) -> 1 | F75: =IF(ROUND(((F76-$E$9)*($AL66))+0.25,0) <=0,1,((F76-$E$9)*($AL66))+0.25) -> 1 | G75: =IF(ROUND(((G76-$E$9)*($AL66))+0.25,0) <=0,1,((G76-$E$9)*($AL66))+0.25) -> 1 | H75: =IF(ROUND(((H76-$E$9)*($AL66))+0.25,0) <=0,1,((H76-$E$9)*($AL66))+0.25) -> 1 | I75: =IF(ROUND(((I76-$E$9)*($AL66))+0.25,0) <=0,1,((I76-$E$9)*($AL66))+0.25) -> 3 | J75: =IF(ROUND(((J76-$E$9)*($AL66))+0.25,0) <=0,1,((J76-$E$9)*($AL66))+0.25) -> 1 | K75: =IF(ROUND(((K76-$E$9)*($AL66))+0.25,0) <=0,1,((K76-$E$9)*($AL66))+0.25) -> 1 | L75: =IF(ROUND(((L76-$E$9)*($AL66))+0.25,0) <=0,1,((L76-$E$9)*($AL66))+0.25) -> 3.61 | ... AC75: =IF(ROUND(((AC76-$E$9)*($AL66))+0.25,0) <=0,1,((AC76-$E$9)*($AL66))+0.25) -> 42.91 | AD75: =IF(((AD76-$AD$9)*($AL66))+0.5 <0,1,((AD76-$AD$9)*($AL66))+0.5 ) -> 22.99 | AE75: =IF(((AE76-$AD$9)*($AL66))+0.5 <0,1,((AE76-$AD$9)*($AL66))+0.5 ) -> 11 | AF75: =IF(((AF76-$AD$9)*($AL66))+0.5 <0,1,((AF76-$AD$9)*($AL66))+0.5 ) -> 59.71 | AG75: =IF(((AG76-$AD$9)*($AL66))+0.5 <0,1,((AG76-$AD$9)*($AL66))+0.5 ) -> 28.3 | AH75: =IF(((AH76-$AH$9)*($AL66))+0.5 <0,1,((AH76-$AH$9)*($AL66)) ) -> 100 | AI75: =IF(((AI76-$AH$9)*($AL66))+0.5 <0,1,((AI76-$AH$9)*($AL66))) -> 100 | AJ75: =IF(((AJ76-$AH$8)*($AL66))+0.5 <0,1,((AJ76-$AH$8)*($AL66))+0.5 ) -> 0.5
D76: Census % | E76: =IFERROR(E66/$AL66,0) -> 0.0014 | F76: =IFERROR(F66/$AL66,0) -> 0.00255 | G76: =IFERROR(G66/$AL66,0) -> 0.00575 | H76: =IFERROR(H66/$AL66,0) -> 0.00825 | I76: =IFERROR(I66/$AL66,0) -> 0.03375 | J76: =IFERROR(J66/$AL66,0) -> 0.0026 | K76: =IFERROR(K66/$AL66,0) -> 0.00925 | L76: =IFERROR(L66/$AL66,0) -> 0.0368 | ... AJ76: =IFERROR(AJ66/$AL66,0) -> 0
D77: Usable % | E77: =IFERROR(E67/$AL66,0) -> 0 | F77: =IFERROR(F67/$AL66,0) -> 0 | G77: =IFERROR(G67/$AL66,0) -> 0.005 | H77: =IFERROR(H67/$AL66,0) -> 0.01 | I77: =IFERROR(I67/$AL66,0) -> 0.035 | J77: =IFERROR(J67/$AL66,0) -> 0.005 | K77: =IFERROR(K67/$AL66,0) -> 0.01 | L77: =IFERROR(L67/$AL66,0) -> 0.035 | ... AJ77: =IFERROR(AJ67/$AL66,0) -> 0
D78: Difference % | E78: =E77-E76 -> -0.0014 | F78: =F77-F76 -> -0.00255 | G78: =G77-G76 -> -0.00075 | H78: =H77-H76 -> 0.00175 | I78: =I77-I76 -> 0.00125 | J78: =J77-J76 -> 0.0024 | K78: =K77-K76 -> 0.00075 | L78: =L77-L76 -> -0.0018 | ... AJ78: =AJ77-AJ76 -> 0
B79: Open | C79: =aurora_data!A44 -> 11.00.00-11.11.30 | D79: Target | E79: =aurora_data!D44 -> 0.47 | F79: =aurora_data!E44 -> 0.5 | G79: =aurora_data!F44 -> 1.15 | H79: =aurora_data!G44 -> 1.86 | I79: =aurora_data!H44 -> 6.87 | J79: =aurora_data!I44 -> 0.6 | K79: =aurora_data!J44 -> 1.85 | L79: =aurora_data!K44 -> 6.52 | ... AJ79: =aurora_data!AI44 -> 0 | AL79: =aurora_data!AJ44 -> 200 | AM79: =SUM(AL79)/$AL$79 -> 1
D80: Usable | E80: =aurora_data!D45 -> 1 | F80: =aurora_data!E45 -> 0 | G80: =aurora_data!F45 -> 1 | H80: =aurora_data!G45 -> 2 | I80: =aurora_data!H45 -> 6 | J80: =aurora_data!I45 -> 1 | K80: =aurora_data!J45 -> 2 | L80: =aurora_data!K45 -> 7 | ... AJ80: =aurora_data!AI45 -> 0 | AL80: =aurora_data!AJ45 -> 195 | AM80: =SUM(AL80)/$AL$79 -> 0.975
D81: Stratified Out Usable N | E81: =aurora_data!D46 -> 0 | F81: =aurora_data!E46 -> 0 | G81: =aurora_data!F46 -> 1 | H81: =aurora_data!G46 -> 0 | I81: =aurora_data!H46 -> 0 | J81: =aurora_data!I46 -> 1 | K81: =aurora_data!J46 -> 1 | L81: =aurora_data!K46 -> 0 | ... AJ81: =aurora_data!AI46 -> 0 | AL81: =aurora_data!AJ46 -> 28 | AM81: =SUM(AL81)/$AL$79 -> 0.14
D82: In Process | E82: =aurora_data!D47 -> 0 | F82: =aurora_data!E47 -> 0 | G82: =aurora_data!F47 -> 0 | H82: =aurora_data!G47 -> 0 | I82: =aurora_data!H47 -> 1 | J82: =aurora_data!I47 -> 0 | K82: =aurora_data!J47 -> 0 | L82: =aurora_data!K47 -> 0 | ... AJ82: =aurora_data!AI47 -> 0 | AL82: =aurora_data!AJ47 -> 3 | AM82: =SUM(AL82)/$AL$79 -> 0.015
D83: Assigned Not Received | E83: =aurora_data!D48 -> 0 | F83: =aurora_data!E48 -> 0 | G83: =aurora_data!F48 -> 0 | H83: =aurora_data!G48 -> 0 | I83: =aurora_data!H48 -> 0 | J83: =aurora_data!I48 -> 0 | K83: =aurora_data!J48 -> 0 | L83: =aurora_data!K48 -> 0 | ... AJ83: =aurora_data!AI48 -> 0 | AL83: =aurora_data!AJ48 -> 3 | AM83: =SUM(AL83)/$AL$79 -> 0.015
D84: Reserved Not Received | E84: =aurora_data!D49 -> 0 | F84: =aurora_data!E49 -> 0 | G84: =aurora_data!F49 -> 0 | H84: =aurora_data!G49 -> 0 | I84: =aurora_data!H49 -> 0 | J84: =aurora_data!I49 -> 0 | K84: =aurora_data!J49 -> 0 | L84: =aurora_data!K49 -> 0 | ... AJ84: =aurora_data!AI49 -> 0 | AL84: =aurora_data!AJ49 -> 1 | AM84: =SUM(AL84)/$AL$79 -> 0.005
D85: Total Assignments | E85: =aurora_data!D50 -> 1 | F85: =aurora_data!E50 -> 0 | G85: =aurora_data!F50 -> 2 | H85: =aurora_data!G50 -> 2 | I85: =aurora_data!H50 -> 7 | J85: =aurora_data!I50 -> 2 | K85: =aurora_data!J50 -> 3 | L85: =aurora_data!K50 -> 7 | ... AJ85: =aurora_data!AI50 -> 0 | AL85: =aurora_data!AJ50 -> 230 | AM85: =SUM(AL85)/$AL$79 -> 1.15
D86: Selected | E86: =aurora_data!D51 -> 0 | F86: =aurora_data!E51 -> 0 | G86: =aurora_data!F51 -> 0 | H86: =aurora_data!G51 -> 0 | I86: =aurora_data!H51 -> 2 | J86: =aurora_data!I51 -> 0 | K86: =aurora_data!J51 -> 0 | L86: =aurora_data!K51 -> 0 | ... AJ86: =aurora_data!AI51 -> 0 | AL86: =aurora_data!AJ51 -> 10 | AM86: =SUM(AL86)/$AL$79 -> 0.05
D87: Max N Variance | E87: =ROUNDDOWN((E89+$E$9)*($AL79),0) -> 4 | F87: =ROUNDDOWN((F89+$E$9)*($AL79),0) -> 4 | G87: =ROUNDDOWN((G89+$E$9)*($AL79),0) -> 5 | H87: =ROUNDDOWN((H89+$E$9)*($AL79),0) -> 5 | I87: =ROUNDDOWN((I89+$E$9)*($AL79),0) -> 10 | J87: =ROUNDDOWN((J89+$E$9)*($AL79),0) -> 4 | K87: =ROUNDDOWN((K89+$E$9)*($AL79),0) -> 5 | L87: =ROUNDDOWN((L89+$E$9)*($AL79),0) -> 10 | ... AC87: =ROUNDDOWN((AC89+$E$9)*($AL79),0) -> 50 | AD87: =ROUNDDOWN((AD89+$AD$9)*($AL79),0) -> 61 | AE87: =ROUNDDOWN((AE89+$AD$9)*($AL79),0) -> 52 | AF87: =ROUNDDOWN((AF89+$AD$9)*($AL79),0) -> 98 | AG87: =ROUNDDOWN((AG89+$AD$9)*($AL79),0) -> 67 | AH87: =ROUNDDOWN((AH89+$AH$9)*($AL79),0) -> 100 | AI87: =ROUNDDOWN((AI89+$AH$9)*($AL79),0) -> 100 | AJ87: =ROUNDDOWN((AJ89+$AH$8)*($AL79),0) -> 0
D88: Min N Variance | E88: =IF(ROUND(((E89-$E$9)*($AL79))+0.25,0) <=0,1,((E89-$E$9)*($AL79))+0.25) -> 1 | F88: =IF(ROUND(((F89-$E$9)*($AL79))+0.25,0) <=0,1,((F89-$E$9)*($AL79))+0.25) -> 1 | G88: =IF(ROUND(((G89-$E$9)*($AL79))+0.25,0) <=0,1,((G89-$E$9)*($AL79))+0.25) -> 1 | H88: =IF(ROUND(((H89-$E$9)*($AL79))+0.25,0) <=0,1,((H89-$E$9)*($AL79))+0.25) -> 1 | I88: =IF(ROUND(((I89-$E$9)*($AL79))+0.25,0) <=0,1,((I89-$E$9)*($AL79))+0.25) -> 3.12 | J88: =IF(ROUND(((J89-$E$9)*($AL79))+0.25,0) <=0,1,((J89-$E$9)*($AL79))+0.25) -> 1 | K88: =IF(ROUND(((K89-$E$9)*($AL79))+0.25,0) <=0,1,((K89-$E$9)*($AL79))+0.25) -> 1 | L88: =IF(ROUND(((L89-$E$9)*($AL79))+0.25,0) <=0,1,((L89-$E$9)*($AL79))+0.25) -> 2.77 | ... AC88: =IF(ROUND(((AC89-$E$9)*($AL79))+0.25,0) <=0,1,((AC89-$E$9)*($AL79))+0.25) -> 42.92 | AD88: =IF(((AD89-$AD$9)*($AL79))+0.5 <0,1,((AD89-$AD$9)*($AL79))+0.5 ) -> 22.15 | AE88: =IF(((AE89-$AD$9)*($AL79))+0.5 <0,1,((AE89-$AD$9)*($AL79))+0.5 ) -> 12.58 | AF88: =IF(((AF89-$AD$9)*($AL79))+0.5 <0,1,((AF89-$AD$9)*($AL79))+0.5 ) -> 59.44 | AG88: =IF(((AG89-$AD$9)*($AL79))+0.5 <0,1,((AG89-$AD$9)*($AL79))+0.5 ) -> 27.83 | AH88: =IF(((AH89-$AH$9)*($AL79))+0.5 <0,1,((AH89-$AH$9)*($AL79)) ) -> 100 | AI88: =IF(((AI89-$AH$9)*($AL79))+0.5 <0,1,((AI89-$AH$9)*($AL79))) -> 100 | AJ88: =IF(((AJ89-$AH$8)*($AL79))+0.5 <0,1,((AJ89-$AH$8)*($AL79))+0.5 ) -> 0.5
D89: Census % | E89: =IFERROR(E79/$AL79,0) -> 0.00235 | F89: =IFERROR(F79/$AL79,0) -> 0.0025 | G89: =IFERROR(G79/$AL79,0) -> 0.00575 | H89: =IFERROR(H79/$AL79,0) -> 0.0093 | I89: =IFERROR(I79/$AL79,0) -> 0.03435 | J89: =IFERROR(J79/$AL79,0) -> 0.003 | K89: =IFERROR(K79/$AL79,0) -> 0.00925 | L89: =IFERROR(L79/$AL79,0) -> 0.0326 | ... AJ89: =IFERROR(AJ79/$AL79,0) -> 0
D90: Usable % | E90: =IFERROR(E80/$AL79,0) -> 0.005 | F90: =IFERROR(F80/$AL79,0) -> 0 | G90: =IFERROR(G80/$AL79,0) -> 0.005 | H90: =IFERROR(H80/$AL79,0) -> 0.01 | I90: =IFERROR(I80/$AL79,0) -> 0.03 | J90: =IFERROR(J80/$AL79,0) -> 0.005 | K90: =IFERROR(K80/$AL79,0) -> 0.01 | L90: =IFERROR(L80/$AL79,0) -> 0.035 | ... AJ90: =IFERROR(AJ80/$AL79,0) -> 0
D91: Difference % | E91: =E90-E89 -> 0.00265 | F91: =F90-F89 -> -0.0025 | G91: =G90-G89 -> -0.00075 | H91: =H90-H89 -> 0.0007 | I91: =I90-I89 -> -0.00435 | J91: =J90-J89 -> 0.002 | K91: =K90-K89 -> 0.00075 | L91: =L90-L89 -> 0.0024 | ... AJ91: =AJ90-AJ89 -> 0
B92: Open | C92: =aurora_data!A52 -> 12.00.00-12.11.30 | D92: Target | E92: =aurora_data!D52 -> 0.35 | F92: =aurora_data!E52 -> 0.42 | G92: =aurora_data!F52 -> 1.23 | H92: =aurora_data!G52 -> 1.65 | I92: =aurora_data!H52 -> 6.07 | J92: =aurora_data!I52 -> 0.55 | K92: =aurora_data!J52 -> 1.51 | L92: =aurora_data!K52 -> 6.43 | ... AJ92: =aurora_data!AI52 -> 0 | AL92: =aurora_data!AJ52 -> 200 | AM92: =SUM(AL92)/$AL$92 -> 1
D93: Usable | E93: =aurora_data!D53 -> 0 | F93: =aurora_data!E53 -> 1 | G93: =aurora_data!F53 -> 1 | H93: =aurora_data!G53 -> 2 | I93: =aurora_data!H53 -> 6 | J93: =aurora_data!I53 -> 1 | K93: =aurora_data!J53 -> 2 | L93: =aurora_data!K53 -> 6 | ... AJ93: =aurora_data!AI53 -> 0 | AL93: =aurora_data!AJ53 -> 199 | AM93: =SUM(AL93)/$AL$92 -> 0.995
D94: Stratified Out Usable N | E94: =aurora_data!D54 -> 0 | F94: =aurora_data!E54 -> 0 | G94: =aurora_data!F54 -> 1 | H94: =aurora_data!G54 -> 1 | I94: =aurora_data!H54 -> 1 | J94: =aurora_data!I54 -> 1 | K94: =aurora_data!J54 -> 2 | L94: =aurora_data!K54 -> 0 | ... AJ94: =aurora_data!AI54 -> 0 | AL94: =aurora_data!AJ54 -> 24 | AM94: =SUM(AL94)/$AL$92 -> 0.12
D95: In Process | E95: =aurora_data!D55 -> 0 | F95: =aurora_data!E55 -> 0 | G95: =aurora_data!F55 -> 0 | H95: =aurora_data!G55 -> 0 | I95: =aurora_data!H55 -> 0 | J95: =aurora_data!I55 -> 0 | K95: =aurora_data!J55 -> 0 | L95: =aurora_data!K55 -> 0 | ... AJ95: =aurora_data!AI55 -> 0 | AL95: =aurora_data!AJ55 -> 0 | AM95: =SUM(AL95)/$AL$92 -> 0
D96: Assigned Not Received | E96: =aurora_data!D56 -> 0 | F96: =aurora_data!E56 -> 0 | G96: =aurora_data!F56 -> 0 | H96: =aurora_data!G56 -> 0 | I96: =aurora_data!H56 -> 0 | J96: =aurora_data!I56 -> 0 | K96: =aurora_data!J56 -> 0 | L96: =aurora_data!K56 -> 0 | ... AJ96: =aurora_data!AI56 -> 0 | AL96: =aurora_data!AJ56 -> 3 | AM96: =SUM(AL96)/$AL$92 -> 0.015
D97: Reserved Not Received | E97: =aurora_data!D57 -> 0 | F97: =aurora_data!E57 -> 0 | G97: =aurora_data!F57 -> 0 | H97: =aurora_data!G57 -> 0 | I97: =aurora_data!H57 -> 0 | J97: =aurora_data!I57 -> 0 | K97: =aurora_data!J57 -> 0 | L97: =aurora_data!K57 -> 0 | ... AJ97: =aurora_data!AI57 -> 0 | AL97: =aurora_data!AJ57 -> 0 | AM97: =SUM(AL97)/$AL$92 -> 0
D98: Total Assignments | E98: =aurora_data!D58 -> 0 | F98: =aurora_data!E58 -> 1 | G98: =aurora_data!F58 -> 2 | H98: =aurora_data!G58 -> 3 | I98: =aurora_data!H58 -> 7 | J98: =aurora_data!I58 -> 2 | K98: =aurora_data!J58 -> 4 | L98: =aurora_data!K58 -> 6 | ... AJ98: =aurora_data!AI58 -> 0 | AL98: =aurora_data!AJ58 -> 226 | AM98: =SUM(AL98)/$AL$92 -> 1.13
D99: Selected | E99: =aurora_data!D59 -> 0 | F99: =aurora_data!E59 -> 0 | G99: =aurora_data!F59 -> 0 | H99: =aurora_data!G59 -> 0 | I99: =aurora_data!H59 -> 0 | J99: =aurora_data!I59 -> 0 | K99: =aurora_data!J59 -> 0 | L99: =aurora_data!K59 -> 0 | ... AJ99: =aurora_data!AI59 -> 0 | AL99: =aurora_data!AJ59 -> 3 | AM99: =SUM(AL99)/$AL$92 -> 0.015
D100: Max N Variance | E100: =ROUNDDOWN((E102+$E$9)*($AL92),0) -> 4 | F100: =ROUNDDOWN((F102+$E$9)*($AL92),0) -> 4 | G100: =ROUNDDOWN((G102+$E$9)*($AL92),0) -> 5 | H100: =ROUNDDOWN((H102+$E$9)*($AL92),0) -> 5 | I100: =ROUNDDOWN((I102+$E$9)*($AL92),0) -> 10 | J100: =ROUNDDOWN((J102+$E$9)*($AL92),0) -> 4 | K100: =ROUNDDOWN((K102+$E$9)*($AL92),0) -> 5 | L100: =ROUNDDOWN((L102+$E$9)*($AL92),0) -> 10 | ... AC100: =ROUNDDOWN((AC102+$E$9)*($AL92),0) -> 50 | AD100: =ROUNDDOWN((AD102+$AD$9)*($AL92),0) -> 62 | AE100: =ROUNDDOWN((AE102+$AD$9)*($AL92),0) -> 51 | AF100: =ROUNDDOWN((AF102+$AD$9)*($AL92),0) -> 98 | AG100: =ROUNDDOWN((AG102+$AD$9)*($AL92),0) -> 67 | AH100: =ROUNDDOWN((AH102+$AH$9)*($AL92),0) -> 100 | AI100: =ROUNDDOWN((AI102+$AH$9)*($AL92),0) -> 100 | AJ100: =ROUNDDOWN((AJ102+$AH$8)*($AL92),0) -> 0
D101: Min N Variance | E101: =IF(ROUND(((E102-$E$9)*($AL92))+0.25,0) <=0,1,((E102-$E$9)*($AL92))+0.25) -> 1 | F101: =IF(ROUND(((F102-$E$9)*($AL92))+0.25,0) <=0,1,((F102-$E$9)*($AL92))+0.25) -> 1 | G101: =IF(ROUND(((G102-$E$9)*($AL92))+0.25,0) <=0,1,((G102-$E$9)*($AL92))+0.25) -> 1 | H101: =IF(ROUND(((H102-$E$9)*($AL92))+0.25,0) <=0,1,((H102-$E$9)*($AL92))+0.25) -> 1 | I101: =IF(ROUND(((I102-$E$9)*($AL92))+0.25,0) <=0,1,((I102-$E$9)*($AL92))+0.25) -> 2.32 | J101: =IF(ROUND(((J102-$E$9)*($AL92))+0.25,0) <=0,1,((J102-$E$9)*($AL92))+0.25) -> 1 | K101: =IF(ROUND(((K102-$E$9)*($AL92))+0.25,0) <=0,1,((K102-$E$9)*($AL92))+0.25) -> 1 | L101: =IF(ROUND(((L102-$E$9)*($AL92))+0.25,0) <=0,1,((L102-$E$9)*($AL92))+0.25) -> 2.68 | ... AC101: =IF(ROUND(((AC102-$E$9)*($AL92))+0.25,0) <=0,1,((AC102-$E$9)*($AL92))+0.25) -> 42.64 | AD101: =IF(((AD102-$AD$9)*($AL92))+0.5 <0,1,((AD102-$AD$9)*($AL92))+0.5 ) -> 22.92 | AE101: =IF(((AE102-$AD$9)*($AL92))+0.5 <0,1,((AE102-$AD$9)*($AL92))+0.5 ) -> 12 | AF101: =IF(((AF102-$AD$9)*($AL92))+0.5 <0,1,((AF102-$AD$9)*($AL92))+0.5 ) -> 58.76 | AG101: =IF(((AG102-$AD$9)*($AL92))+0.5 <0,1,((AG102-$AD$9)*($AL92))+0.5 ) -> 28.32 | AH101: =IF(((AH102-$AH$9)*($AL92))+0.5 <0,1,((AH102-$AH$9)*($AL92)) ) -> 100 | AI101: =IF(((AI102-$AH$9)*($AL92))+0.5 <0,1,((AI102-$AH$9)*($AL92))) -> 100 | AJ101: =IF(((AJ102-$AH$8)*($AL92))+0.5 <0,1,((AJ102-$AH$8)*($AL92))+0.5 ) -> 0.5
D102: Census % | E102: =IFERROR(E92/$AL92,0) -> 0.00175 | F102: =IFERROR(F92/$AL92,0) -> 0.0021 | G102: =IFERROR(G92/$AL92,0) -> 0.00615 | H102: =IFERROR(H92/$AL92,0) -> 0.00825 | I102: =IFERROR(I92/$AL92,0) -> 0.03035 | J102: =IFERROR(J92/$AL92,0) -> 0.00275 | K102: =IFERROR(K92/$AL92,0) -> 0.00755 | L102: =IFERROR(L92/$AL92,0) -> 0.03215 | ... AJ102: =IFERROR(AJ92/$AL92,0) -> 0
D103: Usable % | E103: =IFERROR(E93/$AL92,0) -> 0 | F103: =IFERROR(F93/$AL92,0) -> 0.005 | G103: =IFERROR(G93/$AL92,0) -> 0.005 | H103: =IFERROR(H93/$AL92,0) -> 0.01 | I103: =IFERROR(I93/$AL92,0) -> 0.03 | J103: =IFERROR(J93/$AL92,0) -> 0.005 | K103: =IFERROR(K93/$AL92,0) -> 0.01 | L103: =IFERROR(L93/$AL92,0) -> 0.03 | ... AJ103: =IFERROR(AJ93/$AL92,0) -> 0
...

Sheet WISC6_STDZ_P_2cross
B1: Total Assigments below Target | E1: Study Information | P1: Additional Information
B2: Usable greater/equal to target | E2: =_xlfn.CONCAT("Study Name: "," WISC-6 Standardization - Paper") -> Study Name: WISC-6 Standardization - Paper | M2: Usable = case is available to Psychometrics for this study In Process = questionable, In Process Assigned Not Recd = Tests assigned to examiners, no tests received (required tests) Reserved not Received = Tests in reserved status, not received Total Assignments = sum of Usable, Received Non Final, Assigned Partial Received, Assigned Not Received Selected = default status for making an assignment
E3: =_xlfn.CONCAT("Study Acronym: "," WISC6_STDZ_P") -> Study Acronym: WISC6_STDZ_P | H3: Study ID: 3766
E5: Additional Requirements
E6: REG : A least some for each region within sampling band ETH : ±4% for White, up to +4% for any other group, cannot go lower than target for any group except White. Must also meet margin requirements for age x race/eth and age x PED but age x race/eth x PED is reported in manual. SEX : Within each sampling band must be exactly 50/50 M/F ED: Vary by +2% for any group, but cannot go lower than target for any group except PED 4 or 5 Each sampling band must be exactly N=200
C9: =_xlfn.CONCAT("Last Refreshed at: ",aurora_data!BV4) -> Last Refreshed at: 09/17/2026 @ 7:18 AM | F9: Demographic Variables | X9: Totals
E10: Variance Tolerance: | F10: 0.02 | K10: 0.04 | P10: 0.1
C11: Status | F11: Education Level | K11: Ethnicity | P11: Region | T11: SEX
D12: ageband | E12: report | F12: 1 | G12: 2 | H12: 3 | I12: 4 | J12: 5 | K12: AS | L12: BL | M12: HI | N12: OTH | O12: WH | P12: MW | Q12: NE | R12: SO | S12: WE | T12: F | U12: M | V12: INT
C13: Open | D13: =aurora_data!BA4 -> 06.00.00-06.11.30 | E13: Target | F13: =IFERROR(aurora_data!BD4,0) -> 5.24 | G13: =IFERROR(aurora_data!BE4,0) -> 9.9 | H13: =IFERROR(aurora_data!BF4,0) -> 39.65 | I13: =IFERROR(aurora_data!BG4,0) -> 64.32 | J13: =IFERROR(aurora_data!BH4,0) -> 80.88 | K13: =IFERROR(aurora_data!BI4,0) -> 10.31 | L13: =IFERROR(aurora_data!BJ4,0) -> 24.51 | M13: =IFERROR(aurora_data!BK4,0) -> 48.37 | ... V13: =IFERROR(aurora_data!BT4,0) -> 0 | X13: =IFERROR(aurora_data!BU4,0) -> 200 | Y13: =IFERROR(X13/$X$13,0) -> 1
E14: Usable | F14: =IFERROR(aurora_data!BD5,0) -> 4 | G14: =IFERROR(aurora_data!BE5,0) -> 6 | H14: =IFERROR(aurora_data!BF5,0) -> 36 | I14: =IFERROR(aurora_data!BG5,0) -> 65 | J14: =IFERROR(aurora_data!BH5,0) -> 80 | K14: =IFERROR(aurora_data!BI5,0) -> 9 | L14: =IFERROR(aurora_data!BJ5,0) -> 24 | M14: =IFERROR(aurora_data!BK5,0) -> 46 | ... V14: =IFERROR(aurora_data!BT5,0) -> 0 | X14: =IFERROR(aurora_data!BU5,0) -> 191 | Y14: =IFERROR(X14/$X$13,0) -> 0.955
E15: Stratified Out Usable N | F15: =IFERROR(aurora_data!BD6,0) -> 2 | G15: =IFERROR(aurora_data!BE6,0) -> 0 | H15: =IFERROR(aurora_data!BF6,0) -> 1 | I15: =IFERROR(aurora_data!BG6,0) -> 7 | J15: =IFERROR(aurora_data!BH6,0) -> 15 | K15: =IFERROR(aurora_data!BI6,0) -> 0 | L15: =IFERROR(aurora_data!BJ6,0) -> 4 | M15: =IFERROR(aurora_data!BK6,0) -> 3 | ... V15: =IFERROR(aurora_data!BT6,0) -> 0 | X15: =IFERROR(aurora_data!BU6,0) -> 25 | Y15: =IFERROR(X15/$X$13,0) -> 0.125
E16: In Process | F16: =IFERROR(aurora_data!BD7,0) -> 0 | G16: =IFERROR(aurora_data!BE7,0) -> 0 | H16: =IFERROR(aurora_data!BF7,0) -> 0 | I16: =IFERROR(aurora_data!BG7,0) -> 0 | J16: =IFERROR(aurora_data!BH7,0) -> 0 | K16: =IFERROR(aurora_data!BI7,0) -> 0 | L16: =IFERROR(aurora_data!BJ7,0) -> 0 | M16: =IFERROR(aurora_data!BK7,0) -> 0 | ... V16: =IFERROR(aurora_data!BT7,0) -> 0 | X16: =IFERROR(aurora_data!BU7,0) -> 0 | Y16: =IFERROR(X16/$X$13,0) -> 0
E17: Assigned Not Received | F17: =IFERROR(aurora_data!BD8,0) -> 4 | G17: =IFERROR(aurora_data!BE8,0) -> 3 | H17: =IFERROR(aurora_data!BF8,0) -> 1 | I17: =IFERROR(aurora_data!BG8,0) -> 0 | J17: =IFERROR(aurora_data!BH8,0) -> 2 | K17: =IFERROR(aurora_data!BI8,0) -> 1 | L17: =IFERROR(aurora_data!BJ8,0) -> 2 | M17: =IFERROR(aurora_data!BK8,0) -> 2 | ... V17: =IFERROR(aurora_data!BT8,0) -> 0 | X17: =IFERROR(aurora_data!BU8,0) -> 10 | Y17: =IFERROR(X17/$X$13,0) -> 0.05
E18: Reserved Not Received | F18: =IFERROR(aurora_data!BD9,0) -> 0 | G18: =IFERROR(aurora_data!BE9,0) -> 0 | H18: =IFERROR(aurora_data!BF9,0) -> 1 | I18: =IFERROR(aurora_data!BG9,0) -> 0 | J18: =IFERROR(aurora_data!BH9,0) -> 2 | K18: =IFERROR(aurora_data!BI9,0) -> 0 | L18: =IFERROR(aurora_data!BJ9,0) -> 0 | M18: =IFERROR(aurora_data!BK9,0) -> 1 | ... V18: =IFERROR(aurora_data!BT9,0) -> 0 | X18: =IFERROR(aurora_data!BU9,0) -> 3 | Y18: =IFERROR(X18/$X$13,0) -> 0.015
E19: Total Assignments | F19: =IFERROR(aurora_data!BD10,0) -> 10 | G19: =IFERROR(aurora_data!BE10,0) -> 9 | H19: =IFERROR(aurora_data!BF10,0) -> 39 | I19: =IFERROR(aurora_data!BG10,0) -> 72 | J19: =IFERROR(aurora_data!BH10,0) -> 99 | K19: =IFERROR(aurora_data!BI10,0) -> 10 | L19: =IFERROR(aurora_data!BJ10,0) -> 30 | M19: =IFERROR(aurora_data!BK10,0) -> 52 | ... V19: =IFERROR(aurora_data!BT10,0) -> 0 | X19: =IFERROR(aurora_data!BU10,0) -> 229 | Y19: =IFERROR(X19/$X$13,0) -> 1.145
E20: Selected | F20: =IFERROR(aurora_data!BD11,0) -> 0 | G20: =IFERROR(aurora_data!BE11,0) -> 0 | H20: =IFERROR(aurora_data!BF11,0) -> 4 | I20: =IFERROR(aurora_data!BG11,0) -> 3 | J20: =IFERROR(aurora_data!BH11,0) -> 4 | K20: =IFERROR(aurora_data!BI11,0) -> 0 | L20: =IFERROR(aurora_data!BJ11,0) -> 0 | M20: =IFERROR(aurora_data!BK11,0) -> 4 | ... V20: =IFERROR(aurora_data!BT11,0) -> 0 | X20: =IFERROR(aurora_data!BU11,0) -> 11 | Y20: =IFERROR(X20/$X$13,0) -> 0.055
E21: Max N Variance | F21: =ROUNDDOWN((F23+$F$10)*($X13),0) -> 9 | G21: =ROUNDDOWN((G23+$F$10)*($X13),0) -> 13 | H21: =ROUNDDOWN((H23+$F$10)*($X13),0) -> 43 | I21: =ROUNDDOWN((I23+$F$10)*($X13),0) -> 68 | J21: =ROUNDDOWN((J23+$F$10)*($X13),0) -> 84 | K21: =ROUNDDOWN((K23+$K$10)*($X13),0) -> 18 | L21: =ROUNDDOWN((L23+$K$10)*($X13),0) -> 32 | M21: =ROUNDDOWN((M23+$K$10)*($X13),0) -> 56 | N21: =ROUNDDOWN((N23+$K$10)*($X13),0) -> 28 | O21: =ROUNDDOWN((O23+$K$10)*($X13),0) -> 104
E22: Min N Variance | F22: =IF(ROUND(((F23-$F$10)*($X13))+0.25,0) <=0,1,((F23-$F$10)*($X13))+0.25) -> 1.49 | G22: =IF(ROUND(((G23-$F$10)*($X13))+0.25,0) <=0,1,((G23-$F$10)*($X13))+0.25) -> 6.15 | H22: =IF(ROUND(((H23-$F$10)*($X13))+0.25,0) <=0,1,((H23-$F$10)*($X13))+0.25) -> 35.9 | I22: =IF(ROUND(((I23-$F$10)*($X13))+0.25,0) <=0,1,((I23-$F$10)*($X13))+0.25) -> 60.57 | J22: =IF(ROUND(((J23-$F$10)*($X13))+0.25,0) <=0,1,((J23-$F$10)*($X13))+0.25) -> 77.13 | K22: =IF(ROUND(((K23-$K$10)*($X13))+0.25,0) <=0,1,((K23-$K$10)*($X13))+0.25) -> 2.56 | L22: =IF(ROUND(((L23-$K$10)*($X13))+0.25,0) <=0,1,((L23-$K$10)*($X13))+0.25) -> 16.76 | M22: =IF(ROUND(((M23-$K$10)*($X13))+0.25,0) <=0,1,((M23-$K$10)*($X13))+0.25) -> 40.62 | N22: =IF(ROUND(((N23-$K$10)*($X13))+0.25,0) <=0,1,((N23-$K$10)*($X13))+0.25) -> 12.43 | O22: =IF(ROUND(((O23-$K$10)*($X13))+0.25,0) <=0,1,((O23-$K$10)*($X13))+0.25) -> 88.89
E23: Census % | F23: =IFERROR(F13/$X13,0) -> 0.0262 | G23: =IFERROR(G13/$X13,0) -> 0.0495 | H23: =IFERROR(H13/$X13,0) -> 0.19825 | I23: =IFERROR(I13/$X13,0) -> 0.3216 | J23: =IFERROR(J13/$X13,0) -> 0.4044 | K23: =IFERROR(K13/$X13,0) -> 0.05155 | L23: =IFERROR(L13/$X13,0) -> 0.12255 | M23: =IFERROR(M13/$X13,0) -> 0.24185 | ... O23: =IFERROR(O13/$X13,0) -> 0.4832
E24: Usable % | F24: =IFERROR(F14/$X13,0) -> 0.02 | G24: =IFERROR(G14/$X13,0) -> 0.03 | H24: =IFERROR(H14/$X13,0) -> 0.18 | I24: =IFERROR(I14/$X13,0) -> 0.325 | J24: =IFERROR(J14/$X13,0) -> 0.4 | K24: =IFERROR(K14/$X13,0) -> 0.045 | L24: =IFERROR(L14/$X13,0) -> 0.12 | M24: =IFERROR(M14/$X13,0) -> 0.23 | ... O24: =IFERROR(O14/$X13,0) -> 0.46
E25: Difference % | F25: =F24-F23 -> -0.0062 | G25: =G24-G23 -> -0.0195 | H25: =H24-H23 -> -0.01825 | I25: =I24-I23 -> 0.0034 | J25: =J24-J23 -> -0.0044 | K25: =K24-K23 -> -0.00655 | L25: =L24-L23 -> -0.00255 | M25: =M24-M23 -> -0.01185 | ... O25: =O24-O23 -> -0.0232
C26: Open | D26: =aurora_data!BA12 -> 07.00.00-07.11.30 | E26: Target | F26: =IFERROR(aurora_data!BD12,0) -> 5.42 | G26: =IFERROR(aurora_data!BE12,0) -> 10.57 | H26: =IFERROR(aurora_data!BF12,0) -> 39.18 | I26: =IFERROR(aurora_data!BG12,0) -> 65.06 | J26: =IFERROR(aurora_data!BH12,0) -> 79.76 | K26: =IFERROR(aurora_data!BI12,0) -> 9.56 | L26: =IFERROR(aurora_data!BJ12,0) -> 24.86 | M26: =IFERROR(aurora_data!BK12,0) -> 49.13 | ... V26: =IFERROR(aurora_data!BT12,0) -> 0 | X26: =IFERROR(aurora_data!BU12,0) -> 200 | Y26: =IFERROR(X26/$X$26,0) -> 1
E27: Usable | F27: =IFERROR(aurora_data!BD13,0) -> 5 | G27: =IFERROR(aurora_data!BE13,0) -> 9 | H27: =IFERROR(aurora_data!BF13,0) -> 38 | I27: =IFERROR(aurora_data!BG13,0) -> 66 | J27: =IFERROR(aurora_data!BH13,0) -> 79 | K27: =IFERROR(aurora_data!BI13,0) -> 10 | L27: =IFERROR(aurora_data!BJ13,0) -> 25 | M27: =IFERROR(aurora_data!BK13,0) -> 47 | ... V27: =IFERROR(aurora_data!BT13,0) -> 0 | X27: =IFERROR(aurora_data!BU13,0) -> 197 | Y27: =IFERROR(X27/$X$26,0) -> 0.985
E28: Stratified Out Usable N | F28: =IFERROR(aurora_data!BD14,0) -> 2 | G28: =IFERROR(aurora_data!BE14,0) -> 0 | H28: =IFERROR(aurora_data!BF14,0) -> 6 | I28: =IFERROR(aurora_data!BG14,0) -> 8 | J28: =IFERROR(aurora_data!BH14,0) -> 14 | K28: =IFERROR(aurora_data!BI14,0) -> 0 | L28: =IFERROR(aurora_data!BJ14,0) -> 5 | M28: =IFERROR(aurora_data!BK14,0) -> 7 | ... V28: =IFERROR(aurora_data!BT14,0) -> 0 | X28: =IFERROR(aurora_data!BU14,0) -> 30 | Y28: =IFERROR(X28/$X$26,0) -> 0.15
E29: In Process | F29: =IFERROR(aurora_data!BD15,0) -> 0 | G29: =IFERROR(aurora_data!BE15,0) -> 0 | H29: =IFERROR(aurora_data!BF15,0) -> 0 | I29: =IFERROR(aurora_data!BG15,0) -> 0 | J29: =IFERROR(aurora_data!BH15,0) -> 0 | K29: =IFERROR(aurora_data!BI15,0) -> 0 | L29: =IFERROR(aurora_data!BJ15,0) -> 0 | M29: =IFERROR(aurora_data!BK15,0) -> 0 | ... V29: =IFERROR(aurora_data!BT15,0) -> 0 | X29: =IFERROR(aurora_data!BU15,0) -> 0 | Y29: =IFERROR(X29/$X$26,0) -> 0
E30: Assigned Not Received | F30: =IFERROR(aurora_data!BD16,0) -> 1 | G30: =IFERROR(aurora_data!BE16,0) -> 0 | H30: =IFERROR(aurora_data!BF16,0) -> 5 | I30: =IFERROR(aurora_data!BG16,0) -> 1 | J30: =IFERROR(aurora_data!BH16,0) -> 0 | K30: =IFERROR(aurora_data!BI16,0) -> 0 | L30: =IFERROR(aurora_data!BJ16,0) -> 0 | M30: =IFERROR(aurora_data!BK16,0) -> 4 | ... V30: =IFERROR(aurora_data!BT16,0) -> 0 | X30: =IFERROR(aurora_data!BU16,0) -> 7 | Y30: =IFERROR(X30/$X$26,0) -> 0.035
E31: Reserved Not Received | F31: =IFERROR(aurora_data!BD17,0) -> 0 | G31: =IFERROR(aurora_data!BE17,0) -> 0 | H31: =IFERROR(aurora_data!BF17,0) -> 0 | I31: =IFERROR(aurora_data!BG17,0) -> 0 | J31: =IFERROR(aurora_data!BH17,0) -> 0 | K31: =IFERROR(aurora_data!BI17,0) -> 0 | L31: =IFERROR(aurora_data!BJ17,0) -> 0 | M31: =IFERROR(aurora_data!BK17,0) -> 0 | ... V31: =IFERROR(aurora_data!BT17,0) -> 0 | X31: =IFERROR(aurora_data!BU17,0) -> 0 | Y31: =IFERROR(X31/$X$26,0) -> 0
E32: Total Assignments | F32: =IFERROR(aurora_data!BD18,0) -> 8 | G32: =IFERROR(aurora_data!BE18,0) -> 9 | H32: =IFERROR(aurora_data!BF18,0) -> 49 | I32: =IFERROR(aurora_data!BG18,0) -> 75 | J32: =IFERROR(aurora_data!BH18,0) -> 93 | K32: =IFERROR(aurora_data!BI18,0) -> 10 | L32: =IFERROR(aurora_data!BJ18,0) -> 30 | M32: =IFERROR(aurora_data!BK18,0) -> 58 | ... V32: =IFERROR(aurora_data!BT18,0) -> 0 | X32: =IFERROR(aurora_data!BU18,0) -> 234 | Y32: =IFERROR(X32/$X$26,0) -> 1.17
E33: Selected | F33: =IFERROR(aurora_data!BD19,0) -> 0 | G33: =IFERROR(aurora_data!BE19,0) -> 1 | H33: =IFERROR(aurora_data!BF19,0) -> 2 | I33: =IFERROR(aurora_data!BG19,0) -> 3 | J33: =IFERROR(aurora_data!BH19,0) -> 6 | K33: =IFERROR(aurora_data!BI19,0) -> 2 | L33: =IFERROR(aurora_data!BJ19,0) -> 1 | M33: =IFERROR(aurora_data!BK19,0) -> 2 | ... V33: =IFERROR(aurora_data!BT19,0) -> 0 | X33: =IFERROR(aurora_data!BU19,0) -> 12 | Y33: =IFERROR(X33/$X$26,0) -> 0.06
E34: Max N Variance | F34: =ROUNDDOWN((F36+$F$10)*($X26),0) -> 9 | G34: =ROUNDDOWN((G36+$F$10)*($X26),0) -> 14 | H34: =ROUNDDOWN((H36+$F$10)*($X26),0) -> 43 | I34: =ROUNDDOWN((I36+$F$10)*($X26),0) -> 69 | J34: =ROUNDDOWN((J36+$F$10)*($X26),0) -> 83 | K34: =ROUNDDOWN((K36+$K$10)*($X26),0) -> 17 | L34: =ROUNDDOWN((L36+$K$10)*($X26),0) -> 32 | M34: =ROUNDDOWN((M36+$K$10)*($X26),0) -> 57 | N34: =ROUNDDOWN((N36+$K$10)*($X26),0) -> 27 | O34: =ROUNDDOWN((O36+$K$10)*($X26),0) -> 105
E35: Min N Variance | F35: =IF(ROUND(((F36-$F$10)*($X26))+0.25,0) <=0,1,((F36-$F$10)*($X26))+0.25) -> 1.67 | G35: =IF(ROUND(((G36-$F$10)*($X26))+0.25,0) <=0,1,((G36-$F$10)*($X26))+0.25) -> 6.82 | H35: =IF(ROUND(((H36-$F$10)*($X26))+0.25,0) <=0,1,((H36-$F$10)*($X26))+0.25) -> 35.43 | I35: =IF(ROUND(((I36-$F$10)*($X26))+0.25,0) <=0,1,((I36-$F$10)*($X26))+0.25) -> 61.31 | J35: =IF(ROUND(((J36-$F$10)*($X26))+0.25,0) <=0,1,((J36-$F$10)*($X26))+0.25) -> 76.01 | K35: =IF(ROUND(((K36-$K$10)*($X26))+0.25,0) <=0,1,((K36-$K$10)*($X26))+0.25) -> 1.81 | L35: =IF(ROUND(((L36-$K$10)*($X26))+0.25,0) <=0,1,((L36-$K$10)*($X26))+0.25) -> 17.11 | M35: =IF(ROUND(((M36-$K$10)*($X26))+0.25,0) <=0,1,((M36-$K$10)*($X26))+0.25) -> 41.38 | N35: =IF(ROUND(((N36-$K$10)*($X26))+0.25,0) <=0,1,((N36-$K$10)*($X26))+0.25) -> 11.58 | O35: =IF(ROUND(((O36-$K$10)*($X26))+0.25,0) <=0,1,((O36-$K$10)*($X26))+0.25) -> 89.36
E36: Census % | F36: =IFERROR(F26/$X26,0) -> 0.0271 | G36: =IFERROR(G26/$X26,0) -> 0.05285 | H36: =IFERROR(H26/$X26,0) -> 0.1959 | I36: =IFERROR(I26/$X26,0) -> 0.3253 | J36: =IFERROR(J26/$X26,0) -> 0.3988 | K36: =IFERROR(K26/$X26,0) -> 0.0478 | L36: =IFERROR(L26/$X26,0) -> 0.1243 | M36: =IFERROR(M26/$X26,0) -> 0.24565 | ... O36: =IFERROR(O26/$X26,0) -> 0.48555
E37: Usable % | F37: =IFERROR(F27/$X26,0) -> 0.025 | G37: =IFERROR(G27/$X26,0) -> 0.045 | H37: =IFERROR(H27/$X26,0) -> 0.19 | I37: =IFERROR(I27/$X26,0) -> 0.33 | J37: =IFERROR(J27/$X26,0) -> 0.395 | K37: =IFERROR(K27/$X26,0) -> 0.05 | L37: =IFERROR(L27/$X26,0) -> 0.125 | M37: =IFERROR(M27/$X26,0) -> 0.235 | ... O37: =IFERROR(O27/$X26,0) -> 0.475
E38: Difference % | F38: =F37-F36 -> -0.0021 | G38: =G37-G36 -> -0.00785 | H38: =H37-H36 -> -0.0059 | I38: =I37-I36 -> 0.0047 | J38: =J37-J36 -> -0.0038 | K38: =K37-K36 -> 0.0022 | L38: =L37-L36 -> 0.0007 | M38: =M37-M36 -> -0.01065 | ... O38: =O37-O36 -> -0.01055
C39: Open | D39: =aurora_data!BA20 -> 08.00.00-08.11.30 | E39: Target | F39: =IFERROR(aurora_data!BD20,0) -> 5.52 | G39: =IFERROR(aurora_data!BE20,0) -> 10.84 | H39: =IFERROR(aurora_data!BF20,0) -> 39.59 | I39: =IFERROR(aurora_data!BG20,0) -> 64.57 | J39: =IFERROR(aurora_data!BH20,0) -> 79.49 | K39: =IFERROR(aurora_data!BI20,0) -> 9.63 | L39: =IFERROR(aurora_data!BJ20,0) -> 25.43 | M39: =IFERROR(aurora_data!BK20,0) -> 48.99 | ... V39: =IFERROR(aurora_data!BT20,0) -> 0 | X39: =IFERROR(aurora_data!BU20,0) -> 200 | Y39: =IFERROR(X39/$X$39,0) -> 1
E40: Usable | F40: =IFERROR(aurora_data!BD21,0) -> 5 | G40: =IFERROR(aurora_data!BE21,0) -> 10 | H40: =IFERROR(aurora_data!BF21,0) -> 37 | I40: =IFERROR(aurora_data!BG21,0) -> 63 | J40: =IFERROR(aurora_data!BH21,0) -> 80 | K40: =IFERROR(aurora_data!BI21,0) -> 9 | L40: =IFERROR(aurora_data!BJ21,0) -> 25 | M40: =IFERROR(aurora_data!BK21,0) -> 48 | ... V40: =IFERROR(aurora_data!BT21,0) -> 0 | X40: =IFERROR(aurora_data!BU21,0) -> 195 | Y40: =IFERROR(X40/$X$39,0) -> 0.975
E41: Stratified Out Usable N | F41: =IFERROR(aurora_data!BD22,0) -> 0 | G41: =IFERROR(aurora_data!BE22,0) -> 1 | H41: =IFERROR(aurora_data!BF22,0) -> 5 | I41: =IFERROR(aurora_data!BG22,0) -> 7 | J41: =IFERROR(aurora_data!BH22,0) -> 7 | K41: =IFERROR(aurora_data!BI22,0) -> 3 | L41: =IFERROR(aurora_data!BJ22,0) -> 4 | M41: =IFERROR(aurora_data!BK22,0) -> 5 | ... V41: =IFERROR(aurora_data!BT22,0) -> 0 | X41: =IFERROR(aurora_data!BU22,0) -> 20 | Y41: =IFERROR(X41/$X$39,0) -> 0.1
E42: In Process | F42: =IFERROR(aurora_data!BD23,0) -> 0 | G42: =IFERROR(aurora_data!BE23,0) -> 0 | H42: =IFERROR(aurora_data!BF23,0) -> 0 | I42: =IFERROR(aurora_data!BG23,0) -> 0 | J42: =IFERROR(aurora_data!BH23,0) -> 0 | K42: =IFERROR(aurora_data!BI23,0) -> 0 | L42: =IFERROR(aurora_data!BJ23,0) -> 0 | M42: =IFERROR(aurora_data!BK23,0) -> 0 | ... V42: =IFERROR(aurora_data!BT23,0) -> 0 | X42: =IFERROR(aurora_data!BU23,0) -> 0 | Y42: =IFERROR(X42/$X$39,0) -> 0
E43: Assigned Not Received | F43: =IFERROR(aurora_data!BD24,0) -> 1 | G43: =IFERROR(aurora_data!BE24,0) -> 2 | H43: =IFERROR(aurora_data!BF24,0) -> 5 | I43: =IFERROR(aurora_data!BG24,0) -> 3 | J43: =IFERROR(aurora_data!BH24,0) -> 0 | K43: =IFERROR(aurora_data!BI24,0) -> 1 | L43: =IFERROR(aurora_data!BJ24,0) -> 2 | M43: =IFERROR(aurora_data!BK24,0) -> 2 | ... V43: =IFERROR(aurora_data!BT24,0) -> 0 | X43: =IFERROR(aurora_data!BU24,0) -> 11 | Y43: =IFERROR(X43/$X$39,0) -> 0.055
E44: Reserved Not Received | F44: =IFERROR(aurora_data!BD25,0) -> 0 | G44: =IFERROR(aurora_data!BE25,0) -> 0 | H44: =IFERROR(aurora_data!BF25,0) -> 0 | I44: =IFERROR(aurora_data!BG25,0) -> 0 | J44: =IFERROR(aurora_data!BH25,0) -> 0 | K44: =IFERROR(aurora_data!BI25,0) -> 0 | L44: =IFERROR(aurora_data!BJ25,0) -> 0 | M44: =IFERROR(aurora_data!BK25,0) -> 0 | ... V44: =IFERROR(aurora_data!BT25,0) -> 0 | X44: =IFERROR(aurora_data!BU25,0) -> 0 | Y44: =IFERROR(X44/$X$39,0) -> 0
E45: Total Assignments | F45: =IFERROR(aurora_data!BD26,0) -> 6 | G45: =IFERROR(aurora_data!BE26,0) -> 13 | H45: =IFERROR(aurora_data!BF26,0) -> 47 | I45: =IFERROR(aurora_data!BG26,0) -> 73 | J45: =IFERROR(aurora_data!BH26,0) -> 87 | K45: =IFERROR(aurora_data!BI26,0) -> 13 | L45: =IFERROR(aurora_data!BJ26,0) -> 31 | M45: =IFERROR(aurora_data!BK26,0) -> 55 | ... V45: =IFERROR(aurora_data!BT26,0) -> 0 | X45: =IFERROR(aurora_data!BU26,0) -> 226 | Y45: =IFERROR(X45/$X$39,0) -> 1.13
E46: Selected | F46: =IFERROR(aurora_data!BD27,0) -> 0 | G46: =IFERROR(aurora_data!BE27,0) -> 0 | H46: =IFERROR(aurora_data!BF27,0) -> 1 | I46: =IFERROR(aurora_data!BG27,0) -> 1 | J46: =IFERROR(aurora_data!BH27,0) -> 1 | K46: =IFERROR(aurora_data!BI27,0) -> 0 | L46: =IFERROR(aurora_data!BJ27,0) -> 0 | M46: =IFERROR(aurora_data!BK27,0) -> 1 | ... V46: =IFERROR(aurora_data!BT27,0) -> 0 | X46: =IFERROR(aurora_data!BU27,0) -> 3 | Y46: =IFERROR(X46/$X$39,0) -> 0.015
E47: Max N Variance | F47: =ROUNDDOWN((F49+$F$10)*($X39),0) -> 9 | G47: =ROUNDDOWN((G49+$F$10)*($X39),0) -> 14 | H47: =ROUNDDOWN((H49+$F$10)*($X39),0) -> 43 | I47: =ROUNDDOWN((I49+$F$10)*($X39),0) -> 68 | J47: =ROUNDDOWN((J49+$F$10)*($X39),0) -> 83 | K47: =ROUNDDOWN((K49+$K$10)*($X39),0) -> 17 | L47: =ROUNDDOWN((L49+$K$10)*($X39),0) -> 33 | M47: =ROUNDDOWN((M49+$K$10)*($X39),0) -> 56 | N47: =ROUNDDOWN((N49+$K$10)*($X39),0) -> 27 | O47: =ROUNDDOWN((O49+$K$10)*($X39),0) -> 103
E48: Min N Variance | F48: =IF(ROUND(((F49-$F$10)*($X39))+0.25,0) <=0,1,((F49-$F$10)*($X39))+0.25) -> 1.77 | G48: =IF(ROUND(((G49-$F$10)*($X39))+0.25,0) <=0,1,((G49-$F$10)*($X39))+0.25) -> 7.09 | H48: =IF(ROUND(((H49-$F$10)*($X39))+0.25,0) <=0,1,((H49-$F$10)*($X39))+0.25) -> 35.84 | I48: =IF(ROUND(((I49-$F$10)*($X39))+0.25,0) <=0,1,((I49-$F$10)*($X39))+0.25) -> 60.82 | J48: =IF(ROUND(((J49-$F$10)*($X39))+0.25,0) <=0,1,((J49-$F$10)*($X39))+0.25) -> 75.74 | K48: =IF(ROUND(((K49-$K$10)*($X39))+0.25,0) <=0,1,((K49-$K$10)*($X39))+0.25) -> 1.88 | L48: =IF(ROUND(((L49-$K$10)*($X39))+0.25,0) <=0,1,((L49-$K$10)*($X39))+0.25) -> 17.68 | M48: =IF(ROUND(((M49-$K$10)*($X39))+0.25,0) <=0,1,((M49-$K$10)*($X39))+0.25) -> 41.24 | N48: =IF(ROUND(((N49-$K$10)*($X39))+0.25,0) <=0,1,((N49-$K$10)*($X39))+0.25) -> 12.23 | O48: =IF(ROUND(((O49-$K$10)*($X39))+0.25,0) <=0,1,((O49-$K$10)*($X39))+0.25) -> 88.21
E49: Census % | F49: =IFERROR(F39/$X39,0) -> 0.0276 | G49: =IFERROR(G39/$X39,0) -> 0.0542 | H49: =IFERROR(H39/$X39,0) -> 0.19795 | I49: =IFERROR(I39/$X39,0) -> 0.32285 | J49: =IFERROR(J39/$X39,0) -> 0.39745 | K49: =IFERROR(K39/$X39,0) -> 0.04815 | L49: =IFERROR(L39/$X39,0) -> 0.12715 | M49: =IFERROR(M39/$X39,0) -> 0.24495 | ... O49: =IFERROR(O39/$X39,0) -> 0.4798
E50: Usable % | F50: =IFERROR(F40/$X39,0) -> 0.025 | G50: =IFERROR(G40/$X39,0) -> 0.05 | H50: =IFERROR(H40/$X39,0) -> 0.185 | I50: =IFERROR(I40/$X39,0) -> 0.315 | J50: =IFERROR(J40/$X39,0) -> 0.4 | K50: =IFERROR(K40/$X39,0) -> 0.045 | L50: =IFERROR(L40/$X39,0) -> 0.125 | M50: =IFERROR(M40/$X39,0) -> 0.24 | ... O50: =IFERROR(O40/$X39,0) -> 0.475
E51: Difference % | F51: =F50-F49 -> -0.0026 | G51: =G50-G49 -> -0.0042 | H51: =H50-H49 -> -0.01295 | I51: =I50-I49 -> -0.00785 | J51: =J50-J49 -> 0.00255 | K51: =K50-K49 -> -0.00315 | L51: =L50-L49 -> -0.00215 | M51: =M50-M49 -> -0.00495 | ... O51: =O50-O49 -> -0.0048
C52: Open | D52: =aurora_data!BA28 -> 09.00.00-09.11.30 | E52: Target | F52: =IFERROR(aurora_data!BD28,0) -> 5.47 | G52: =IFERROR(aurora_data!BE28,0) -> 11.12 | H52: =IFERROR(aurora_data!BF28,0) -> 40.28 | I52: =IFERROR(aurora_data!BG28,0) -> 63.87 | J52: =IFERROR(aurora_data!BH28,0) -> 79.26 | K52: =IFERROR(aurora_data!BI28,0) -> 10.16 | L52: =IFERROR(aurora_data!BJ28,0) -> 25.32 | M52: =IFERROR(aurora_data!BK28,0) -> 47.99 | ... V52: =IFERROR(aurora_data!BT28,0) -> 0 | X52: =IFERROR(aurora_data!BU28,0) -> 200 | Y52: =IFERROR(X52/$X$52,0) -> 1
E53: Usable | F53: =IFERROR(aurora_data!BD29,0) -> 5 | G53: =IFERROR(aurora_data!BE29,0) -> 11 | H53: =IFERROR(aurora_data!BF29,0) -> 37 | I53: =IFERROR(aurora_data!BG29,0) -> 65 | J53: =IFERROR(aurora_data!BH29,0) -> 79 | K53: =IFERROR(aurora_data!BI29,0) -> 10 | L53: =IFERROR(aurora_data!BJ29,0) -> 26 | M53: =IFERROR(aurora_data!BK29,0) -> 45 | ... V53: =IFERROR(aurora_data!BT29,0) -> 0 | X53: =IFERROR(aurora_data!BU29,0) -> 197 | Y53: =IFERROR(X53/$X$52,0) -> 0.985
E54: Stratified Out Usable N | F54: =IFERROR(aurora_data!BD30,0) -> 5 | G54: =IFERROR(aurora_data!BE30,0) -> 5 | H54: =IFERROR(aurora_data!BF30,0) -> 1 | I54: =IFERROR(aurora_data!BG30,0) -> 14 | J54: =IFERROR(aurora_data!BH30,0) -> 7 | K54: =IFERROR(aurora_data!BI30,0) -> 2 | L54: =IFERROR(aurora_data!BJ30,0) -> 6 | M54: =IFERROR(aurora_data!BK30,0) -> 10 | ... V54: =IFERROR(aurora_data!BT30,0) -> 0 | X54: =IFERROR(aurora_data!BU30,0) -> 32 | Y54: =IFERROR(X54/$X$52,0) -> 0.16
E55: In Process | F55: =IFERROR(aurora_data!BD31,0) -> 1 | G55: =IFERROR(aurora_data!BE31,0) -> 0 | H55: =IFERROR(aurora_data!BF31,0) -> 0 | I55: =IFERROR(aurora_data!BG31,0) -> 0 | J55: =IFERROR(aurora_data!BH31,0) -> 0 | K55: =IFERROR(aurora_data!BI31,0) -> 0 | L55: =IFERROR(aurora_data!BJ31,0) -> 0 | M55: =IFERROR(aurora_data!BK31,0) -> 1 | ... V55: =IFERROR(aurora_data!BT31,0) -> 0 | X55: =IFERROR(aurora_data!BU31,0) -> 1 | Y55: =IFERROR(X55/$X$52,0) -> 0.005
E56: Assigned Not Received | F56: =IFERROR(aurora_data!BD32,0) -> 0 | G56: =IFERROR(aurora_data!BE32,0) -> 0 | H56: =IFERROR(aurora_data!BF32,0) -> 3 | I56: =IFERROR(aurora_data!BG32,0) -> 0 | J56: =IFERROR(aurora_data!BH32,0) -> 0 | K56: =IFERROR(aurora_data!BI32,0) -> 1 | L56: =IFERROR(aurora_data!BJ32,0) -> 0 | M56: =IFERROR(aurora_data!BK32,0) -> 2 | ... V56: =IFERROR(aurora_data!BT32,0) -> 0 | X56: =IFERROR(aurora_data!BU32,0) -> 3 | Y56: =IFERROR(X56/$X$52,0) -> 0.015
E57: Reserved Not Received | F57: =IFERROR(aurora_data!BD33,0) -> 0 | G57: =IFERROR(aurora_data!BE33,0) -> 0 | H57: =IFERROR(aurora_data!BF33,0) -> 1 | I57: =IFERROR(aurora_data!BG33,0) -> 1 | J57: =IFERROR(aurora_data!BH33,0) -> 2 | K57: =IFERROR(aurora_data!BI33,0) -> 0 | L57: =IFERROR(aurora_data!BJ33,0) -> 0 | M57: =IFERROR(aurora_data!BK33,0) -> 0 | ... V57: =IFERROR(aurora_data!BT33,0) -> 0 | X57: =IFERROR(aurora_data!BU33,0) -> 4 | Y57: =IFERROR(X57/$X$52,0) -> 0.02
E58: Total Assignments | F58: =IFERROR(aurora_data!BD34,0) -> 11 | G58: =IFERROR(aurora_data!BE34,0) -> 16 | H58: =IFERROR(aurora_data!BF34,0) -> 42 | I58: =IFERROR(aurora_data!BG34,0) -> 80 | J58: =IFERROR(aurora_data!BH34,0) -> 88 | K58: =IFERROR(aurora_data!BI34,0) -> 13 | L58: =IFERROR(aurora_data!BJ34,0) -> 32 | M58: =IFERROR(aurora_data!BK34,0) -> 58 | ... V58: =IFERROR(aurora_data!BT34,0) -> 0 | X58: =IFERROR(aurora_data!BU34,0) -> 237 | Y58: =IFERROR(X58/$X$52,0) -> 1.185
E59: Selected | F59: =IFERROR(aurora_data!BD35,0) -> 0 | G59: =IFERROR(aurora_data!BE35,0) -> 2 | H59: =IFERROR(aurora_data!BF35,0) -> 1 | I59: =IFERROR(aurora_data!BG35,0) -> 1 | J59: =IFERROR(aurora_data!BH35,0) -> 2 | K59: =IFERROR(aurora_data!BI35,0) -> 0 | L59: =IFERROR(aurora_data!BJ35,0) -> 0 | M59: =IFERROR(aurora_data!BK35,0) -> 4 | ... V59: =IFERROR(aurora_data!BT35,0) -> 0 | X59: =IFERROR(aurora_data!BU35,0) -> 6 | Y59: =IFERROR(X59/$X$52,0) -> 0.03
E60: Max N Variance | F60: =ROUNDDOWN((F62+$F$10)*($X52),0) -> 9 | G60: =ROUNDDOWN((G62+$F$10)*($X52),0) -> 15 | H60: =ROUNDDOWN((H62+$F$10)*($X52),0) -> 44 | I60: =ROUNDDOWN((I62+$F$10)*($X52),0) -> 67 | J60: =ROUNDDOWN((J62+$F$10)*($X52),0) -> 83 | K60: =ROUNDDOWN((K62+$K$10)*($X52),0) -> 18 | L60: =ROUNDDOWN((L62+$K$10)*($X52),0) -> 33 | M60: =ROUNDDOWN((M62+$K$10)*($X52),0) -> 55 | N60: =ROUNDDOWN((N62+$K$10)*($X52),0) -> 27 | O60: =ROUNDDOWN((O62+$K$10)*($X52),0) -> 104
E61: Min N Variance | F61: =IF(ROUND(((F62-$F$10)*($X52))+0.25,0) <=0,1,((F62-$F$10)*($X52))+0.25) -> 1.72 | G61: =IF(ROUND(((G62-$F$10)*($X52))+0.25,0) <=0,1,((G62-$F$10)*($X52))+0.25) -> 7.37 | H61: =IF(ROUND(((H62-$F$10)*($X52))+0.25,0) <=0,1,((H62-$F$10)*($X52))+0.25) -> 36.53 | I61: =IF(ROUND(((I62-$F$10)*($X52))+0.25,0) <=0,1,((I62-$F$10)*($X52))+0.25) -> 60.12 | J61: =IF(ROUND(((J62-$F$10)*($X52))+0.25,0) <=0,1,((J62-$F$10)*($X52))+0.25) -> 75.51 | K61: =IF(ROUND(((K62-$K$10)*($X52))+0.25,0) <=0,1,((K62-$K$10)*($X52))+0.25) -> 2.41 | L61: =IF(ROUND(((L62-$K$10)*($X52))+0.25,0) <=0,1,((L62-$K$10)*($X52))+0.25) -> 17.57 | M61: =IF(ROUND(((M62-$K$10)*($X52))+0.25,0) <=0,1,((M62-$K$10)*($X52))+0.25) -> 40.24 | N61: =IF(ROUND(((N62-$K$10)*($X52))+0.25,0) <=0,1,((N62-$K$10)*($X52))+0.25) -> 12.09 | O61: =IF(ROUND(((O62-$K$10)*($X52))+0.25,0) <=0,1,((O62-$K$10)*($X52))+0.25) -> 88.93
E62: Census % | F62: =IFERROR(F52/$X52,0) -> 0.02735 | G62: =IFERROR(G52/$X52,0) -> 0.0556 | H62: =IFERROR(H52/$X52,0) -> 0.2014 | I62: =IFERROR(I52/$X52,0) -> 0.31935 | J62: =IFERROR(J52/$X52,0) -> 0.3963 | K62: =IFERROR(K52/$X52,0) -> 0.0508 | L62: =IFERROR(L52/$X52,0) -> 0.1266 | M62: =IFERROR(M52/$X52,0) -> 0.23995 | ... O62: =IFERROR(O52/$X52,0) -> 0.4834
E63: Usable % | F63: =IFERROR(F53/$X52,0) -> 0.025 | G63: =IFERROR(G53/$X52,0) -> 0.055 | H63: =IFERROR(H53/$X52,0) -> 0.185 | I63: =IFERROR(I53/$X52,0) -> 0.325 | J63: =IFERROR(J53/$X52,0) -> 0.395 | K63: =IFERROR(K53/$X52,0) -> 0.05 | L63: =IFERROR(L53/$X52,0) -> 0.13 | M63: =IFERROR(M53/$X52,0) -> 0.225 | ... O63: =IFERROR(O53/$X52,0) -> 0.48
E64: Difference % | F64: =F63-F62 -> -0.00235 | G64: =G63-G62 -> -0.0006 | H64: =H63-H62 -> -0.0164 | I64: =I63-I62 -> 0.00565 | J64: =J63-J62 -> -0.0013 | K64: =K63-K62 -> -0.0008 | L64: =L63-L62 -> 0.0034 | M64: =M63-M62 -> -0.01495 | ... O64: =O63-O62 -> -0.0034
C65: Open | D65: =aurora_data!BA36 -> 10.00.00-10.11.30 | E65: Target | F65: =IFERROR(aurora_data!BD36,0) -> 6.13 | G65: =IFERROR(aurora_data!BE36,0) -> 11.57 | H65: =IFERROR(aurora_data!BF36,0) -> 40.25 | I65: =IFERROR(aurora_data!BG36,0) -> 63.95 | J65: =IFERROR(aurora_data!BH36,0) -> 78.11 | K65: =IFERROR(aurora_data!BI36,0) -> 10.34 | L65: =IFERROR(aurora_data!BJ36,0) -> 25.99 | M65: =IFERROR(aurora_data!BK36,0) -> 48.63 | ... V65: =IFERROR(aurora_data!BT36,0) -> 0 | X65: =IFERROR(aurora_data!BU36,0) -> 200 | Y65: =IFERROR(X65/$X$65,0) -> 1
E66: Usable | F66: =IFERROR(aurora_data!BD37,0) -> 6 | G66: =IFERROR(aurora_data!BE37,0) -> 11 | H66: =IFERROR(aurora_data!BF37,0) -> 40 | I66: =IFERROR(aurora_data!BG37,0) -> 64 | J66: =IFERROR(aurora_data!BH37,0) -> 75 | K66: =IFERROR(aurora_data!BI37,0) -> 10 | L66: =IFERROR(aurora_data!BJ37,0) -> 26 | M66: =IFERROR(aurora_data!BK37,0) -> 48 | ... V66: =IFERROR(aurora_data!BT37,0) -> 0 | X66: =IFERROR(aurora_data!BU37,0) -> 196 | Y66: =IFERROR(X66/$X$65,0) -> 0.98
E67: Stratified Out Usable N | F67: =IFERROR(aurora_data!BD38,0) -> 2 | G67: =IFERROR(aurora_data!BE38,0) -> 0 | H67: =IFERROR(aurora_data!BF38,0) -> 8 | I67: =IFERROR(aurora_data!BG38,0) -> 6 | J67: =IFERROR(aurora_data!BH38,0) -> 19 | K67: =IFERROR(aurora_data!BI38,0) -> 2 | L67: =IFERROR(aurora_data!BJ38,0) -> 2 | M67: =IFERROR(aurora_data!BK38,0) -> 9 | ... V67: =IFERROR(aurora_data!BT38,0) -> 0 | X67: =IFERROR(aurora_data!BU38,0) -> 35 | Y67: =IFERROR(X67/$X$65,0) -> 0.175
E68: In Process | F68: =IFERROR(aurora_data!BD39,0) -> 0 | G68: =IFERROR(aurora_data!BE39,0) -> 0 | H68: =IFERROR(aurora_data!BF39,0) -> 0 | I68: =IFERROR(aurora_data!BG39,0) -> 0 | J68: =IFERROR(aurora_data!BH39,0) -> 0 | K68: =IFERROR(aurora_data!BI39,0) -> 0 | L68: =IFERROR(aurora_data!BJ39,0) -> 0 | M68: =IFERROR(aurora_data!BK39,0) -> 0 | ... V68: =IFERROR(aurora_data!BT39,0) -> 0 | X68: =IFERROR(aurora_data!BU39,0) -> 0 | Y68: =IFERROR(X68/$X$65,0) -> 0
E69: Assigned Not Received | F69: =IFERROR(aurora_data!BD40,0) -> 1 | G69: =IFERROR(aurora_data!BE40,0) -> 1 | H69: =IFERROR(aurora_data!BF40,0) -> 1 | I69: =IFERROR(aurora_data!BG40,0) -> 1 | J69: =IFERROR(aurora_data!BH40,0) -> 0 | K69: =IFERROR(aurora_data!BI40,0) -> 0 | L69: =IFERROR(aurora_data!BJ40,0) -> 0 | M69: =IFERROR(aurora_data!BK40,0) -> 3 | ... V69: =IFERROR(aurora_data!BT40,0) -> 0 | X69: =IFERROR(aurora_data!BU40,0) -> 4 | Y69: =IFERROR(X69/$X$65,0) -> 0.02
E70: Reserved Not Received | F70: =IFERROR(aurora_data!BD41,0) -> 0 | G70: =IFERROR(aurora_data!BE41,0) -> 0 | H70: =IFERROR(aurora_data!BF41,0) -> 0 | I70: =IFERROR(aurora_data!BG41,0) -> 0 | J70: =IFERROR(aurora_data!BH41,0) -> 0 | K70: =IFERROR(aurora_data!BI41,0) -> 0 | L70: =IFERROR(aurora_data!BJ41,0) -> 0 | M70: =IFERROR(aurora_data!BK41,0) -> 0 | ... V70: =IFERROR(aurora_data!BT41,0) -> 0 | X70: =IFERROR(aurora_data!BU41,0) -> 0 | Y70: =IFERROR(X70/$X$65,0) -> 0
E71: Total Assignments | F71: =IFERROR(aurora_data!BD42,0) -> 9 | G71: =IFERROR(aurora_data!BE42,0) -> 12 | H71: =IFERROR(aurora_data!BF42,0) -> 49 | I71: =IFERROR(aurora_data!BG42,0) -> 71 | J71: =IFERROR(aurora_data!BH42,0) -> 94 | K71: =IFERROR(aurora_data!BI42,0) -> 12 | L71: =IFERROR(aurora_data!BJ42,0) -> 28 | M71: =IFERROR(aurora_data!BK42,0) -> 60 | ... V71: =IFERROR(aurora_data!BT42,0) -> 0 | X71: =IFERROR(aurora_data!BU42,0) -> 235 | Y71: =IFERROR(X71/$X$65,0) -> 1.175
E72: Selected | F72: =IFERROR(aurora_data!BD43,0) -> 1 | G72: =IFERROR(aurora_data!BE43,0) -> 1 | H72: =IFERROR(aurora_data!BF43,0) -> 4 | I72: =IFERROR(aurora_data!BG43,0) -> 0 | J72: =IFERROR(aurora_data!BH43,0) -> 1 | K72: =IFERROR(aurora_data!BI43,0) -> 0 | L72: =IFERROR(aurora_data!BJ43,0) -> 0 | M72: =IFERROR(aurora_data!BK43,0) -> 4 | ... V72: =IFERROR(aurora_data!BT43,0) -> 0 | X72: =IFERROR(aurora_data!BU43,0) -> 7 | Y72: =IFERROR(X72/$X$65,0) -> 0.035
E73: Max N Variance | F73: =ROUNDDOWN((F75+$F$10)*($X65),0) -> 10 | G73: =ROUNDDOWN((G75+$F$10)*($X65),0) -> 15 | H73: =ROUNDDOWN((H75+$F$10)*($X65),0) -> 44 | I73: =ROUNDDOWN((I75+$F$10)*($X65),0) -> 67 | J73: =ROUNDDOWN((J75+$F$10)*($X65),0) -> 82 | K73: =ROUNDDOWN((K75+$K$10)*($X65),0) -> 18 | L73: =ROUNDDOWN((L75+$K$10)*($X65),0) -> 33 | M73: =ROUNDDOWN((M75+$K$10)*($X65),0) -> 56 | N73: =ROUNDDOWN((N75+$K$10)*($X65),0) -> 26 | O73: =ROUNDDOWN((O75+$K$10)*($X65),0) -> 104
E74: Min N Variance | F74: =IF(ROUND(((F75-$F$10)*($X65))+0.25,0) <=0,1,((F75-$F$10)*($X65))+0.25) -> 2.38 | G74: =IF(ROUND(((G75-$F$10)*($X65))+0.25,0) <=0,1,((G75-$F$10)*($X65))+0.25) -> 7.82 | H74: =IF(ROUND(((H75-$F$10)*($X65))+0.25,0) <=0,1,((H75-$F$10)*($X65))+0.25) -> 36.5 | I74: =IF(ROUND(((I75-$F$10)*($X65))+0.25,0) <=0,1,((I75-$F$10)*($X65))+0.25) -> 60.2 | J74: =IF(ROUND(((J75-$F$10)*($X65))+0.25,0) <=0,1,((J75-$F$10)*($X65))+0.25) -> 74.36 | K74: =IF(ROUND(((K75-$K$10)*($X65))+0.25,0) <=0,1,((K75-$K$10)*($X65))+0.25) -> 2.59 | L74: =IF(ROUND(((L75-$K$10)*($X65))+0.25,0) <=0,1,((L75-$K$10)*($X65))+0.25) -> 18.24 | M74: =IF(ROUND(((M75-$K$10)*($X65))+0.25,0) <=0,1,((M75-$K$10)*($X65))+0.25) -> 40.88 | N74: =IF(ROUND(((N75-$K$10)*($X65))+0.25,0) <=0,1,((N75-$K$10)*($X65))+0.25) -> 11.11 | O74: =IF(ROUND(((O75-$K$10)*($X65))+0.25,0) <=0,1,((O75-$K$10)*($X65))+0.25) -> 88.43
E75: Census % | F75: =IFERROR(F65/$X65,0) -> 0.03065 | G75: =IFERROR(G65/$X65,0) -> 0.05785 | H75: =IFERROR(H65/$X65,0) -> 0.20125 | I75: =IFERROR(I65/$X65,0) -> 0.31975 | J75: =IFERROR(J65/$X65,0) -> 0.39055 | K75: =IFERROR(K65/$X65,0) -> 0.0517 | L75: =IFERROR(L65/$X65,0) -> 0.12995 | M75: =IFERROR(M65/$X65,0) -> 0.24315 | ... O75: =IFERROR(O65/$X65,0) -> 0.4809
E76: Usable % | F76: =IFERROR(F66/$X65,0) -> 0.03 | G76: =IFERROR(G66/$X65,0) -> 0.055 | H76: =IFERROR(H66/$X65,0) -> 0.2 | I76: =IFERROR(I66/$X65,0) -> 0.32 | J76: =IFERROR(J66/$X65,0) -> 0.375 | K76: =IFERROR(K66/$X65,0) -> 0.05 | L76: =IFERROR(L66/$X65,0) -> 0.13 | M76: =IFERROR(M66/$X65,0) -> 0.24 | ... O76: =IFERROR(O66/$X65,0) -> 0.46
E77: Difference % | F77: =F76-F75 -> -0.00065 | G77: =G76-G75 -> -0.00285 | H77: =H76-H75 -> -0.00125 | I77: =I76-I75 -> 0.00025 | J77: =J76-J75 -> -0.01555 | K77: =K76-K75 -> -0.0017 | L77: =L76-L75 -> 5e-05 | M77: =M76-M75 -> -0.00315 | ... O77: =O76-O75 -> -0.0209
C78: Open | D78: =aurora_data!BA44 -> 11.00.00-11.11.30 | E78: Target | F78: =IFERROR(aurora_data!BD44,0) -> 6.75 | G78: =IFERROR(aurora_data!BE44,0) -> 11.57 | H78: =IFERROR(aurora_data!BF44,0) -> 39.56 | I78: =IFERROR(aurora_data!BG44,0) -> 63.95 | J78: =IFERROR(aurora_data!BH44,0) -> 78.17 | K78: =IFERROR(aurora_data!BI44,0) -> 10.85 | L78: =IFERROR(aurora_data!BJ44,0) -> 25.24 | M78: =IFERROR(aurora_data!BK44,0) -> 49.4 | ... V78: =IFERROR(aurora_data!BT44,0) -> 0 | X78: =IFERROR(aurora_data!BU44,0) -> 200 | Y78: =IFERROR(X78/$X$78,0) -> 1
E79: Usable | F79: =IFERROR(aurora_data!BD45,0) -> 7 | G79: =IFERROR(aurora_data!BE45,0) -> 8 | H79: =IFERROR(aurora_data!BF45,0) -> 39 | I79: =IFERROR(aurora_data!BG45,0) -> 64 | J79: =IFERROR(aurora_data!BH45,0) -> 77 | K79: =IFERROR(aurora_data!BI45,0) -> 10 | L79: =IFERROR(aurora_data!BJ45,0) -> 26 | M79: =IFERROR(aurora_data!BK45,0) -> 49 | ... V79: =IFERROR(aurora_data!BT45,0) -> 0 | X79: =IFERROR(aurora_data!BU45,0) -> 195 | Y79: =IFERROR(X79/$X$78,0) -> 0.975
E80: Stratified Out Usable N | F80: =IFERROR(aurora_data!BD46,0) -> 1 | G80: =IFERROR(aurora_data!BE46,0) -> 1 | H80: =IFERROR(aurora_data!BF46,0) -> 1 | I80: =IFERROR(aurora_data!BG46,0) -> 6 | J80: =IFERROR(aurora_data!BH46,0) -> 19 | K80: =IFERROR(aurora_data!BI46,0) -> 1 | L80: =IFERROR(aurora_data!BJ46,0) -> 9 | M80: =IFERROR(aurora_data!BK46,0) -> 5 | ... V80: =IFERROR(aurora_data!BT46,0) -> 0 | X80: =IFERROR(aurora_data!BU46,0) -> 28 | Y80: =IFERROR(X80/$X$78,0) -> 0.14
E81: In Process | F81: =IFERROR(aurora_data!BD47,0) -> 0 | G81: =IFERROR(aurora_data!BE47,0) -> 0 | H81: =IFERROR(aurora_data!BF47,0) -> 2 | I81: =IFERROR(aurora_data!BG47,0) -> 0 | J81: =IFERROR(aurora_data!BH47,0) -> 1 | K81: =IFERROR(aurora_data!BI47,0) -> 1 | L81: =IFERROR(aurora_data!BJ47,0) -> 0 | M81: =IFERROR(aurora_data!BK47,0) -> 1 | ... V81: =IFERROR(aurora_data!BT47,0) -> 0 | X81: =IFERROR(aurora_data!BU47,0) -> 3 | Y81: =IFERROR(X81/$X$78,0) -> 0.015
E82: Assigned Not Received | F82: =IFERROR(aurora_data!BD48,0) -> 0 | G82: =IFERROR(aurora_data!BE48,0) -> 2 | H82: =IFERROR(aurora_data!BF48,0) -> 0 | I82: =IFERROR(aurora_data!BG48,0) -> 1 | J82: =IFERROR(aurora_data!BH48,0) -> 0 | K82: =IFERROR(aurora_data!BI48,0) -> 0 | L82: =IFERROR(aurora_data!BJ48,0) -> 0 | M82: =IFERROR(aurora_data!BK48,0) -> 0 | ... V82: =IFERROR(aurora_data!BT48,0) -> 0 | X82: =IFERROR(aurora_data!BU48,0) -> 3 | Y82: =IFERROR(X82/$X$78,0) -> 0.015
E83: Reserved Not Received | F83: =IFERROR(aurora_data!BD49,0) -> 0 | G83: =IFERROR(aurora_data!BE49,0) -> 0 | H83: =IFERROR(aurora_data!BF49,0) -> 0 | I83: =IFERROR(aurora_data!BG49,0) -> 0 | J83: =IFERROR(aurora_data!BH49,0) -> 1 | K83: =IFERROR(aurora_data!BI49,0) -> 0 | L83: =IFERROR(aurora_data!BJ49,0) -> 0 | M83: =IFERROR(aurora_data!BK49,0) -> 0 | ... V83: =IFERROR(aurora_data!BT49,0) -> 0 | X83: =IFERROR(aurora_data!BU49,0) -> 1 | Y83: =IFERROR(X83/$X$78,0) -> 0.005
E84: Total Assignments | F84: =IFERROR(aurora_data!BD50,0) -> 8 | G84: =IFERROR(aurora_data!BE50,0) -> 11 | H84: =IFERROR(aurora_data!BF50,0) -> 42 | I84: =IFERROR(aurora_data!BG50,0) -> 71 | J84: =IFERROR(aurora_data!BH50,0) -> 98 | K84: =IFERROR(aurora_data!BI50,0) -> 12 | L84: =IFERROR(aurora_data!BJ50,0) -> 35 | M84: =IFERROR(aurora_data!BK50,0) -> 55 | ... V84: =IFERROR(aurora_data!BT50,0) -> 0 | X84: =IFERROR(aurora_data!BU50,0) -> 230 | Y84: =IFERROR(X84/$X$78,0) -> 1.15
E85: Selected | F85: =IFERROR(aurora_data!BD51,0) -> 1 | G85: =IFERROR(aurora_data!BE51,0) -> 0 | H85: =IFERROR(aurora_data!BF51,0) -> 2 | I85: =IFERROR(aurora_data!BG51,0) -> 3 | J85: =IFERROR(aurora_data!BH51,0) -> 4 | K85: =IFERROR(aurora_data!BI51,0) -> 2 | L85: =IFERROR(aurora_data!BJ51,0) -> 0 | M85: =IFERROR(aurora_data!BK51,0) -> 0 | ... V85: =IFERROR(aurora_data!BT51,0) -> 0 | X85: =IFERROR(aurora_data!BU51,0) -> 10 | Y85: =IFERROR(X85/$X$78,0) -> 0.05
E86: Max N Variance | F86: =ROUNDDOWN((F88+$F$10)*($X78),0) -> 10 | G86: =ROUNDDOWN((G88+$F$10)*($X78),0) -> 15 | H86: =ROUNDDOWN((H88+$F$10)*($X78),0) -> 43 | I86: =ROUNDDOWN((I88+$F$10)*($X78),0) -> 67 | J86: =ROUNDDOWN((J88+$F$10)*($X78),0) -> 82 | K86: =ROUNDDOWN((K88+$K$10)*($X78),0) -> 18 | L86: =ROUNDDOWN((L88+$K$10)*($X78),0) -> 33 | M86: =ROUNDDOWN((M88+$K$10)*($X78),0) -> 57 | N86: =ROUNDDOWN((N88+$K$10)*($X78),0) -> 27 | O86: =ROUNDDOWN((O88+$K$10)*($X78),0) -> 103
E87: Min N Variance | F87: =IF(ROUND(((F88-$F$10)*($X78))+0.25,0) <=0,1,((F88-$F$10)*($X78))+0.25) -> 3 | G87: =IF(ROUND(((G88-$F$10)*($X78))+0.25,0) <=0,1,((G88-$F$10)*($X78))+0.25) -> 7.82 | H87: =IF(ROUND(((H88-$F$10)*($X78))+0.25,0) <=0,1,((H88-$F$10)*($X78))+0.25) -> 35.81 | I87: =IF(ROUND(((I88-$F$10)*($X78))+0.25,0) <=0,1,((I88-$F$10)*($X78))+0.25) -> 60.2 | J87: =IF(ROUND(((J88-$F$10)*($X78))+0.25,0) <=0,1,((J88-$F$10)*($X78))+0.25) -> 74.42 | K87: =IF(ROUND(((K88-$K$10)*($X78))+0.25,0) <=0,1,((K88-$K$10)*($X78))+0.25) -> 3.1 | L87: =IF(ROUND(((L88-$K$10)*($X78))+0.25,0) <=0,1,((L88-$K$10)*($X78))+0.25) -> 17.49 | M87: =IF(ROUND(((M88-$K$10)*($X78))+0.25,0) <=0,1,((M88-$K$10)*($X78))+0.25) -> 41.65 | N87: =IF(ROUND(((N88-$K$10)*($X78))+0.25,0) <=0,1,((N88-$K$10)*($X78))+0.25) -> 11.31 | O87: =IF(ROUND(((O88-$K$10)*($X78))+0.25,0) <=0,1,((O88-$K$10)*($X78))+0.25) -> 87.69
E88: Census % | F88: =IFERROR(F78/$X78,0) -> 0.03375 | G88: =IFERROR(G78/$X78,0) -> 0.05785 | H88: =IFERROR(H78/$X78,0) -> 0.1978 | I88: =IFERROR(I78/$X78,0) -> 0.31975 | J88: =IFERROR(J78/$X78,0) -> 0.39085 | K88: =IFERROR(K78/$X78,0) -> 0.05425 | L88: =IFERROR(L78/$X78,0) -> 0.1262 | M88: =IFERROR(M78/$X78,0) -> 0.247 | ... O88: =IFERROR(O78/$X78,0) -> 0.4772
E89: Usable % | F89: =IFERROR(F79/$X78,0) -> 0.035 | G89: =IFERROR(G79/$X78,0) -> 0.04 | H89: =IFERROR(H79/$X78,0) -> 0.195 | I89: =IFERROR(I79/$X78,0) -> 0.32 | J89: =IFERROR(J79/$X78,0) -> 0.385 | K89: =IFERROR(K79/$X78,0) -> 0.05 | L89: =IFERROR(L79/$X78,0) -> 0.13 | M89: =IFERROR(M79/$X78,0) -> 0.245 | ... O89: =IFERROR(O79/$X78,0) -> 0.46
E90: Difference % | F90: =F89-F88 -> 0.00125 | G90: =G89-G88 -> -0.01785 | H90: =H89-H88 -> -0.0028 | I90: =I89-I88 -> 0.00025 | J90: =J89-J88 -> -0.00585 | K90: =K89-K88 -> -0.00425 | L90: =L89-L88 -> 0.0038 | M90: =M89-M88 -> -0.002 | ... O90: =O89-O88 -> -0.0172
C91: Open | D91: =aurora_data!BA52 -> 12.00.00-12.11.30 | E91: Target | F91: =IFERROR(aurora_data!BD52,0) -> 7.31 | G91: =IFERROR(aurora_data!BE52,0) -> 11.74 | H91: =IFERROR(aurora_data!BF52,0) -> 39.91 | I91: =IFERROR(aurora_data!BG52,0) -> 64.64 | J91: =IFERROR(aurora_data!BH52,0) -> 76.41 | K91: =IFERROR(aurora_data!BI52,0) -> 9.72 | L91: =IFERROR(aurora_data!BJ52,0) -> 25.83 | M91: =IFERROR(aurora_data!BK52,0) -> 49.9 | ... V91: =IFERROR(aurora_data!BT52,0) -> 0 | X91: =IFERROR(aurora_data!BU52,0) -> 200 | Y91: =IFERROR(X91/$X$91,0) -> 1
E92: Usable | F92: =IFERROR(aurora_data!BD53,0) -> 7 | G92: =IFERROR(aurora_data!BE53,0) -> 12 | H92: =IFERROR(aurora_data!BF53,0) -> 39 | I92: =IFERROR(aurora_data!BG53,0) -> 65 | J92: =IFERROR(aurora_data!BH53,0) -> 76 | K92: =IFERROR(aurora_data!BI53,0) -> 10 | L92: =IFERROR(aurora_data!BJ53,0) -> 26 | M92: =IFERROR(aurora_data!BK53,0) -> 51 | ... V92: =IFERROR(aurora_data!BT53,0) -> 0 | X92: =IFERROR(aurora_data!BU53,0) -> 199 | Y92: =IFERROR(X92/$X$91,0) -> 0.995
E93: Stratified Out Usable N | F93: =IFERROR(aurora_data!BD54,0) -> 1 | G93: =IFERROR(aurora_data!BE54,0) -> 3 | H93: =IFERROR(aurora_data!BF54,0) -> 3 | I93: =IFERROR(aurora_data!BG54,0) -> 8 | J93: =IFERROR(aurora_data!BH54,0) -> 9 | K93: =IFERROR(aurora_data!BI54,0) -> 3 | L93: =IFERROR(aurora_data!BJ54,0) -> 4 | M93: =IFERROR(aurora_data!BK54,0) -> 8 | ... V93: =IFERROR(aurora_data!BT54,0) -> 0 | X93: =IFERROR(aurora_data!BU54,0) -> 24 | Y93: =IFERROR(X93/$X$91,0) -> 0.12
E94: In Process | F94: =IFERROR(aurora_data!BD55,0) -> 0 | G94: =IFERROR(aurora_data!BE55,0) -> 0 | H94: =IFERROR(aurora_data!BF55,0) -> 0 | I94: =IFERROR(aurora_data!BG55,0) -> 0 | J94: =IFERROR(aurora_data!BH55,0) -> 0 | K94: =IFERROR(aurora_data!BI55,0) -> 0 | L94: =IFERROR(aurora_data!BJ55,0) -> 0 | M94: =IFERROR(aurora_data!BK55,0) -> 0 | ... V94: =IFERROR(aurora_data!BT55,0) -> 0 | X94: =IFERROR(aurora_data!BU55,0) -> 0 | Y94: =IFERROR(X94/$X$91,0) -> 0
E95: Assigned Not Received | F95: =IFERROR(aurora_data!BD56,0) -> 1 | G95: =IFERROR(aurora_data!BE56,0) -> 0 | H95: =IFERROR(aurora_data!BF56,0) -> 2 | I95: =IFERROR(aurora_data!BG56,0) -> 0 | J95: =IFERROR(aurora_data!BH56,0) -> 0 | K95: =IFERROR(aurora_data!BI56,0) -> 0 | L95: =IFERROR(aurora_data!BJ56,0) -> 0 | M95: =IFERROR(aurora_data!BK56,0) -> 0 | ... V95: =IFERROR(aurora_data!BT56,0) -> 0 | X95: =IFERROR(aurora_data!BU56,0) -> 3 | Y95: =IFERROR(X95/$X$91,0) -> 0.015
E96: Reserved Not Received | F96: =IFERROR(aurora_data!BD57,0) -> 0 | G96: =IFERROR(aurora_data!BE57,0) -> 0 | H96: =IFERROR(aurora_data!BF57,0) -> 0 | I96: =IFERROR(aurora_data!BG57,0) -> 0 | J96: =IFERROR(aurora_data!BH57,0) -> 0 | K96: =IFERROR(aurora_data!BI57,0) -> 0 | L96: =IFERROR(aurora_data!BJ57,0) -> 0 | M96: =IFERROR(aurora_data!BK57,0) -> 0 | ... V96: =IFERROR(aurora_data!BT57,0) -> 0 | X96: =IFERROR(aurora_data!BU57,0) -> 0 | Y96: =IFERROR(X96/$X$91,0) -> 0
E97: Total Assignments | F97: =IFERROR(aurora_data!BD58,0) -> 9 | G97: =IFERROR(aurora_data!BE58,0) -> 15 | H97: =IFERROR(aurora_data!BF58,0) -> 44 | I97: =IFERROR(aurora_data!BG58,0) -> 73 | J97: =IFERROR(aurora_data!BH58,0) -> 85 | K97: =IFERROR(aurora_data!BI58,0) -> 13 | L97: =IFERROR(aurora_data!BJ58,0) -> 30 | M97: =IFERROR(aurora_data!BK58,0) -> 59 | ... V97: =IFERROR(aurora_data!BT58,0) -> 0 | X97: =IFERROR(aurora_data!BU58,0) -> 226 | Y97: =IFERROR(X97/$X$91,0) -> 1.13
E98: Selected | F98: =IFERROR(aurora_data!BD59,0) -> 0 | G98: =IFERROR(aurora_data!BE59,0) -> 1 | H98: =IFERROR(aurora_data!BF59,0) -> 0 | I98: =IFERROR(aurora_data!BG59,0) -> 1 | J98: =IFERROR(aurora_data!BH59,0) -> 1 | K98: =IFERROR(aurora_data!BI59,0) -> 0 | L98: =IFERROR(aurora_data!BJ59,0) -> 2 | M98: =IFERROR(aurora_data!BK59,0) -> 0 | ... V98: =IFERROR(aurora_data!BT59,0) -> 0 | X98: =IFERROR(aurora_data!BU59,0) -> 3 | Y98: =IFERROR(X98/$X$91,0) -> 0.015
E99: Max N Variance | F99: =ROUNDDOWN((F101+$F$10)*($X91),0) -> 11 | G99: =ROUNDDOWN((G101+$F$10)*($X91),0) -> 15 | H99: =ROUNDDOWN((H101+$F$10)*($X91),0) -> 43 | I99: =ROUNDDOWN((I101+$F$10)*($X91),0) -> 68 | J99: =ROUNDDOWN((J101+$F$10)*($X91),0) -> 80 | K99: =ROUNDDOWN((K101+$K$10)*($X91),0) -> 17 | L99: =ROUNDDOWN((L101+$K$10)*($X91),0) -> 33 | M99: =ROUNDDOWN((M101+$K$10)*($X91),0) -> 57 | N99: =ROUNDDOWN((N101+$K$10)*($X91),0) -> 27 | O99: =ROUNDDOWN((O101+$K$10)*($X91),0) -> 103
E100: Min N Variance | F100: =IF(ROUND(((F101-$F$10)*($X91))+0.25,0) <=0,1,((F101-$F$10)*($X91))+0.25) -> 3.56 | G100: =IF(ROUND(((G101-$F$10)*($X91))+0.25,0) <=0,1,((G101-$F$10)*($X91))+0.25) -> 7.99 | H100: =IF(ROUND(((H101-$F$10)*($X91))+0.25,0) <=0,1,((H101-$F$10)*($X91))+0.25) -> 36.16 | I100: =IF(ROUND(((I101-$F$10)*($X91))+0.25,0) <=0,1,((I101-$F$10)*($X91))+0.25) -> 60.89 | J100: =IF(ROUND(((J101-$F$10)*($X91))+0.25,0) <=0,1,((J101-$F$10)*($X91))+0.25) -> 72.66 | K100: =IF(ROUND(((K101-$K$10)*($X91))+0.25,0) <=0,1,((K101-$K$10)*($X91))+0.25) -> 1.97 | L100: =IF(ROUND(((L101-$K$10)*($X91))+0.25,0) <=0,1,((L101-$K$10)*($X91))+0.25) -> 18.08 | M100: =IF(ROUND(((M101-$K$10)*($X91))+0.25,0) <=0,1,((M101-$K$10)*($X91))+0.25) -> 42.15 | N100: =IF(ROUND(((N101-$K$10)*($X91))+0.25,0) <=0,1,((N101-$K$10)*($X91))+0.25) -> 11.48 | O100: =IF(ROUND(((O101-$K$10)*($X91))+0.25,0) <=0,1,((O101-$K$10)*($X91))+0.25) -> 87.57
E101: Census % | F101: =IFERROR(F91/$X91,0) -> 0.03655 | G101: =IFERROR(G91/$X91,0) -> 0.0587 | H101: =IFERROR(H91/$X91,0) -> 0.19955 | I101: =IFERROR(I91/$X91,0) -> 0.3232 | J101: =IFERROR(J91/$X91,0) -> 0.38205 | K101: =IFERROR(K91/$X91,0) -> 0.0486 | L101: =IFERROR(L91/$X91,0) -> 0.12915 | M101: =IFERROR(M91/$X91,0) -> 0.2495 | ... O101: =IFERROR(O91/$X91,0) -> 0.4766
E102: Usable % | F102: =IFERROR(F92/$X91,0) -> 0.035 | G102: =IFERROR(G92/$X91,0) -> 0.06 | H102: =IFERROR(H92/$X91,0) -> 0.195 | I102: =IFERROR(I92/$X91,0) -> 0.325 | J102: =IFERROR(J92/$X91,0) -> 0.38 | K102: =IFERROR(K92/$X91,0) -> 0.05 | L102: =IFERROR(L92/$X91,0) -> 0.13 | M102: =IFERROR(M92/$X91,0) -> 0.255 | ... O102: =IFERROR(O92/$X91,0) -> 0.475
E103: Difference % | F103: =F102-F101 -> -0.00155 | G103: =G102-G101 -> 0.0013 | H103: =H102-H101 -> -0.00455 | I103: =I102-I101 -> 0.0018 | J103: =J102-J101 -> -0.00205 | K103: =K102-K101 -> 0.0014 | L103: =L102-L101 -> 0.00085 | M103: =M102-M101 -> 0.0055 | ... O103: =O102-O101 -> -0.0016
...

Sheet WISC6_STDZ_D
A1: Total Assigments below Target | D1: Study Information | N1: Additional Information
A2: Usable greater/equal to target | D2: =_xlfn.CONCAT("Study Name: ","WISC-6 Standardization - Digital") -> Study Name: WISC-6 Standardization - Digital | K2: Usable = case is available to Psychometrics for this study In Process = questionable, In Process Assigned Not Recd = Tests assigned to examiners, no tests received (required tests) Reserved not Received = Tests in reserved status, not received Total Assignments = sum of Usable, Received Non Final, Assigned Partial Received, Assigned Not Received Selected = default status for making an assignment
D3: =_xlfn.CONCAT("Study Acronym: "," WISC6_STDZ_D") -> Study Acronym: WISC6_STDZ_D | F3: Study ID: 3767
D5: Additional Requirements
D6: REG : A least some for each region within sampling band ETH : ±4% for White, up to +4% for any other group, cannot go lower than target for any group except White. Must also meet margin requirements for age x race/eth and age x PED but age x race/eth x PED is reported in manual. SEX : Within each sampling band must be exactly 50/50 M/F ED: Vary by +2% for any group, but cannot go lower than target for any group except PED 4 or 5 -Vary by ±1 case within sampling band; make up for in adjacent sampling band. -Ages 6-7 must have 100 cases
B8: =_xlfn.CONCAT("Last Refreshed at: ",aurora_data!AK132) -> Last Refreshed at: 09/17/2026 @ 7:18 AM | E8: Demographic Variables
D9: Variance Tolerance: | E9: 0.02 | AD9: 0.1
B10: Status | E10: Ethnicity by Education Level | AD10: Region | AH10: SEX | AL10: Totals
C11: ageband | D11: report | E11: AS | J11: BL | O11: HI | T11: OT | Y11: WH | AD11: MW | AE11: NE | AF11: SO | AG11: WE | AH11: F | AI11: M
E12: 1 | F12: 2 | G12: 3 | H12: 4 | I12: 5 | J12: 1 | K12: 2 | L12: 3 | M12: 4 | N12: 5 | O12: 1 | P12: 2 | Q12: 3 | R12: 4 | S12: 5 | T12: 1 | U12: 2 | V12: 3 | W12: 4 | X12: 5 | Y12: 1 | Z12: 2 | AA12: 3 | AB12: 4 | AC12: 5
B13: Open | C13: =aurora_data!A132 -> 06.00.00-06.11.30 | D13: Target | E13: =aurora_data!D132 -> 0.1 | F13: =aurora_data!E132 -> 0.1 | G13: =aurora_data!F132 -> 0.25 | H13: =aurora_data!G132 -> 0.45 | I13: =aurora_data!H132 -> 1.68 | J13: =aurora_data!I132 -> 0.1 | K13: =aurora_data!J132 -> 0.37 | L13: =aurora_data!K132 -> 1.75 | ... AI13: =aurora_data!AH132 -> 25 | AJ13: =aurora_data!AI4 -> 0 | AL13: =aurora_data!AJ132 -> 50 | AM13: =SUM(AL13)/$AL$13 -> 1
D14: Usable | E14: =aurora_data!D133 -> 0 | F14: =aurora_data!E133 -> 0 | G14: =aurora_data!F133 -> 0 | H14: =aurora_data!G133 -> 0 | I14: =aurora_data!H133 -> 0 | J14: =aurora_data!I133 -> 0 | K14: =aurora_data!J133 -> 1 | L14: =aurora_data!K133 -> 1 | ... AI14: =aurora_data!AH133 -> 21 | AJ14: =aurora_data!AI5 -> 0 | AL14: =aurora_data!AJ133 -> 41 | AM14: =SUM(AL14)/$AL$13 -> 0.82
D15: Stratified Out Usable N | E15: =aurora_data!D134 -> 0 | F15: =aurora_data!E134 -> 0 | G15: =aurora_data!F134 -> 0 | H15: =aurora_data!G134 -> 0 | I15: =aurora_data!H134 -> 0 | J15: =aurora_data!I134 -> 0 | K15: =aurora_data!J134 -> 0 | L15: =aurora_data!K134 -> 0 | ... AI15: =aurora_data!AH134 -> 1 | AJ15: =aurora_data!AI6 -> 0 | AL15: =aurora_data!AJ134 -> 4 | AM15: =SUM(AL15)/$AL$13 -> 0.08
D16: In Process | E16: =aurora_data!D135 -> 0 | F16: =aurora_data!E135 -> 0 | G16: =aurora_data!F135 -> 0 | H16: =aurora_data!G135 -> 0 | I16: =aurora_data!H135 -> 0 | J16: =aurora_data!I135 -> 0 | K16: =aurora_data!J135 -> 0 | L16: =aurora_data!K135 -> 1 | ... AI16: =aurora_data!AH135 -> 0 | AJ16: =aurora_data!AI7 -> 0 | AL16: =aurora_data!AJ135 -> 1 | AM16: =SUM(AL16)/$AL$13 -> 0.02
D17: Assigned Not Received | E17: =aurora_data!D136 -> 0 | F17: =aurora_data!E136 -> 0 | G17: =aurora_data!F136 -> 0 | H17: =aurora_data!G136 -> 0 | I17: =aurora_data!H136 -> 1 | J17: =aurora_data!I136 -> 0 | K17: =aurora_data!J136 -> 0 | L17: =aurora_data!K136 -> 0 | ... AI17: =aurora_data!AH136 -> 7 | AJ17: =aurora_data!AI8 -> 0 | AL17: =aurora_data!AJ136 -> 8 | AM17: =SUM(AL17)/$AL$13 -> 0.16
D18: Reserved Not Received | E18: =aurora_data!D137 -> 0 | F18: =aurora_data!E137 -> 0 | G18: =aurora_data!F137 -> 0 | H18: =aurora_data!G137 -> 0 | I18: =aurora_data!H137 -> 0 | J18: =aurora_data!I137 -> 0 | K18: =aurora_data!J137 -> 0 | L18: =aurora_data!K137 -> 0 | ... AI18: =aurora_data!AH137 -> 0 | AJ18: =aurora_data!AI9 -> 0 | AL18: =aurora_data!AJ137 -> 0 | AM18: =SUM(AL18)/$AL$13 -> 0
D19: Total Assignments | E19: =aurora_data!D138 -> 0 | F19: =aurora_data!E138 -> 0 | G19: =aurora_data!F138 -> 0 | H19: =aurora_data!G138 -> 0 | I19: =aurora_data!H138 -> 1 | J19: =aurora_data!I138 -> 0 | K19: =aurora_data!J138 -> 1 | L19: =aurora_data!K138 -> 2 | ... AI19: =aurora_data!AH138 -> 29 | AJ19: =aurora_data!AI10 -> 0 | AL19: =aurora_data!AJ138 -> 54 | AM19: =SUM(AL19)/$AL$13 -> 1.08
D20: Selected | E20: =aurora_data!D139 -> 0 | F20: =aurora_data!E139 -> 0 | G20: =aurora_data!F139 -> 0 | H20: =aurora_data!G139 -> 0 | I20: =aurora_data!H139 -> 0 | J20: =aurora_data!I139 -> 0 | K20: =aurora_data!J139 -> 0 | L20: =aurora_data!K139 -> 0 | ... AI20: =aurora_data!AH139 -> 0 | AJ20: =aurora_data!AI11 -> 0 | AL20: =aurora_data!AJ139 -> 0 | AM20: =SUM(AL20)/$AL$13 -> 0
D21: Max N Variance | E21: =ROUNDDOWN((E23+$E$9)*($AL13),0) -> 1 | F21: =ROUNDDOWN((F23+$E$9)*($AL13),0) -> 1 | G21: =ROUNDDOWN((G23+$E$9)*($AL13),0) -> 1 | H21: =ROUNDDOWN((H23+$E$9)*($AL13),0) -> 1 | I21: =ROUNDDOWN((I23+$E$9)*($AL13),0) -> 2 | J21: =ROUNDDOWN((J23+$E$9)*($AL13),0) -> 1 | K21: =ROUNDDOWN((K23+$E$9)*($AL13),0) -> 1 | L21: =ROUNDDOWN((L23+$E$9)*($AL13),0) -> 2 | ... AC21: =ROUNDDOWN((AC23+$E$9)*($AL13),0) -> 12 | AD21: =ROUNDDOWN((AD23+$AD$9)*($AL13),0) -> 16 | AE21: =ROUNDDOWN((AE23+$AD$9)*($AL13),0) -> 12 | AF21: =ROUNDDOWN((AF23+$AD$9)*($AL13),0) -> 25 | AG21: =ROUNDDOWN((AG23+$AD$9)*($AL13),0) -> 16 | AH21: =ROUNDDOWN((AH23+$AH$9)*($AL13),0) -> 25 | AI21: =ROUNDDOWN((AI23+$AH$8)*($AL13),0) -> 25
D22: Min N Variance | E22: =IF(ROUND(((E23-$E$9)*($AL13))+0.25,0) <=0,1,((E23-$E$9)*($AL13))+0.25) -> 1 | F22: =IF(ROUND(((F23-$E$9)*($AL13))+0.25,0) <=0,1,((F23-$E$9)*($AL13))+0.25) -> 1 | G22: =IF(ROUND(((G23-$E$9)*($AL13))+0.25,0) <=0,1,((G23-$E$9)*($AL13))+0.25) -> 1 | H22: =IF(ROUND(((H23-$E$9)*($AL13))+0.25,0) <=0,1,((H23-$E$9)*($AL13))+0.25) -> 1 | I22: =IF(ROUND(((I23-$E$9)*($AL13))+0.25,0) <=0,1,((I23-$E$9)*($AL13))+0.25) -> 0.93 | J22: =IF(ROUND(((J23-$E$9)*($AL13))+0.25,0) <=0,1,((J23-$E$9)*($AL13))+0.25) -> 1 | K22: =IF(ROUND(((K23-$E$9)*($AL13))+0.25,0) <=0,1,((K23-$E$9)*($AL13))+0.25) -> 1 | L22: =IF(ROUND(((L23-$E$9)*($AL13))+0.25,0) <=0,1,((L23-$E$9)*($AL13))+0.25) -> 1 | ... AC22: =IF(ROUND(((AC23-$E$9)*($AL13))+0.25,0) <=0,1,((AC23-$E$9)*($AL13))+0.25) -> 11.24 | AD22: =IF(((AD23-$AD$9)*($AL13))+0.5 <0,1,((AD23-$AD$9)*($AL13))+0.5 ) -> 6.58 | AE22: =IF(((AE23-$AD$9)*($AL13))+0.5 <0,1,((AE23-$AD$9)*($AL13))+0.5 ) -> 3.13 | AF22: =IF(((AF23-$AD$9)*($AL13))+0.5 <0,1,((AF23-$AD$9)*($AL13))+0.5 ) -> 15.5 | AG22: =IF(((AG23-$AD$9)*($AL13))+0.5 <0,1,((AG23-$AD$9)*($AL13))+0.5 ) -> 6.79 | AH22: =IF(((AH23-$AH$9)*($AL13))+0.5 <0,1,((AH23-$AH$9)*($AL13)) ) -> 25 | AI22: =IF(((AI23-$AH$9)*($AL13))+0.5 <0,1,((AI23-$AH$9)*($AL13)) ) -> 25
D23: Census % | E23: =IFERROR(E13/$AL13,0) -> 0.002 | F23: =IFERROR(F13/$AL13,0) -> 0.002 | G23: =IFERROR(G13/$AL13,0) -> 0.005 | H23: =IFERROR(H13/$AL13,0) -> 0.009 | I23: =IFERROR(I13/$AL13,0) -> 0.0336 | J23: =IFERROR(J13/$AL13,0) -> 0.002 | K23: =IFERROR(K13/$AL13,0) -> 0.0074 | L23: =IFERROR(L13/$AL13,0) -> 0.035 | ... AJ23: =IFERROR(AJ13/$AL13,0) -> 0
D24: Usable % | E24: =IFERROR(E14/$AL13,0) -> 0 | F24: =IFERROR(F14/$AL13,0) -> 0 | G24: =IFERROR(G14/$AL13,0) -> 0 | H24: =IFERROR(H14/$AL13,0) -> 0 | I24: =IFERROR(I14/$AL13,0) -> 0 | J24: =IFERROR(J14/$AL13,0) -> 0 | K24: =IFERROR(K14/$AL13,0) -> 0.02 | L24: =IFERROR(L14/$AL13,0) -> 0.02 | ... AJ24: =IFERROR(AJ14/$AL13,0) -> 0
D25: Difference % | E25: =E24-E23 -> -0.002 | F25: =F24-F23 -> -0.002 | G25: =G24-G23 -> -0.005 | H25: =H24-H23 -> -0.009 | I25: =I24-I23 -> -0.0336 | J25: =J24-J23 -> -0.002 | K25: =K24-K23 -> 0.0126 | L25: =L24-L23 -> -0.015 | ... AJ25: =AJ24-AJ23 -> 0
B26: Open | C26: =aurora_data!A140 -> 07.00.00-07.11.30 | D26: Target | E26: =aurora_data!D140 -> 0.07 | F26: =aurora_data!E140 -> 0.08 | G26: =aurora_data!F140 -> 0.24 | H26: =aurora_data!G140 -> 0.38 | I26: =aurora_data!H140 -> 1.62 | J26: =aurora_data!I140 -> 0.12 | K26: =aurora_data!J140 -> 0.4 | L26: =aurora_data!K140 -> 1.78 | ... AI26: =aurora_data!AH140 -> 25 | AJ26: =aurora_data!AI12 -> 0 | AL26: =aurora_data!AJ140 -> 50 | AM26: =SUM(AL26)/$AL$26 -> 1
D27: Usable | E27: =aurora_data!D141 -> 0 | F27: =aurora_data!E141 -> 0 | G27: =aurora_data!F141 -> 0 | H27: =aurora_data!G141 -> 0 | I27: =aurora_data!H141 -> 0 | J27: =aurora_data!I141 -> 0 | K27: =aurora_data!J141 -> 0 | L27: =aurora_data!K141 -> 2 | ... AI27: =aurora_data!AH141 -> 16 | AJ27: =aurora_data!AI13 -> 0 | AL27: =aurora_data!AJ141 -> 34 | AM27: =SUM(AL27)/$AL$26 -> 0.68
D28: Stratified Out Usable N | E28: =aurora_data!D142 -> 0 | F28: =aurora_data!E142 -> 0 | G28: =aurora_data!F142 -> 0 | H28: =aurora_data!G142 -> 0 | I28: =aurora_data!H142 -> 0 | J28: =aurora_data!I142 -> 0 | K28: =aurora_data!J142 -> 0 | L28: =aurora_data!K142 -> 0 | ... AI28: =aurora_data!AH142 -> 0 | AJ28: =aurora_data!AI14 -> 0 | AL28: =aurora_data!AJ142 -> 3 | AM28: =SUM(AL28)/$AL$26 -> 0.06
D29: In Process | E29: =aurora_data!D143 -> 0 | F29: =aurora_data!E143 -> 0 | G29: =aurora_data!F143 -> 0 | H29: =aurora_data!G143 -> 0 | I29: =aurora_data!H143 -> 0 | J29: =aurora_data!I143 -> 0 | K29: =aurora_data!J143 -> 0 | L29: =aurora_data!K143 -> 0 | ... AI29: =aurora_data!AH143 -> 0 | AJ29: =aurora_data!AI15 -> 0 | AL29: =aurora_data!AJ143 -> 0 | AM29: =SUM(AL29)/$AL$26 -> 0
D30: Assigned Not Received | E30: =aurora_data!D144 -> 0 | F30: =aurora_data!E144 -> 1 | G30: =aurora_data!F144 -> 0 | H30: =aurora_data!G144 -> 0 | I30: =aurora_data!H144 -> 0 | J30: =aurora_data!I144 -> 0 | K30: =aurora_data!J144 -> 0 | L30: =aurora_data!K144 -> 0 | ... AI30: =aurora_data!AH144 -> 2 | AJ30: =aurora_data!AI16 -> 0 | AL30: =aurora_data!AJ144 -> 4 | AM30: =SUM(AL30)/$AL$26 -> 0.08
D31: Reserved Not Received | E31: =aurora_data!D145 -> 0 | F31: =aurora_data!E145 -> 0 | G31: =aurora_data!F145 -> 0 | H31: =aurora_data!G145 -> 0 | I31: =aurora_data!H145 -> 0 | J31: =aurora_data!I145 -> 0 | K31: =aurora_data!J145 -> 0 | L31: =aurora_data!K145 -> 0 | ... AI31: =aurora_data!AH145 -> 0 | AJ31: =aurora_data!AI17 -> 0 | AL31: =aurora_data!AJ145 -> 0 | AM31: =SUM(AL31)/$AL$26 -> 0
D32: Total Assignments | E32: =aurora_data!D146 -> 0 | F32: =aurora_data!E146 -> 1 | G32: =aurora_data!F146 -> 0 | H32: =aurora_data!G146 -> 0 | I32: =aurora_data!H146 -> 0 | J32: =aurora_data!I146 -> 0 | K32: =aurora_data!J146 -> 0 | L32: =aurora_data!K146 -> 2 | ... AI32: =aurora_data!AH146 -> 18 | AJ32: =aurora_data!AI18 -> 0 | AL32: =aurora_data!AJ146 -> 41 | AM32: =SUM(AL32)/$AL$26 -> 0.82
D33: Selected | E33: =aurora_data!D147 -> 0 | F33: =aurora_data!E147 -> 0 | G33: =aurora_data!F147 -> 0 | H33: =aurora_data!G147 -> 0 | I33: =aurora_data!H147 -> 0 | J33: =aurora_data!I147 -> 0 | K33: =aurora_data!J147 -> 0 | L33: =aurora_data!K147 -> 0 | ... AI33: =aurora_data!AH147 -> 0 | AJ33: =aurora_data!AI19 -> 0 | AL33: =aurora_data!AJ147 -> 0 | AM33: =SUM(AL33)/$AL$26 -> 0
D34: Max N Variance | E34: =ROUNDDOWN((E36+$E$9)*($AL26),0) -> 1 | F34: =ROUNDDOWN((F36+$E$9)*($AL26),0) -> 1 | G34: =ROUNDDOWN((G36+$E$9)*($AL26),0) -> 1 | H34: =ROUNDDOWN((H36+$E$9)*($AL26),0) -> 1 | I34: =ROUNDDOWN((I36+$E$9)*($AL26),0) -> 2 | J34: =ROUNDDOWN((J36+$E$9)*($AL26),0) -> 1 | K34: =ROUNDDOWN((K36+$E$9)*($AL26),0) -> 1 | L34: =ROUNDDOWN((L36+$E$9)*($AL26),0) -> 2 | ... AC34: =ROUNDDOWN((AC36+$E$9)*($AL26),0) -> 13 | AD34: =ROUNDDOWN((AD36+$AD$9)*($AL26),0) -> 15 | AE34: =ROUNDDOWN((AE36+$AD$9)*($AL26),0) -> 12 | AF34: =ROUNDDOWN((AF36+$AD$9)*($AL26),0) -> 25 | AG34: =ROUNDDOWN((AG36+$AD$9)*($AL26),0) -> 16 | AH34: =ROUNDDOWN((AH36+$AH$9)*($AL26),0) -> 25 | AI34: =ROUNDDOWN((AI36+$AH$8)*($AL26),0) -> 25
D35: Min N Variance | E35: =IF(ROUND(((E36-$E$9)*($AL26))+0.25,0) <=0,1,((E36-$E$9)*($AL26))+0.25) -> 1 | F35: =IF(ROUND(((F36-$E$9)*($AL26))+0.25,0) <=0,1,((F36-$E$9)*($AL26))+0.25) -> 1 | G35: =IF(ROUND(((G36-$E$9)*($AL26))+0.25,0) <=0,1,((G36-$E$9)*($AL26))+0.25) -> 1 | H35: =IF(ROUND(((H36-$E$9)*($AL26))+0.25,0) <=0,1,((H36-$E$9)*($AL26))+0.25) -> 1 | I35: =IF(ROUND(((I36-$E$9)*($AL26))+0.25,0) <=0,1,((I36-$E$9)*($AL26))+0.25) -> 0.87 | J35: =IF(ROUND(((J36-$E$9)*($AL26))+0.25,0) <=0,1,((J36-$E$9)*($AL26))+0.25) -> 1 | K35: =IF(ROUND(((K36-$E$9)*($AL26))+0.25,0) <=0,1,((K36-$E$9)*($AL26))+0.25) -> 1 | L35: =IF(ROUND(((L36-$E$9)*($AL26))+0.25,0) <=0,1,((L36-$E$9)*($AL26))+0.25) -> 1.03 | ... AC35: =IF(ROUND(((AC36-$E$9)*($AL26))+0.25,0) <=0,1,((AC36-$E$9)*($AL26))+0.25) -> 11.3 | AD35: =IF(((AD36-$AD$9)*($AL26))+0.5 <0,1,((AD36-$AD$9)*($AL26))+0.5 ) -> 5.92 | AE35: =IF(((AE36-$AD$9)*($AL26))+0.5 <0,1,((AE36-$AD$9)*($AL26))+0.5 ) -> 3.15 | AF35: =IF(((AF36-$AD$9)*($AL26))+0.5 <0,1,((AF36-$AD$9)*($AL26))+0.5 ) -> 15.75 | AG35: =IF(((AG36-$AD$9)*($AL26))+0.5 <0,1,((AG36-$AD$9)*($AL26))+0.5 ) -> 7.18 | AH35: =IF(((AH36-$AH$9)*($AL26))+0.5 <0,1,((AH36-$AH$9)*($AL26)) ) -> 25 | AI35: =IF(((AI36-$AH$9)*($AL26))+0.5 <0,1,((AI36-$AH$9)*($AL26)) ) -> 25
D36: Census % | E36: =IFERROR(E26/$AL26,0) -> 0.0014 | F36: =IFERROR(F26/$AL26,0) -> 0.0016 | G36: =IFERROR(G26/$AL26,0) -> 0.0048 | H36: =IFERROR(H26/$AL26,0) -> 0.0076 | I36: =IFERROR(I26/$AL26,0) -> 0.0324 | J36: =IFERROR(J26/$AL26,0) -> 0.0024 | K36: =IFERROR(K26/$AL26,0) -> 0.008 | L36: =IFERROR(L26/$AL26,0) -> 0.0356 | ... AJ36: =IFERROR(AJ26/$AL26,0) -> 0
D37: Usable % | E37: =IFERROR(E27/$AL26,0) -> 0 | F37: =IFERROR(F27/$AL26,0) -> 0 | G37: =IFERROR(G27/$AL26,0) -> 0 | H37: =IFERROR(H27/$AL26,0) -> 0 | I37: =IFERROR(I27/$AL26,0) -> 0 | J37: =IFERROR(J27/$AL26,0) -> 0 | K37: =IFERROR(K27/$AL26,0) -> 0 | L37: =IFERROR(L27/$AL26,0) -> 0.04 | ... AJ37: =IFERROR(AJ27/$AL26,0) -> 0
D38: Difference % | E38: =E37-E36 -> -0.0014 | F38: =F37-F36 -> -0.0016 | G38: =G37-G36 -> -0.0048 | H38: =H37-H36 -> -0.0076 | I38: =I37-I36 -> -0.0324 | J38: =J37-J36 -> -0.0024 | K38: =K37-K36 -> -0.008 | L38: =L37-L36 -> 0.0044 | ... AJ38: =AJ37-AJ36 -> 0
B39: Open | C39: =aurora_data!A148 -> 08.00.00-08.11.30 | D39: Target | E39: =aurora_data!D148 -> 0.08 | F39: =aurora_data!E148 -> 0.08 | G39: =aurora_data!F148 -> 0.3 | H39: =aurora_data!G148 -> 0.36 | I39: =aurora_data!H148 -> 1.6 | J39: =aurora_data!I148 -> 0.09 | K39: =aurora_data!J148 -> 0.43 | L39: =aurora_data!K148 -> 1.62 | ... AI39: =aurora_data!AH148 -> 25 | AJ39: =aurora_data!AI20 -> 0 | AL39: =aurora_data!AJ148 -> 50 | AM39: =SUM(AL39)/$AL$39 -> 1
D40: Usable | E40: =aurora_data!D149 -> 0 | F40: =aurora_data!E149 -> 0 | G40: =aurora_data!F149 -> 0 | H40: =aurora_data!G149 -> 0 | I40: =aurora_data!H149 -> 2 | J40: =aurora_data!I149 -> 0 | K40: =aurora_data!J149 -> 0 | L40: =aurora_data!K149 -> 2 | ... AI40: =aurora_data!AH149 -> 22 | AJ40: =aurora_data!AI21 -> 0 | AL40: =aurora_data!AJ149 -> 42 | AM40: =SUM(AL40)/$AL$39 -> 0.84
D41: Stratified Out Usable N | E41: =aurora_data!D150 -> 0 | F41: =aurora_data!E150 -> 0 | G41: =aurora_data!F150 -> 0 | H41: =aurora_data!G150 -> 0 | I41: =aurora_data!H150 -> 0 | J41: =aurora_data!I150 -> 0 | K41: =aurora_data!J150 -> 0 | L41: =aurora_data!K150 -> 0 | ... AI41: =aurora_data!AH150 -> 0 | AJ41: =aurora_data!AI22 -> 0 | AL41: =aurora_data!AJ150 -> 2 | AM41: =SUM(AL41)/$AL$39 -> 0.04
D42: In Process | E42: =aurora_data!D151 -> 0 | F42: =aurora_data!E151 -> 0 | G42: =aurora_data!F151 -> 0 | H42: =aurora_data!G151 -> 0 | I42: =aurora_data!H151 -> 0 | J42: =aurora_data!I151 -> 0 | K42: =aurora_data!J151 -> 0 | L42: =aurora_data!K151 -> 0 | ... AI42: =aurora_data!AH151 -> 0 | AJ42: =aurora_data!AI23 -> 0 | AL42: =aurora_data!AJ151 -> 0 | AM42: =SUM(AL42)/$AL$39 -> 0
D43: Assigned Not Received | E43: =aurora_data!D152 -> 0 | F43: =aurora_data!E152 -> 0 | G43: =aurora_data!F152 -> 0 | H43: =aurora_data!G152 -> 0 | I43: =aurora_data!H152 -> 0 | J43: =aurora_data!I152 -> 0 | K43: =aurora_data!J152 -> 0 | L43: =aurora_data!K152 -> 0 | ... AI43: =aurora_data!AH152 -> 2 | AJ43: =aurora_data!AI24 -> 0 | AL43: =aurora_data!AJ152 -> 5 | AM43: =SUM(AL43)/$AL$39 -> 0.1
D44: Reserved Not Received | E44: =aurora_data!D153 -> 0 | F44: =aurora_data!E153 -> 0 | G44: =aurora_data!F153 -> 0 | H44: =aurora_data!G153 -> 0 | I44: =aurora_data!H153 -> 0 | J44: =aurora_data!I153 -> 0 | K44: =aurora_data!J153 -> 0 | L44: =aurora_data!K153 -> 0 | ... AI44: =aurora_data!AH153 -> 0 | AJ44: =aurora_data!AI25 -> 0 | AL44: =aurora_data!AJ153 -> 0 | AM44: =SUM(AL44)/$AL$39 -> 0
D45: Total Assignments | E45: =aurora_data!D154 -> 0 | F45: =aurora_data!E154 -> 0 | G45: =aurora_data!F154 -> 0 | H45: =aurora_data!G154 -> 0 | I45: =aurora_data!H154 -> 2 | J45: =aurora_data!I154 -> 0 | K45: =aurora_data!J154 -> 0 | L45: =aurora_data!K154 -> 2 | ... AI45: =aurora_data!AH154 -> 24 | AJ45: =aurora_data!AI26 -> 0 | AL45: =aurora_data!AJ154 -> 49 | AM45: =SUM(AL45)/$AL$39 -> 0.98
D46: Selected | E46: =aurora_data!D155 -> 0 | F46: =aurora_data!E155 -> 0 | G46: =aurora_data!F155 -> 0 | H46: =aurora_data!G155 -> 0 | I46: =aurora_data!H155 -> 0 | J46: =aurora_data!I155 -> 0 | K46: =aurora_data!J155 -> 0 | L46: =aurora_data!K155 -> 0 | ... AI46: =aurora_data!AH155 -> 0 | AJ46: =aurora_data!AI27 -> 0 | AL46: =aurora_data!AJ155 -> 0 | AM46: =SUM(AL46)/$AL$39 -> 0
D47: Max N Variance | E47: =ROUNDDOWN((E49+$E$9)*($AL39),0) -> 1 | F47: =ROUNDDOWN((F49+$E$9)*($AL39),0) -> 1 | G47: =ROUNDDOWN((G49+$E$9)*($AL39),0) -> 1 | H47: =ROUNDDOWN((H49+$E$9)*($AL39),0) -> 1 | I47: =ROUNDDOWN((I49+$E$9)*($AL39),0) -> 2 | J47: =ROUNDDOWN((J49+$E$9)*($AL39),0) -> 1 | K47: =ROUNDDOWN((K49+$E$9)*($AL39),0) -> 1 | L47: =ROUNDDOWN((L49+$E$9)*($AL39),0) -> 2 | ... AC47: =ROUNDDOWN((AC49+$E$9)*($AL39),0) -> 12 | AD47: =ROUNDDOWN((AD49+$AD$9)*($AL39),0) -> 15 | AE47: =ROUNDDOWN((AE49+$AD$9)*($AL39),0) -> 12 | AF47: =ROUNDDOWN((AF49+$AD$9)*($AL39),0) -> 25 | AG47: =ROUNDDOWN((AG49+$AD$9)*($AL39),0) -> 16 | AH47: =ROUNDDOWN((AH49+$AH$9)*($AL39),0) -> 25 | AI47: =ROUNDDOWN((AI49+$AH$8)*($AL39),0) -> 25
D48: Min N Variance | E48: =IF(ROUND(((E49-$E$9)*($AL39))+0.25,0) <=0,1,((E49-$E$9)*($AL39))+0.25) -> 1 | F48: =IF(ROUND(((F49-$E$9)*($AL39))+0.25,0) <=0,1,((F49-$E$9)*($AL39))+0.25) -> 1 | G48: =IF(ROUND(((G49-$E$9)*($AL39))+0.25,0) <=0,1,((G49-$E$9)*($AL39))+0.25) -> 1 | H48: =IF(ROUND(((H49-$E$9)*($AL39))+0.25,0) <=0,1,((H49-$E$9)*($AL39))+0.25) -> 1 | I48: =IF(ROUND(((I49-$E$9)*($AL39))+0.25,0) <=0,1,((I49-$E$9)*($AL39))+0.25) -> 0.85 | J48: =IF(ROUND(((J49-$E$9)*($AL39))+0.25,0) <=0,1,((J49-$E$9)*($AL39))+0.25) -> 1 | K48: =IF(ROUND(((K49-$E$9)*($AL39))+0.25,0) <=0,1,((K49-$E$9)*($AL39))+0.25) -> 1 | L48: =IF(ROUND(((L49-$E$9)*($AL39))+0.25,0) <=0,1,((L49-$E$9)*($AL39))+0.25) -> 0.87 | ... AC48: =IF(ROUND(((AC49-$E$9)*($AL39))+0.25,0) <=0,1,((AC49-$E$9)*($AL39))+0.25) -> 11.08 | AD48: =IF(((AD49-$AD$9)*($AL39))+0.5 <0,1,((AD49-$AD$9)*($AL39))+0.5 ) -> 5.95 | AE48: =IF(((AE49-$AD$9)*($AL39))+0.5 <0,1,((AE49-$AD$9)*($AL39))+0.5 ) -> 3.16 | AF48: =IF(((AF49-$AD$9)*($AL39))+0.5 <0,1,((AF49-$AD$9)*($AL39))+0.5 ) -> 15.54 | AG48: =IF(((AG49-$AD$9)*($AL39))+0.5 <0,1,((AG49-$AD$9)*($AL39))+0.5 ) -> 7.35 | AH48: =IF(((AH49-$AH$9)*($AL39))+0.5 <0,1,((AH49-$AH$9)*($AL39)) ) -> 25 | AI48: =IF(((AI49-$AH$9)*($AL39))+0.5 <0,1,((AI49-$AH$9)*($AL39)) ) -> 25
D49: Census % | E49: =IFERROR(E39/$AL39,0) -> 0.0016 | F49: =IFERROR(F39/$AL39,0) -> 0.0016 | G49: =IFERROR(G39/$AL39,0) -> 0.006 | H49: =IFERROR(H39/$AL39,0) -> 0.0072 | I49: =IFERROR(I39/$AL39,0) -> 0.032 | J49: =IFERROR(J39/$AL39,0) -> 0.0018 | K49: =IFERROR(K39/$AL39,0) -> 0.0086 | L49: =IFERROR(L39/$AL39,0) -> 0.0324 | ... AJ49: =IFERROR(AJ39/$AL39,0) -> 0
D50: Usable % | E50: =IFERROR(E40/$AL39,0) -> 0 | F50: =IFERROR(F40/$AL39,0) -> 0 | G50: =IFERROR(G40/$AL39,0) -> 0 | H50: =IFERROR(H40/$AL39,0) -> 0 | I50: =IFERROR(I40/$AL39,0) -> 0.04 | J50: =IFERROR(J40/$AL39,0) -> 0 | K50: =IFERROR(K40/$AL39,0) -> 0 | L50: =IFERROR(L40/$AL39,0) -> 0.04 | ... AJ50: =IFERROR(AJ40/$AL39,0) -> 0
D51: Difference % | E51: =E50-E49 -> -0.0016 | F51: =F50-F49 -> -0.0016 | G51: =G50-G49 -> -0.006 | H51: =H50-H49 -> -0.0072 | I51: =I50-I49 -> 0.008 | J51: =J50-J49 -> -0.0018 | K51: =K50-K49 -> -0.0086 | L51: =L50-L49 -> 0.0076 | ... AJ51: =AJ50-AJ49 -> 0
B52: Open | C52: =aurora_data!A156 -> 09.00.00-09.11.30 | D52: Target | E52: =aurora_data!D156 -> 0.09 | F52: =aurora_data!E156 -> 0.09 | G52: =aurora_data!F156 -> 0.3 | H52: =aurora_data!G156 -> 0.41 | I52: =aurora_data!H156 -> 1.64 | J52: =aurora_data!I156 -> 0.13 | K52: =aurora_data!J156 -> 0.39 | L52: =aurora_data!K156 -> 1.87 | ... AI52: =aurora_data!AH156 -> 25 | AJ52: =aurora_data!AI28 -> 0 | AL52: =aurora_data!AJ156 -> 50 | AM52: =SUM(AL52)/$AL$52 -> 1
D53: Usable | E53: =aurora_data!D157 -> 0 | F53: =aurora_data!E157 -> 0 | G53: =aurora_data!F157 -> 0 | H53: =aurora_data!G157 -> 0 | I53: =aurora_data!H157 -> 2 | J53: =aurora_data!I157 -> 0 | K53: =aurora_data!J157 -> 0 | L53: =aurora_data!K157 -> 1 | ... AI53: =aurora_data!AH157 -> 18 | AJ53: =aurora_data!AI29 -> 0 | AL53: =aurora_data!AJ157 -> 36 | AM53: =SUM(AL53)/$AL$52 -> 0.72
D54: Stratified Out Usable N | E54: =aurora_data!D158 -> 0 | F54: =aurora_data!E158 -> 0 | G54: =aurora_data!F158 -> 0 | H54: =aurora_data!G158 -> 0 | I54: =aurora_data!H158 -> 0 | J54: =aurora_data!I158 -> 0 | K54: =aurora_data!J158 -> 0 | L54: =aurora_data!K158 -> 0 | ... AI54: =aurora_data!AH158 -> 2 | AJ54: =aurora_data!AI30 -> 0 | AL54: =aurora_data!AJ158 -> 2 | AM54: =SUM(AL54)/$AL$52 -> 0.04
D55: In Process | E55: =aurora_data!D159 -> 0 | F55: =aurora_data!E159 -> 0 | G55: =aurora_data!F159 -> 0 | H55: =aurora_data!G159 -> 0 | I55: =aurora_data!H159 -> 0 | J55: =aurora_data!I159 -> 0 | K55: =aurora_data!J159 -> 0 | L55: =aurora_data!K159 -> 0 | ... AI55: =aurora_data!AH159 -> 0 | AJ55: =aurora_data!AI31 -> 0 | AL55: =aurora_data!AJ159 -> 0 | AM55: =SUM(AL55)/$AL$52 -> 0
D56: Assigned Not Received | E56: =aurora_data!D160 -> 0 | F56: =aurora_data!E160 -> 0 | G56: =aurora_data!F160 -> 0 | H56: =aurora_data!G160 -> 0 | I56: =aurora_data!H160 -> 0 | J56: =aurora_data!I160 -> 0 | K56: =aurora_data!J160 -> 0 | L56: =aurora_data!K160 -> 0 | ... AI56: =aurora_data!AH160 -> 5 | AJ56: =aurora_data!AI32 -> 0 | AL56: =aurora_data!AJ160 -> 9 | AM56: =SUM(AL56)/$AL$52 -> 0.18
D57: Reserved Not Received | E57: =aurora_data!D161 -> 0 | F57: =aurora_data!E161 -> 0 | G57: =aurora_data!F161 -> 0 | H57: =aurora_data!G161 -> 0 | I57: =aurora_data!H161 -> 0 | J57: =aurora_data!I161 -> 0 | K57: =aurora_data!J161 -> 0 | L57: =aurora_data!K161 -> 0 | ... AI57: =aurora_data!AH161 -> 0 | AJ57: =aurora_data!AI33 -> 0 | AL57: =aurora_data!AJ161 -> 0 | AM57: =SUM(AL57)/$AL$52 -> 0
D58: Total Assignments | E58: =aurora_data!D162 -> 0 | F58: =aurora_data!E162 -> 0 | G58: =aurora_data!F162 -> 0 | H58: =aurora_data!G162 -> 0 | I58: =aurora_data!H162 -> 2 | J58: =aurora_data!I162 -> 0 | K58: =aurora_data!J162 -> 0 | L58: =aurora_data!K162 -> 1 | ... AI58: =aurora_data!AH162 -> 25 | AJ58: =aurora_data!AI34 -> 0 | AL58: =aurora_data!AJ162 -> 47 | AM58: =SUM(AL58)/$AL$52 -> 0.94
D59: Selected | E59: =aurora_data!D163 -> 0 | F59: =aurora_data!E163 -> 0 | G59: =aurora_data!F163 -> 0 | H59: =aurora_data!G163 -> 0 | I59: =aurora_data!H163 -> 0 | J59: =aurora_data!I163 -> 0 | K59: =aurora_data!J163 -> 0 | L59: =aurora_data!K163 -> 0 | ... AI59: =aurora_data!AH163 -> 0 | AJ59: =aurora_data!AI35 -> 0 | AL59: =aurora_data!AJ163 -> 0 | AM59: =SUM(AL59)/$AL$52 -> 0
D60: Max N Variance | E60: =ROUNDDOWN((E62+$E$9)*($AL52),0) -> 1 | F60: =ROUNDDOWN((F62+$E$9)*($AL52),0) -> 1 | G60: =ROUNDDOWN((G62+$E$9)*($AL52),0) -> 1 | H60: =ROUNDDOWN((H62+$E$9)*($AL52),0) -> 1 | I60: =ROUNDDOWN((I62+$E$9)*($AL52),0) -> 2 | J60: =ROUNDDOWN((J62+$E$9)*($AL52),0) -> 1 | K60: =ROUNDDOWN((K62+$E$9)*($AL52),0) -> 1 | L60: =ROUNDDOWN((L62+$E$9)*($AL52),0) -> 2 | ... AC60: =ROUNDDOWN((AC62+$E$9)*($AL52),0) -> 13 | AD60: =ROUNDDOWN((AD62+$AD$9)*($AL52),0) -> 15 | AE60: =ROUNDDOWN((AE62+$AD$9)*($AL52),0) -> 12 | AF60: =ROUNDDOWN((AF62+$AD$9)*($AL52),0) -> 24 | AG60: =ROUNDDOWN((AG62+$AD$9)*($AL52),0) -> 16 | AH60: =ROUNDDOWN((AH62+$AH$9)*($AL52),0) -> 25 | AI60: =ROUNDDOWN((AI62+$AH$8)*($AL52),0) -> 25 | AJ60: =ROUNDDOWN((AJ62+$AH$8)*($AL52),0) -> 0
D61: Min N Variance | E61: =IF(ROUND(((E62-$E$9)*($AL52))+0.25,0) <=0,1,((E62-$E$9)*($AL52))+0.25) -> 1 | F61: =IF(ROUND(((F62-$E$9)*($AL52))+0.25,0) <=0,1,((F62-$E$9)*($AL52))+0.25) -> 1 | G61: =IF(ROUND(((G62-$E$9)*($AL52))+0.25,0) <=0,1,((G62-$E$9)*($AL52))+0.25) -> 1 | H61: =IF(ROUND(((H62-$E$9)*($AL52))+0.25,0) <=0,1,((H62-$E$9)*($AL52))+0.25) -> 1 | I61: =IF(ROUND(((I62-$E$9)*($AL52))+0.25,0) <=0,1,((I62-$E$9)*($AL52))+0.25) -> 0.89 | J61: =IF(ROUND(((J62-$E$9)*($AL52))+0.25,0) <=0,1,((J62-$E$9)*($AL52))+0.25) -> 1 | K61: =IF(ROUND(((K62-$E$9)*($AL52))+0.25,0) <=0,1,((K62-$E$9)*($AL52))+0.25) -> 1 | L61: =IF(ROUND(((L62-$E$9)*($AL52))+0.25,0) <=0,1,((L62-$E$9)*($AL52))+0.25) -> 1.12 | ... AC61: =IF(ROUND(((AC62-$E$9)*($AL52))+0.25,0) <=0,1,((AC62-$E$9)*($AL52))+0.25) -> 11.3 | AD61: =IF(((AD62-$AD$9)*($AL52))+0.5 <0,1,((AD62-$AD$9)*($AL52))+0.5 ) -> 6.3 | AE61: =IF(((AE62-$AD$9)*($AL52))+0.5 <0,1,((AE62-$AD$9)*($AL52))+0.5 ) -> 3.27 | AF61: =IF(((AF62-$AD$9)*($AL52))+0.5 <0,1,((AF62-$AD$9)*($AL52))+0.5 ) -> 15.35 | AG61: =IF(((AG62-$AD$9)*($AL52))+0.5 <0,1,((AG62-$AD$9)*($AL52))+0.5 ) -> 7.08 | AH61: =IF(((AH62-$AH$9)*($AL52))+0.5 <0,1,((AH62-$AH$9)*($AL52)) ) -> 25 | AI61: =IF(((AI62-$AH$9)*($AL52))+0.5 <0,1,((AI62-$AH$9)*($AL52)) ) -> 25 | AJ61: =IF(((AJ62-$AH$8)*($AL52))+0.5 <0,1,((AJ62-$AH$8)*($AL52))+0.5 ) -> 0.5
D62: Census % | E62: =IFERROR(E52/$AL52,0) -> 0.0018 | F62: =IFERROR(F52/$AL52,0) -> 0.0018 | G62: =IFERROR(G52/$AL52,0) -> 0.006 | H62: =IFERROR(H52/$AL52,0) -> 0.0082 | I62: =IFERROR(I52/$AL52,0) -> 0.0328 | J62: =IFERROR(J52/$AL52,0) -> 0.0026 | K62: =IFERROR(K52/$AL52,0) -> 0.0078 | L62: =IFERROR(L52/$AL52,0) -> 0.0374 | ... AJ62: =IFERROR(AJ52/$AL52,0) -> 0
D63: Usable % | E63: =IFERROR(E53/$AL52,0) -> 0 | F63: =IFERROR(F53/$AL52,0) -> 0 | G63: =IFERROR(G53/$AL52,0) -> 0 | H63: =IFERROR(H53/$AL52,0) -> 0 | I63: =IFERROR(I53/$AL52,0) -> 0.04 | J63: =IFERROR(J53/$AL52,0) -> 0 | K63: =IFERROR(K53/$AL52,0) -> 0 | L63: =IFERROR(L53/$AL52,0) -> 0.02 | ... AJ63: =IFERROR(AJ53/$AL52,0) -> 0
D64: Difference % | E64: =E63-E62 -> -0.0018 | F64: =F63-F62 -> -0.0018 | G64: =G63-G62 -> -0.006 | H64: =H63-H62 -> -0.0082 | I64: =I63-I62 -> 0.0072 | J64: =J63-J62 -> -0.0026 | K64: =K63-K62 -> -0.0078 | L64: =L63-L62 -> -0.0174 | ... AJ64: =AJ63-AJ62 -> 0
B65: Open | C65: =aurora_data!A164 -> 10.00.00-10.11.30 | D65: Target | E65: =aurora_data!D164 -> 0.07 | F65: =aurora_data!E164 -> 0.13 | G65: =aurora_data!F164 -> 0.29 | H65: =aurora_data!G164 -> 0.41 | I65: =aurora_data!H164 -> 1.69 | J65: =aurora_data!I164 -> 0.13 | K65: =aurora_data!J164 -> 0.46 | L65: =aurora_data!K164 -> 1.84 | ... AI65: =aurora_data!AH164 -> 25 | AJ65: =aurora_data!AI36 -> 0 | AL65: =aurora_data!AJ164 -> 50 | AM65: =SUM(AL65)/$AL$65 -> 1
D66: Usable | E66: =aurora_data!D165 -> 0 | F66: =aurora_data!E165 -> 0 | G66: =aurora_data!F165 -> 0 | H66: =aurora_data!G165 -> 1 | I66: =aurora_data!H165 -> 2 | J66: =aurora_data!I165 -> 0 | K66: =aurora_data!J165 -> 1 | L66: =aurora_data!K165 -> 1 | ... AI66: =aurora_data!AH165 -> 19 | AJ66: =aurora_data!AI37 -> 0 | AL66: =aurora_data!AJ165 -> 40 | AM66: =SUM(AL66)/$AL$65 -> 0.8
D67: Stratified Out Usable N | E67: =aurora_data!D166 -> 0 | F67: =aurora_data!E166 -> 0 | G67: =aurora_data!F166 -> 0 | H67: =aurora_data!G166 -> 0 | I67: =aurora_data!H166 -> 0 | J67: =aurora_data!I166 -> 0 | K67: =aurora_data!J166 -> 0 | L67: =aurora_data!K166 -> 0 | ... AI67: =aurora_data!AH166 -> 2 | AJ67: =aurora_data!AI38 -> 0 | AL67: =aurora_data!AJ166 -> 6 | AM67: =SUM(AL67)/$AL$65 -> 0.12
D68: In Process | E68: =aurora_data!D167 -> 0 | F68: =aurora_data!E167 -> 0 | G68: =aurora_data!F167 -> 0 | H68: =aurora_data!G167 -> 0 | I68: =aurora_data!H167 -> 0 | J68: =aurora_data!I167 -> 0 | K68: =aurora_data!J167 -> 0 | L68: =aurora_data!K167 -> 0 | ... AI68: =aurora_data!AH167 -> 0 | AJ68: =aurora_data!AI39 -> 0 | AL68: =aurora_data!AJ167 -> 0 | AM68: =SUM(AL68)/$AL$65 -> 0
D69: Assigned Not Received | E69: =aurora_data!D168 -> 0 | F69: =aurora_data!E168 -> 0 | G69: =aurora_data!F168 -> 0 | H69: =aurora_data!G168 -> 0 | I69: =aurora_data!H168 -> 0 | J69: =aurora_data!I168 -> 0 | K69: =aurora_data!J168 -> 0 | L69: =aurora_data!K168 -> 0 | ... AI69: =aurora_data!AH168 -> 4 | AJ69: =aurora_data!AI40 -> 0 | AL69: =aurora_data!AJ168 -> 8 | AM69: =SUM(AL69)/$AL$65 -> 0.16
D70: Reserved Not Received | E70: =aurora_data!D169 -> 0 | F70: =aurora_data!E169 -> 0 | G70: =aurora_data!F169 -> 0 | H70: =aurora_data!G169 -> 0 | I70: =aurora_data!H169 -> 0 | J70: =aurora_data!I169 -> 0 | K70: =aurora_data!J169 -> 0 | L70: =aurora_data!K169 -> 0 | ... AI70: =aurora_data!AH169 -> 0 | AJ70: =aurora_data!AI41 -> 0 | AL70: =aurora_data!AJ169 -> 0 | AM70: =SUM(AL70)/$AL$65 -> 0
D71: Total Assignments | E71: =aurora_data!D170 -> 0 | F71: =aurora_data!E170 -> 0 | G71: =aurora_data!F170 -> 0 | H71: =aurora_data!G170 -> 1 | I71: =aurora_data!H170 -> 2 | J71: =aurora_data!I170 -> 0 | K71: =aurora_data!J170 -> 1 | L71: =aurora_data!K170 -> 1 | ... AI71: =aurora_data!AH170 -> 25 | AJ71: =aurora_data!AI42 -> 0 | AL71: =aurora_data!AJ170 -> 54 | AM71: =SUM(AL71)/$AL$65 -> 1.08
D72: Selected | E72: =aurora_data!D171 -> 0 | F72: =aurora_data!E171 -> 0 | G72: =aurora_data!F171 -> 0 | H72: =aurora_data!G171 -> 0 | I72: =aurora_data!H171 -> 0 | J72: =aurora_data!I171 -> 0 | K72: =aurora_data!J171 -> 0 | L72: =aurora_data!K171 -> 0 | ... AI72: =aurora_data!AH171 -> 0 | AJ72: =aurora_data!AI43 -> 0 | AL72: =aurora_data!AJ171 -> 0 | AM72: =SUM(AL72)/$AL$65 -> 0
D73: Max N Variance | E73: =ROUNDDOWN((E75+$E$9)*($AL65),0) -> 1 | F73: =ROUNDDOWN((F75+$E$9)*($AL65),0) -> 1 | G73: =ROUNDDOWN((G75+$E$9)*($AL65),0) -> 1 | H73: =ROUNDDOWN((H75+$E$9)*($AL65),0) -> 1 | I73: =ROUNDDOWN((I75+$E$9)*($AL65),0) -> 2 | J73: =ROUNDDOWN((J75+$E$9)*($AL65),0) -> 1 | K73: =ROUNDDOWN((K75+$E$9)*($AL65),0) -> 1 | L73: =ROUNDDOWN((L75+$E$9)*($AL65),0) -> 2 | ... AC73: =ROUNDDOWN((AC75+$E$9)*($AL65),0) -> 12 | AD73: =ROUNDDOWN((AD75+$AD$9)*($AL65),0) -> 15 | AE73: =ROUNDDOWN((AE75+$AD$9)*($AL65),0) -> 12 | AF73: =ROUNDDOWN((AF75+$AD$9)*($AL65),0) -> 24 | AG73: =ROUNDDOWN((AG75+$AD$9)*($AL65),0) -> 16 | AH73: =ROUNDDOWN((AH75+$AH$9)*($AL65),0) -> 25 | AI73: =ROUNDDOWN((AI75+$AH$8)*($AL65),0) -> 25 | AJ73: =ROUNDDOWN((AJ75+$AH$8)*($AL65),0) -> 0
D74: Min N Variance | E74: =IF(ROUND(((E75-$E$9)*($AL65))+0.25,0) <=0,1,((E75-$E$9)*($AL65))+0.25) -> 1 | F74: =IF(ROUND(((F75-$E$9)*($AL65))+0.25,0) <=0,1,((F75-$E$9)*($AL65))+0.25) -> 1 | G74: =IF(ROUND(((G75-$E$9)*($AL65))+0.25,0) <=0,1,((G75-$E$9)*($AL65))+0.25) -> 1 | H74: =IF(ROUND(((H75-$E$9)*($AL65))+0.25,0) <=0,1,((H75-$E$9)*($AL65))+0.25) -> 1 | I74: =IF(ROUND(((I75-$E$9)*($AL65))+0.25,0) <=0,1,((I75-$E$9)*($AL65))+0.25) -> 0.94 | J74: =IF(ROUND(((J75-$E$9)*($AL65))+0.25,0) <=0,1,((J75-$E$9)*($AL65))+0.25) -> 1 | K74: =IF(ROUND(((K75-$E$9)*($AL65))+0.25,0) <=0,1,((K75-$E$9)*($AL65))+0.25) -> 1 | L74: =IF(ROUND(((L75-$E$9)*($AL65))+0.25,0) <=0,1,((L75-$E$9)*($AL65))+0.25) -> 1.09 | ... AC74: =IF(ROUND(((AC75-$E$9)*($AL65))+0.25,0) <=0,1,((AC75-$E$9)*($AL65))+0.25) -> 10.92 | AD74: =IF(((AD75-$AD$9)*($AL65))+0.5 <0,1,((AD75-$AD$9)*($AL65))+0.5 ) -> 6.12 | AE74: =IF(((AE75-$AD$9)*($AL65))+0.5 <0,1,((AE75-$AD$9)*($AL65))+0.5 ) -> 3.13 | AF74: =IF(((AF75-$AD$9)*($AL65))+0.5 <0,1,((AF75-$AD$9)*($AL65))+0.5 ) -> 15.3 | AG74: =IF(((AG75-$AD$9)*($AL65))+0.5 <0,1,((AG75-$AD$9)*($AL65))+0.5 ) -> 7.45 | AH74: =IF(((AH75-$AH$9)*($AL65))+0.5 <0,1,((AH75-$AH$9)*($AL65)) ) -> 25 | AI74: =IF(((AI75-$AH$9)*($AL65))+0.5 <0,1,((AI75-$AH$9)*($AL65)) ) -> 25 | AJ74: =IF(((AJ75-$AH$8)*($AL65))+0.5 <0,1,((AJ75-$AH$8)*($AL65))+0.5 ) -> 0.5
D75: Census % | E75: =IFERROR(E65/$AL65,0) -> 0.0014 | F75: =IFERROR(F65/$AL65,0) -> 0.0026 | G75: =IFERROR(G65/$AL65,0) -> 0.0058 | H75: =IFERROR(H65/$AL65,0) -> 0.0082 | I75: =IFERROR(I65/$AL65,0) -> 0.0338 | J75: =IFERROR(J65/$AL65,0) -> 0.0026 | K75: =IFERROR(K65/$AL65,0) -> 0.0092 | L75: =IFERROR(L65/$AL65,0) -> 0.0368 | ... AJ75: =IFERROR(AJ65/$AL65,0) -> 0
D76: Usable % | E76: =IFERROR(E66/$AL65,0) -> 0 | F76: =IFERROR(F66/$AL65,0) -> 0 | G76: =IFERROR(G66/$AL65,0) -> 0 | H76: =IFERROR(H66/$AL65,0) -> 0.02 | I76: =IFERROR(I66/$AL65,0) -> 0.04 | J76: =IFERROR(J66/$AL65,0) -> 0 | K76: =IFERROR(K66/$AL65,0) -> 0.02 | L76: =IFERROR(L66/$AL65,0) -> 0.02 | ... AJ76: =IFERROR(AJ66/$AL65,0) -> 0
D77: Difference % | E77: =E76-E75 -> -0.0014 | F77: =F76-F75 -> -0.0026 | G77: =G76-G75 -> -0.0058 | H77: =H76-H75 -> 0.0118 | I77: =I76-I75 -> 0.0062 | J77: =J76-J75 -> -0.0026 | K77: =K76-K75 -> 0.0108 | L77: =L76-L75 -> -0.0168 | ... AJ77: =AJ76-AJ75 -> 0
B78: Open | C78: =aurora_data!A172 -> 11.00.00-11.11.30 | D78: Target | E78: =aurora_data!D172 -> 0.12 | F78: =aurora_data!E172 -> 0.13 | G78: =aurora_data!F172 -> 0.29 | H78: =aurora_data!G172 -> 0.46 | I78: =aurora_data!H172 -> 1.72 | J78: =aurora_data!I172 -> 0.15 | K78: =aurora_data!J172 -> 0.46 | L78: =aurora_data!K172 -> 1.63 | ... AI78: =aurora_data!AH172 -> 25 | AJ78: =aurora_data!AI44 -> 0 | AL78: =aurora_data!AJ172 -> 50 | AM78: =SUM(AL78)/$AL$78 -> 1
D79: Usable | E79: =aurora_data!D173 -> 0 | F79: =aurora_data!E173 -> 0 | G79: =aurora_data!F173 -> 0 | H79: =aurora_data!G173 -> 0 | I79: =aurora_data!H173 -> 1 | J79: =aurora_data!I173 -> 0 | K79: =aurora_data!J173 -> 0 | L79: =aurora_data!K173 -> 2 | ... AI79: =aurora_data!AH173 -> 20 | AJ79: =aurora_data!AI45 -> 0 | AL79: =aurora_data!AJ173 -> 39 | AM79: =SUM(AL79)/$AL$78 -> 0.78
D80: Stratified Out Usable N | E80: =aurora_data!D174 -> 0 | F80: =aurora_data!E174 -> 0 | G80: =aurora_data!F174 -> 0 | H80: =aurora_data!G174 -> 0 | I80: =aurora_data!H174 -> 0 | J80: =aurora_data!I174 -> 0 | K80: =aurora_data!J174 -> 0 | L80: =aurora_data!K174 -> 1 | ... AI80: =aurora_data!AH174 -> 3 | AJ80: =aurora_data!AI46 -> 0 | AL80: =aurora_data!AJ174 -> 10 | AM80: =SUM(AL80)/$AL$78 -> 0.2
D81: In Process | E81: =aurora_data!D175 -> 0 | F81: =aurora_data!E175 -> 0 | G81: =aurora_data!F175 -> 0 | H81: =aurora_data!G175 -> 0 | I81: =aurora_data!H175 -> 0 | J81: =aurora_data!I175 -> 0 | K81: =aurora_data!J175 -> 0 | L81: =aurora_data!K175 -> 0 | ... AI81: =aurora_data!AH175 -> 1 | AJ81: =aurora_data!AI47 -> 0 | AL81: =aurora_data!AJ175 -> 1 | AM81: =SUM(AL81)/$AL$78 -> 0.02
D82: Assigned Not Received | E82: =aurora_data!D176 -> 0 | F82: =aurora_data!E176 -> 0 | G82: =aurora_data!F176 -> 0 | H82: =aurora_data!G176 -> 0 | I82: =aurora_data!H176 -> 0 | J82: =aurora_data!I176 -> 0 | K82: =aurora_data!J176 -> 0 | L82: =aurora_data!K176 -> 0 | ... AI82: =aurora_data!AH176 -> 3 | AJ82: =aurora_data!AI48 -> 0 | AL82: =aurora_data!AJ176 -> 5 | AM82: =SUM(AL82)/$AL$78 -> 0.1
D83: Reserved Not Received | E83: =aurora_data!D177 -> 0 | F83: =aurora_data!E177 -> 0 | G83: =aurora_data!F177 -> 0 | H83: =aurora_data!G177 -> 0 | I83: =aurora_data!H177 -> 0 | J83: =aurora_data!I177 -> 0 | K83: =aurora_data!J177 -> 0 | L83: =aurora_data!K177 -> 0 | ... AI83: =aurora_data!AH177 -> 0 | AJ83: =aurora_data!AI49 -> 0 | AL83: =aurora_data!AJ177 -> 0 | AM83: =SUM(AL83)/$AL$78 -> 0
D84: Total Assignments | E84: =aurora_data!D178 -> 0 | F84: =aurora_data!E178 -> 0 | G84: =aurora_data!F178 -> 0 | H84: =aurora_data!G178 -> 0 | I84: =aurora_data!H178 -> 1 | J84: =aurora_data!I178 -> 0 | K84: =aurora_data!J178 -> 0 | L84: =aurora_data!K178 -> 3 | ... AI84: =aurora_data!AH178 -> 27 | AJ84: =aurora_data!AI50 -> 0 | AL84: =aurora_data!AJ178 -> 55 | AM84: =SUM(AL84)/$AL$78 -> 1.1
D85: Selected | E85: =aurora_data!D179 -> 0 | F85: =aurora_data!E179 -> 0 | G85: =aurora_data!F179 -> 0 | H85: =aurora_data!G179 -> 0 | I85: =aurora_data!H179 -> 0 | J85: =aurora_data!I179 -> 0 | K85: =aurora_data!J179 -> 0 | L85: =aurora_data!K179 -> 1 | ... AI85: =aurora_data!AH179 -> 1 | AJ85: =aurora_data!AI51 -> 0 | AL85: =aurora_data!AJ179 -> 1 | AM85: =SUM(AL85)/$AL$78 -> 0.02
D86: Max N Variance | E86: =ROUNDDOWN((E88+$E$9)*($AL78),0) -> 1 | F86: =ROUNDDOWN((F88+$E$9)*($AL78),0) -> 1 | G86: =ROUNDDOWN((G88+$E$9)*($AL78),0) -> 1 | H86: =ROUNDDOWN((H88+$E$9)*($AL78),0) -> 1 | I86: =ROUNDDOWN((I88+$E$9)*($AL78),0) -> 2 | J86: =ROUNDDOWN((J88+$E$9)*($AL78),0) -> 1 | K86: =ROUNDDOWN((K88+$E$9)*($AL78),0) -> 1 | L86: =ROUNDDOWN((L88+$E$9)*($AL78),0) -> 2 | ... AC86: =ROUNDDOWN((AC88+$E$9)*($AL78),0) -> 12 | AD86: =ROUNDDOWN((AD88+$AD$9)*($AL78),0) -> 15 | AE86: =ROUNDDOWN((AE88+$AD$9)*($AL78),0) -> 13 | AF86: =ROUNDDOWN((AF88+$AD$9)*($AL78),0) -> 24 | AG86: =ROUNDDOWN((AG88+$AD$9)*($AL78),0) -> 16 | AH86: =ROUNDDOWN((AH88+$AH$9)*($AL78),0) -> 25 | AI86: =ROUNDDOWN((AI88+$AH$8)*($AL78),0) -> 25 | AJ86: =ROUNDDOWN((AJ88+$AH$8)*($AL78),0) -> 0
D87: Min N Variance | E87: =IF(ROUND(((E88-$E$9)*($AL78))+0.25,0) <=0,1,((E88-$E$9)*($AL78))+0.25) -> 1 | F87: =IF(ROUND(((F88-$E$9)*($AL78))+0.25,0) <=0,1,((F88-$E$9)*($AL78))+0.25) -> 1 | G87: =IF(ROUND(((G88-$E$9)*($AL78))+0.25,0) <=0,1,((G88-$E$9)*($AL78))+0.25) -> 1 | H87: =IF(ROUND(((H88-$E$9)*($AL78))+0.25,0) <=0,1,((H88-$E$9)*($AL78))+0.25) -> 1 | I87: =IF(ROUND(((I88-$E$9)*($AL78))+0.25,0) <=0,1,((I88-$E$9)*($AL78))+0.25) -> 0.97 | J87: =IF(ROUND(((J88-$E$9)*($AL78))+0.25,0) <=0,1,((J88-$E$9)*($AL78))+0.25) -> 1 | K87: =IF(ROUND(((K88-$E$9)*($AL78))+0.25,0) <=0,1,((K88-$E$9)*($AL78))+0.25) -> 1 | L87: =IF(ROUND(((L88-$E$9)*($AL78))+0.25,0) <=0,1,((L88-$E$9)*($AL78))+0.25) -> 0.88 | ... AC87: =IF(ROUND(((AC88-$E$9)*($AL78))+0.25,0) <=0,1,((AC88-$E$9)*($AL78))+0.25) -> 10.92 | AD87: =IF(((AD88-$AD$9)*($AL78))+0.5 <0,1,((AD88-$AD$9)*($AL78))+0.5 ) -> 5.91 | AE87: =IF(((AE88-$AD$9)*($AL78))+0.5 <0,1,((AE88-$AD$9)*($AL78))+0.5 ) -> 3.52 | AF87: =IF(((AF88-$AD$9)*($AL78))+0.5 <0,1,((AF88-$AD$9)*($AL78))+0.5 ) -> 15.23 | AG87: =IF(((AG88-$AD$9)*($AL78))+0.5 <0,1,((AG88-$AD$9)*($AL78))+0.5 ) -> 7.33 | AH87: =IF(((AH88-$AH$9)*($AL78))+0.5 <0,1,((AH88-$AH$9)*($AL78)) ) -> 25 | AI87: =IF(((AI88-$AH$9)*($AL78))+0.5 <0,1,((AI88-$AH$9)*($AL78)) ) -> 25 | AJ87: =IF(((AJ88-$AH$8)*($AL78))+0.5 <0,1,((AJ88-$AH$8)*($AL78))+0.5 ) -> 0.5
