Workbook

Sheet setup
B3: Phase Setup
B4: Phase Id | C4: 405
B6: Main Study Setup | H6: Stratification Types | K6: matrix sproc
C7: Stratification % | D7: (separate study ids by and exclamation point ! for more than one) | E7: Stratification Type | H7: 1 = 2 Cross | K7: call report_matrix(studyids, stratfication type, stratification%);
B8: StudyIDs (2Cross) | C8: 50 | D8: 3037 | E8: 1 | H8: 2 = 3 Cross ETH/ED
B9: StudyIDs (3Cross) | C9: 50 | D9: 3037 | E9: 2 | H9: 3 = 3 Cross SEX/ETH
B10: StudyIDs (2Cross) | C10: 100 | D10: 3037 | E10: 1
B11: StudyIDs (3Cross) | C11: 100 | D11: 3037 | E11: 2
B12: StudyIDs (3Cross alternate view) | C12: 100 | D12: 3037 | E12: 3
B13: Validity/Reliability Setup | H13: Total study count for this report | K13: =COUNTIF(M:M, "Active") - COUNTIFS(L:L, "OSEP*",M:M, "Active") - COUNTIFS(L:L,"C_*",M:M, "Active") +2 -> 36
B14: Reports will show based on the ordered list below | H14: Phase Study List
B15: Report Order (do not touch) | C15: Study Id (separate studyids by !) | D15: Study Name | E15: Study Acronym | F15: Total Assignment | H15: study_id | I15: study_type_description | J15: sort_order | K15: study_name | L15: study_acronym | M15: study_status
A16: =LEN(C16) - LEN(SUBSTITUTE(C16, "!", "")) + 1 -> 1 | B16: 1 | C16: 3817 | D16: OSEP – Autism - Paper | E16: OSEP_AUT_P | F16: =aurora_data!U98 -> 22 | H16: 3767 | I16: Main | J16: 1 | K16: WISC-6 Standardization - Digital | L16: WISC6_STDZ_D | M16: Active
A17: =LEN(C17) - LEN(SUBSTITUTE(C17, "!", "")) + 1 -> 1 | B17: 2 | C17: 3829 | D17: OSEP – Autism - Digital | E17: OSEP_AUT_D | F17: =aurora_data!U226 -> 6 | H17: 3766 | I17: Main | J17: 1 | K17: WISC-6 Standardization - Paper | L17: WISC6_STDZ_P | M17: Active
A18: =LEN(C18) - LEN(SUBSTITUTE(C18, "!", "")) + 1 -> 1 | B18: 3 | C18: 3818 | D18: OSEP – Developmental Delay - Paper | E18: OSEP_DD_P | F18: =aurora_data!U270 -> 1 | H18: 3822 | I18: Clinical | J18: 2 | K18: OSEP – Other Health Impairment - Paper | L18: OSEP_OHI_P | M18: Active
A19: =LEN(C19) - LEN(SUBSTITUTE(C19, "!", "")) + 1 -> 1 | B19: 4 | C19: 3830 | D19: OSEP – Developmental Delay - Digital | E19: OSEP_DD_D | F19: =aurora_data!U370 -> 0 | H19: 3806 | I19: Clinical | J19: 2 | K19: WISC-6 Clinical Validity Language Disorder with Receptive Impairment (Ages 6-8) - Paper | L19: CV_LDR_CELF5_RF1_P | M19: Active
A20: =LEN(C20) - LEN(SUBSTITUTE(C20, "!", "")) + 1 -> 1 | B20: 5 | C20: 3819 | D20: OSEP – Emotional Disturbance - Paper | E20: OSEP_ED_P | F20: =aurora_data!U526 -> 0 | H20: 3821 | I20: Clinical | J20: 2 | K20: OSEP – Orthopedic Impairment - Paper | L20: OSEP_OI_P | M20: Active
A21: =LEN(C21) - LEN(SUBSTITUTE(C21, "!", "")) + 1 -> 1 | B21: 6 | C21: 3831 | D21: OSEP – Emotional Disturbance - Digital | E21: OSEP_ED_D | F21: =aurora_data!U646 -> 0 | H21: 3820 | I21: Clinical | J21: 2 | K21: OSEP – Multiple Disabilities - Paper | L21: OSEP_MD_P | M21: Active
A22: =LEN(C22) - LEN(SUBSTITUTE(C22, "!", "")) + 1 -> 1 | B22: 7 | C22: 3820 | D22: OSEP – Multiple Disabilities - Paper | E22: OSEP_MD_P | F22: =aurora_data!U746 -> 1 | H22: 3819 | I22: Clinical | J22: 2 | K22: OSEP – Emotional Disturbance - Paper | L22: OSEP_ED_P | M22: Active
A23: =LEN(C23) - LEN(SUBSTITUTE(C23, "!", "")) + 1 -> 1 | B23: 8 | C23: 3832 | D23: OSEP – Multiple Disabilities - Digital | E23: OSEP_MD_D | F23: =aurora_data!U846 -> 0 | H23: 3818 | I23: Clinical | J23: 2 | K23: OSEP – Developmental Delay - Paper | L23: OSEP_DD_P | M23: Active
A24: =LEN(C24) - LEN(SUBSTITUTE(C24, "!", "")) + 1 -> 1 | B24: 9 | C24: 3821 | D24: OSEP – Orthopedic Impairment - Paper | E24: OSEP_OI_P | F24: =aurora_data!U946 -> 2 | H24: 3817 | I24: Clinical | J24: 2 | K24: OSEP – Autism - Paper | L24: OSEP_AUT_P | M24: Active
A25: =LEN(C25) - LEN(SUBSTITUTE(C25, "!", "")) + 1 -> 1 | B25: 10 | C25: 3833 | D25: OSEP – Orthopedic Impairment - Digital | E25: OSEP_OI_D | F25: =aurora_data!U1046 -> 0 | H25: 3816 | I25: Clinical | J25: 2 | K25: WISC-6 Clinical Validity Traumatic Brain Injury - Paper | L25: CV_TBI_VINE3_P | M25: Active
A26: =LEN(C26) - LEN(SUBSTITUTE(C26, "!", "")) + 1 -> 1 | B26: 11 | C26: 3822 | D26: OSEP – Other Health Impairment - Paper | E26: OSEP_OHI_P | F26: =aurora_data!U1226 -> 0 | H26: 3815 | I26: Clinical | J26: 2 | K26: WISC-6 Clinical Traumatic Brain Injury - Paper | L26: C_TBI_P | M26: Active
A27: =LEN(C27) - LEN(SUBSTITUTE(C27, "!", "")) + 1 -> 1 | B27: 12 | C27: 3834 | D27: OSEP – Other Health Impairment - Digital | E27: OSEP_OHI_D | F27: =aurora_data!U1326 -> 0 | H27: 3814 | I27: Clinical | J27: 2 | K27: WISC-6 Clinical Validity Motor Impairment - Paper | L27: CV_MI_VINE3_P | M27: Active
A28: =LEN(C28) - LEN(SUBSTITUTE(C28, "!", "")) + 1 -> 1 | B28: 13 | C28: 3823 | D28: OSEP – Specific Learning Disability - Paper | E28: OSEP_SLD_P | F28: =aurora_data!U1426 -> 19 | H28: 3813 | I28: Clinical | J28: 2 | K28: WISC-6 Clinical Motor Impairment - Paper | L28: C_MI_P | M28: Active
A29: =LEN(C29) - LEN(SUBSTITUTE(C29, "!", "")) + 1 -> 1 | B29: 14 | C29: 3835 | D29: OSEP – Specific Learning Disability - Digital | E29: OSEP_SLD_D | F29: =aurora_data!U1526 -> 1 | H29: 3812 | I29: Clinical | J29: 2 | K29: WISC-6 Clinical Validity Language Disorder with Expressive Impairment (Ages 9-16) - Paper | L29: CV_LDE_CELF5_RF2_P | M29: Active
A30: =LEN(C30) - LEN(SUBSTITUTE(C30, "!", "")) + 1 -> 1 | B30: 15 | C30: 3824 | D30: OSEP – Speech Impairment - Paper | E30: OSEP_SI_P | F30: =aurora_data!U1626 -> 4 | H30: 3811 | I30: Clinical | J30: 2 | K30: WISC-6 Clinical Language Disorder with Expressive Impairment (Ages 9-16) - Paper | L30: C_LDE_9-16_P | M30: Active
A31: =LEN(C31) - LEN(SUBSTITUTE(C31, "!", "")) + 1 -> 1 | B31: 16 | C31: 3836 | D31: OSEP – Speech Impairment - Digital | E31: OSEP_SI_D | F31: =aurora_data!U1726 -> 0 | H31: 3810 | I31: Clinical | J31: 2 | K31: WISC-6 Clinical Validity Language Disorder with Expressive Impairment (Ages 6-8) - Paper | L31: CV_LDE_CELF5_RF1_P | M31: Active
A32: =LEN(C32) - LEN(SUBSTITUTE(C32, "!", "")) + 1 -> 1 | B32: 17 | C32: 3825 | D32: OSEP – Traumatic Brain Injury - Paper | E32: OSEP_TBI_P | F32: =aurora_data!U1746 -> 0 | H32: 3809 | I32: Clinical | J32: 2 | K32: WISC-6 Clinical Language Disorder with Expressive Impairment (Ages 6-8) - Paper | L32: C_LDE_6-8_P | M32: Active
A33: =LEN(C33) - LEN(SUBSTITUTE(C33, "!", "")) + 1 -> 1 | B33: 18 | C33: 3837 | D33: OSEP – Traumatic Brain Injury - Digital | E33: OSEP_TBI_D | F33: =aurora_data!U1846 -> 0 | H33: 3808 | I33: Clinical | J33: 2 | K33: WISC-6 Clinical Validity Language Disorder with Receptive Impairment (Ages 9-16) - Paper | L33: CV_LDR_CELF5_RF2_P | M33: Active
A34: =LEN(C33) - LEN(SUBSTITUTE(C33, "!", "")) + 1 -> 1 | B34: 19 | C34: 3827 | D34: OSEP – ADHD - Paper | E34: OSEP_ADHD_P | F34: =aurora_data!U2026 -> 117 | H34: 3807 | I34: Clinical | J34: 2 | K34: WISC-6 Clinical Language Disorder with Receptive Impairment (Ages 9-16) - Paper | L34: C_LDR_9-16_P | M34: Active
A35: =LEN(C34) - LEN(SUBSTITUTE(C34, "!", "")) + 1 -> 1 | B35: 20 | C35: 3838 | D35: OSEP – ADHD - Digital | E35: OSEP_ADHD_D | F35: =aurora_data!U2126 -> 19 | H35: 3843 | I35: Clinical | J35: 2 | K35: WISC-6 Clinical Validity Autism spectrum disorder with no language impairment - (Adolescent) Digital | L35: CV_ASD_NO_LI_BASC3_ADOL_D | M35: Active
H36: 3834 | I36: Clinical | J36: 2 | K36: OSEP – Other Health Impairment - Digital | L36: OSEP_OHI_D | M36: Active
H37: 3842 | I37: Clinical | J37: 2 | K37: WISC-6 Clinical Validity Autism spectrum disorder with no language impairment - (Adolescent) Paper | L37: CV_ASD_NO_LI_BASC3_ADOL_P | M37: Active
H38: 3841 | I38: Clinical | J38: 2 | K38: WISC-6 Clinical Validity Autism spectrum disorder with language impairment - (Adolescent) Paper | L38: CV_ASD_LI_BASC3_ADOL_P | M38: Active
H39: 3840 | I39: Clinical | J39: 2 | K39: WISC-6 Clinical Validity ADHD – (Adolescent) Digital | L39: CV_ADHD_BASC3_ADOL_D | M39: Active
H40: 3839 | I40: Clinical | J40: 2 | K40: WISC-6 Clinical Validity ADHD - (Adolescent) Paper | L40: CV_ADHD_BASC3_ADOL_P | M40: Active
H41: 3838 | I41: Clinical | J41: 2 | K41: OSEP – ADHD - Digital | L41: OSEP_ADHD_D | M41: Active
H42: 3837 | I42: Clinical | J42: 2 | K42: OSEP – Traumatic Brain Injury - Digital | L42: OSEP_TBI_D | M42: Active
H43: 3836 | I43: Clinical | J43: 2 | K43: OSEP – Speech Impairment - Digital | L43: OSEP_SI_D | M43: Active
H44: 3835 | I44: Clinical | J44: 2 | K44: OSEP – Specific Learning Disability - Digital | L44: OSEP_SLD_D | M44: Active
H45: 3823 | I45: Clinical | J45: 2 | K45: OSEP – Specific Learning Disability - Paper | L45: OSEP_SLD_P | M45: Active
H46: 3833 | I46: Clinical | J46: 2 | K46: OSEP – Orthopedic Impairment - Digital | L46: OSEP_OI_D | M46: Active
H47: 3832 | I47: Clinical | J47: 2 | K47: OSEP – Multiple Disabilities - Digital | L47: OSEP_MD_D | M47: Active
... H89: 3770 | I89: Validity | J89: 4 | K89: Validity WISC-6/WISC-5 Plus - Paper | L89: V_WISC5P_P | M89: Active

Sheet aurora_data
A1: =setup!C16 -> 3817
A2: =_xlfn.CONCAT(setup!D16, " - ",setup!E16) -> OSEP – Autism - Paper - OSEP_AUT_P
A3: ageband | B3: gradeband | C3: report | D3: 1 | E3: 2 | F3: 3 | G3: 4 | H3: 5 | I3: AS | J3: BL | K3: HI | L3: OT | M3: WH | N3: MW | O3: NE | P3: SO | Q3: WE | R3: F | S3: M | T3: OTHER | U3: Total | V3: LastRefreshed
A4: 06.00.00-06.11.30 | C4: Target N | D4: 0 | E4: 0 | F4: 0 | G4: 0 | H4: 0 | I4: 0 | J4: 0 | K4: 0 | L4: 0 | M4: 0 | N4: 0 | O4: 0 | P4: 0 | Q4: 0 | R4: 0 | S4: 0 | T4: 0 | U4: 4 | V4: 09/17/2026 @ 7:20 AM
A5: 06.00.00-06.11.30 | C5: Stratified Usable N | D5: 0 | E5: 0 | F5: 0 | G5: 3 | H5: 1 | I5: 1 | J5: 0 | K5: 3 | L5: 0 | M5: 0 | N5: 0 | O5: 1 | P5: 1 | Q5: 2 | R5: 1 | S5: 3 | T5: 0 | U5: 4 | V5: 09/17/2026 @ 7:20 AM
A6: 06.00.00-06.11.30 | C6: Stratified Out Usable N | D6: 0 | E6: 0 | F6: 0 | G6: 0 | H6: 0 | I6: 0 | J6: 0 | K6: 0 | L6: 0 | M6: 0 | N6: 0 | O6: 0 | P6: 0 | Q6: 0 | R6: 0 | S6: 0 | T6: 0 | U6: 0 | V6: 09/17/2026 @ 7:20 AM
A7: 06.00.00-06.11.30 | C7: In Process N | D7: 0 | E7: 0 | F7: 0 | G7: 0 | H7: 0 | I7: 0 | J7: 0 | K7: 0 | L7: 0 | M7: 0 | N7: 0 | O7: 0 | P7: 0 | Q7: 0 | R7: 0 | S7: 0 | T7: 0 | U7: 0 | V7: 09/17/2026 @ 7:20 AM
A8: 06.00.00-06.11.30 | C8: Assigned Not Recd N | D8: 0 | E8: 0 | F8: 0 | G8: 0 | H8: 0 | I8: 0 | J8: 0 | K8: 0 | L8: 0 | M8: 0 | N8: 0 | O8: 0 | P8: 0 | Q8: 0 | R8: 0 | S8: 0 | T8: 0 | U8: 0 | V8: 09/17/2026 @ 7:20 AM
A9: 06.00.00-06.11.30 | C9: Reserved Not Recd N | D9: 0 | E9: 0 | F9: 0 | G9: 0 | H9: 0 | I9: 0 | J9: 0 | K9: 0 | L9: 0 | M9: 0 | N9: 0 | O9: 0 | P9: 0 | Q9: 0 | R9: 0 | S9: 0 | T9: 0 | U9: 0 | V9: 09/17/2026 @ 7:20 AM
A10: 06.00.00-06.11.30 | C10: Total Assignments | D10: 0 | E10: 0 | F10: 0 | G10: 3 | H10: 1 | I10: 1 | J10: 0 | K10: 3 | L10: 0 | M10: 0 | N10: 0 | O10: 1 | P10: 1 | Q10: 2 | R10: 1 | S10: 3 | T10: 0 | U10: 4 | V10: 09/17/2026 @ 7:20 AM
A11: 06.00.00-06.11.30 | C11: Selected N | D11: 0 | E11: 0 | F11: 0 | G11: 1 | H11: 0 | I11: 0 | J11: 0 | K11: 0 | L11: 0 | M11: 1 | N11: 0 | O11: 0 | P11: 1 | Q11: 0 | R11: 1 | S11: 0 | T11: 0 | U11: 1 | V11: 09/17/2026 @ 7:20 AM
A12: 07.00.00-07.11.30 | C12: Target N | D12: 0 | E12: 0 | F12: 0 | G12: 0 | H12: 0 | I12: 0 | J12: 0 | K12: 0 | L12: 0 | M12: 0 | N12: 0 | O12: 0 | P12: 0 | Q12: 0 | R12: 0 | S12: 0 | T12: 0 | U12: 4 | V12: 09/17/2026 @ 7:20 AM
A13: 07.00.00-07.11.30 | C13: Stratified Usable N | D13: 0 | E13: 1 | F13: 1 | G13: 1 | H13: 0 | I13: 0 | J13: 0 | K13: 2 | L13: 0 | M13: 1 | N13: 0 | O13: 0 | P13: 2 | Q13: 1 | R13: 1 | S13: 2 | T13: 0 | U13: 3 | V13: 09/17/2026 @ 7:20 AM
A14: 07.00.00-07.11.30 | C14: Stratified Out Usable N | D14: 0 | E14: 0 | F14: 0 | G14: 0 | H14: 0 | I14: 0 | J14: 0 | K14: 0 | L14: 0 | M14: 0 | N14: 0 | O14: 0 | P14: 0 | Q14: 0 | R14: 0 | S14: 0 | T14: 0 | U14: 0 | V14: 09/17/2026 @ 7:20 AM
A15: 07.00.00-07.11.30 | C15: In Process N | D15: 0 | E15: 0 | F15: 0 | G15: 0 | H15: 0 | I15: 0 | J15: 0 | K15: 0 | L15: 0 | M15: 0 | N15: 0 | O15: 0 | P15: 0 | Q15: 0 | R15: 0 | S15: 0 | T15: 0 | U15: 0 | V15: 09/17/2026 @ 7:20 AM
... A99: Total | C99: Selected N | D99: 0 | E99: 0 | F99: 0 | G99: 1 | H99: 0 | I99: 0 | J99: 0 | K99: 0 | L99: 0 | M99: 1 | N99: 0 | O99: 0 | P99: 1 | Q99: 0 | R99: 1 | S99: 0 | T99: 0 | U99: 1 | V99: 09/17/2026 @ 7:20 AM
A129: =setup!C17 -> 3829
A130: =_xlfn.CONCAT(setup!D17," - ",setup!E17) -> OSEP – Autism - Digital - OSEP_AUT_D
A131: ageband | B131: gradeband | C131: report | D131: 1 | E131: 2 | F131: 3 | G131: 4 | H131: 5 | I131: AS | J131: BL | K131: HI | L131: OT | M131: WH | N131: MW | O131: NE | P131: SO | Q131: WE | R131: F | S131: M | T131: OTHER | U131: Total | V131: LastRefreshed
A132: 06.00.00-06.11.30 | C132: Target N | D132: 0 | E132: 0 | F132: 0 | G132: 0 | H132: 0 | I132: 0 | J132: 0 | K132: 0 | L132: 0 | M132: 0 | N132: 0 | O132: 0 | P132: 0 | Q132: 0 | R132: 0 | S132: 0 | T132: 0 | U132: 1 | V132: 09/17/2026 @ 7:20 AM
A133: 06.00.00-06.11.30 | C133: Stratified Usable N | D133: 0 | E133: 0 | F133: 0 | G133: 0 | H133: 0 | I133: 0 | J133: 0 | K133: 0 | L133: 0 | M133: 0 | N133: 0 | O133: 0 | P133: 0 | Q133: 0 | R133: 0 | S133: 0 | T133: 0 | U133: 0 | V133: 09/17/2026 @ 7:20 AM
A134: 06.00.00-06.11.30 | C134: Stratified Out Usable N | D134: 0 | E134: 0 | F134: 0 | G134: 0 | H134: 0 | I134: 0 | J134: 0 | K134: 0 | L134: 0 | M134: 0 | N134: 0 | O134: 0 | P134: 0 | Q134: 0 | R134: 0 | S134: 0 | T134: 0 | U134: 0 | V134: 09/17/2026 @ 7:20 AM
A135: 06.00.00-06.11.30 | C135: In Process N | D135: 0 | E135: 0 | F135: 0 | G135: 0 | H135: 0 | I135: 0 | J135: 0 | K135: 0 | L135: 0 | M135: 0 | N135: 0 | O135: 0 | P135: 0 | Q135: 0 | R135: 0 | S135: 0 | T135: 0 | U135: 0 | V135: 09/17/2026 @ 7:20 AM
A136: 06.00.00-06.11.30 | C136: Assigned Not Recd N | D136: 0 | E136: 0 | F136: 0 | G136: 0 | H136: 1 | I136: 0 | J136: 0 | K136: 1 | L136: 0 | M136: 0 | N136: 0 | O136: 0 | P136: 1 | Q136: 0 | R136: 0 | S136: 1 | T136: 0 | U136: 1 | V136: 09/17/2026 @ 7:20 AM
A137: 06.00.00-06.11.30 | C137: Reserved Not Recd N | D137: 0 | E137: 0 | F137: 0 | G137: 0 | H137: 0 | I137: 0 | J137: 0 | K137: 0 | L137: 0 | M137: 0 | N137: 0 | O137: 0 | P137: 0 | Q137: 0 | R137: 0 | S137: 0 | T137: 0 | U137: 0 | V137: 09/17/2026 @ 7:20 AM
A138: 06.00.00-06.11.30 | C138: Total Assignments | D138: 0 | E138: 0 | F138: 0 | G138: 0 | H138: 1 | I138: 0 | J138: 0 | K138: 1 | L138: 0 | M138: 0 | N138: 0 | O138: 0 | P138: 1 | Q138: 0 | R138: 0 | S138: 1 | T138: 0 | U138: 1 | V138: 09/17/2026 @ 7:20 AM
A139: 06.00.00-06.11.30 | C139: Selected N | D139: 0 | E139: 0 | F139: 0 | G139: 0 | H139: 0 | I139: 0 | J139: 0 | K139: 0 | L139: 0 | M139: 0 | N139: 0 | O139: 0 | P139: 0 | Q139: 0 | R139: 0 | S139: 0 | T139: 0 | U139: 0 | V139: 09/17/2026 @ 7:20 AM
A140: 07.00.00-07.11.30 | C140: Target N | D140: 0 | E140: 0 | F140: 0 | G140: 0 | H140: 0 | I140: 0 | J140: 0 | K140: 0 | L140: 0 | M140: 0 | N140: 0 | O140: 0 | P140: 0 | Q140: 0 | R140: 0 | S140: 0 | T140: 0 | U140: 1 | V140: 09/17/2026 @ 7:20 AM
A141: 07.00.00-07.11.30 | C141: Stratified Usable N | D141: 0 | E141: 0 | F141: 0 | G141: 0 | H141: 0 | I141: 0 | J141: 0 | K141: 0 | L141: 0 | M141: 0 | N141: 0 | O141: 0 | P141: 0 | Q141: 0 | R141: 0 | S141: 0 | T141: 0 | U141: 0 | V141: 09/17/2026 @ 7:20 AM
A142: 07.00.00-07.11.30 | C142: Stratified Out Usable N | D142: 0 | E142: 0 | F142: 0 | G142: 0 | H142: 0 | I142: 0 | J142: 0 | K142: 0 | L142: 0 | M142: 0 | N142: 0 | O142: 0 | P142: 0 | Q142: 0 | R142: 0 | S142: 0 | T142: 0 | U142: 0 | V142: 09/17/2026 @ 7:20 AM
A143: 07.00.00-07.11.30 | C143: In Process N | D143: 0 | E143: 0 | F143: 0 | G143: 0 | H143: 0 | I143: 0 | J143: 0 | K143: 0 | L143: 0 | M143: 0 | N143: 0 | O143: 0 | P143: 0 | Q143: 0 | R143: 0 | S143: 0 | T143: 0 | U143: 0 | V143: 09/17/2026 @ 7:20 AM
... A227: Total | C227: Selected N | D227: 0 | E227: 0 | F227: 0 | G227: 0 | H227: 0 | I227: 0 | J227: 0 | K227: 0 | L227: 0 | M227: 0 | N227: 0 | O227: 0 | P227: 0 | Q227: 0 | R227: 0 | S227: 0 | T227: 0 | U227: 0 | V227: 09/17/2026 @ 7:20 AM
A229: =setup!C18 -> 3818
A230: =_xlfn.CONCAT(setup!D18," - ",setup!E18) -> OSEP – Developmental Delay - Paper - OSEP_DD_P
A231: ageband | B231: gradeband | C231: report | D231: 1 | E231: 2 | F231: 3 | G231: 4 | H231: 5 | I231: AS | J231: BL | K231: HI | L231: OT | M231: WH | N231: MW | O231: NE | P231: SO | Q231: WE | R231: F | S231: M | T231: OTHER | U231: Total | V231: LastRefreshed
A232: 06.00.00-06.11.30 | C232: Target N | D232: 0 | E232: 0 | F232: 0 | G232: 0 | H232: 0 | I232: 0 | J232: 0 | K232: 0 | L232: 0 | M232: 0 | N232: 0 | O232: 0 | P232: 0 | Q232: 0 | R232: 0 | S232: 0 | T232: 0 | U232: 7 | V232: 09/17/2026 @ 7:20 AM
A233: 06.00.00-06.11.30 | C233: Stratified Usable N | D233: 0 | E233: 0 | F233: 0 | G233: 0 | H233: 0 | I233: 0 | J233: 0 | K233: 0 | L233: 0 | M233: 0 | N233: 0 | O233: 0 | P233: 0 | Q233: 0 | R233: 0 | S233: 0 | T233: 0 | U233: 0 | V233: 09/17/2026 @ 7:20 AM
A234: 06.00.00-06.11.30 | C234: Stratified Out Usable N | D234: 0 | E234: 0 | F234: 0 | G234: 0 | H234: 0 | I234: 0 | J234: 0 | K234: 0 | L234: 0 | M234: 0 | N234: 0 | O234: 0 | P234: 0 | Q234: 0 | R234: 0 | S234: 0 | T234: 0 | U234: 0 | V234: 09/17/2026 @ 7:20 AM
A235: 06.00.00-06.11.30 | C235: In Process N | D235: 0 | E235: 0 | F235: 0 | G235: 0 | H235: 0 | I235: 0 | J235: 0 | K235: 0 | L235: 0 | M235: 0 | N235: 0 | O235: 0 | P235: 0 | Q235: 0 | R235: 0 | S235: 0 | T235: 0 | U235: 0 | V235: 09/17/2026 @ 7:20 AM
A236: 06.00.00-06.11.30 | C236: Assigned Not Recd N | D236: 0 | E236: 0 | F236: 0 | G236: 0 | H236: 0 | I236: 0 | J236: 0 | K236: 0 | L236: 0 | M236: 0 | N236: 0 | O236: 0 | P236: 0 | Q236: 0 | R236: 0 | S236: 0 | T236: 0 | U236: 0 | V236: 09/17/2026 @ 7:20 AM
A237: 06.00.00-06.11.30 | C237: Reserved Not Recd N | D237: 0 | E237: 0 | F237: 0 | G237: 0 | H237: 0 | I237: 0 | J237: 0 | K237: 0 | L237: 0 | M237: 0 | N237: 0 | O237: 0 | P237: 0 | Q237: 0 | R237: 0 | S237: 0 | T237: 0 | U237: 0 | V237: 09/17/2026 @ 7:20 AM
A238: 06.00.00-06.11.30 | C238: Total Assignments | D238: 0 | E238: 0 | F238: 0 | G238: 0 | H238: 0 | I238: 0 | J238: 0 | K238: 0 | L238: 0 | M238: 0 | N238: 0 | O238: 0 | P238: 0 | Q238: 0 | R238: 0 | S238: 0 | T238: 0 | U238: 0 | V238: 09/17/2026 @ 7:20 AM
A239: 06.00.00-06.11.30 | C239: Selected N | D239: 0 | E239: 0 | F239: 0 | G239: 0 | H239: 0 | I239: 0 | J239: 0 | K239: 0 | L239: 0 | M239: 0 | N239: 0 | O239: 0 | P239: 0 | Q239: 0 | R239: 0 | S239: 0 | T239: 0 | U239: 0 | V239: 09/17/2026 @ 7:20 AM
A240: 07.00.00-07.11.30 | C240: Target N | D240: 0 | E240: 0 | F240: 0 | G240: 0 | H240: 0 | I240: 0 | J240: 0 | K240: 0 | L240: 0 | M240: 0 | N240: 0 | O240: 0 | P240: 0 | Q240: 0 | R240: 0 | S240: 0 | T240: 0 | U240: 7 | V240: 09/17/2026 @ 7:20 AM
A241: 07.00.00-07.11.30 | C241: Stratified Usable N | D241: 0 | E241: 1 | F241: 0 | G241: 0 | H241: 0 | I241: 0 | J241: 1 | K241: 0 | L241: 0 | M241: 0 | N241: 1 | O241: 0 | P241: 0 | Q241: 0 | R241: 0 | S241: 1 | T241: 0 | U241: 1 | V241: 09/17/2026 @ 7:20 AM
A242: 07.00.00-07.11.30 | C242: Stratified Out Usable N | D242: 0 | E242: 0 | F242: 0 | G242: 0 | H242: 0 | I242: 0 | J242: 0 | K242: 0 | L242: 0 | M242: 0 | N242: 0 | O242: 0 | P242: 0 | Q242: 0 | R242: 0 | S242: 0 | T242: 0 | U242: 0 | V242: 09/17/2026 @ 7:20 AM
A243: 07.00.00-07.11.30 | C243: In Process N | D243: 0 | E243: 0 | F243: 0 | G243: 0 | H243: 0 | I243: 0 | J243: 0 | K243: 0 | L243: 0 | M243: 0 | N243: 0 | O243: 0 | P243: 0 | Q243: 0 | R243: 0 | S243: 0 | T243: 0 | U243: 0 | V243: 09/17/2026 @ 7:20 AM
... A271: Total | C271: Selected N | D271: 0 | E271: 0 | F271: 0 | G271: 0 | H271: 0 | I271: 0 | J271: 0 | K271: 0 | L271: 0 | M271: 0 | N271: 0 | O271: 0 | P271: 0 | Q271: 0 | R271: 0 | S271: 0 | T271: 0 | U271: 0 | V271: 09/17/2026 @ 7:20 AM
A329: =setup!C19 -> 3830
A330: =_xlfn.CONCAT(setup!D19, " - ",setup!E19) -> OSEP – Developmental Delay - Digital - OSEP_DD_D
A331: ageband | B331: gradeband | C331: report | D331: 1 | E331: 2 | F331: 3 | G331: 4 | H331: 5 | I331: AS | J331: BL | K331: HI | L331: OT | M331: WH | N331: MW | O331: NE | P331: SO | Q331: WE | R331: F | S331: M | T331: OTHER | U331: Total | V331: LastRefreshed
A332: 06.00.00-06.11.30 | C332: Target N | D332: 0 | E332: 0 | F332: 0 | G332: 0 | H332: 0 | I332: 0 | J332: 0 | K332: 0 | L332: 0 | M332: 0 | N332: 0 | O332: 0 | P332: 0 | Q332: 0 | R332: 0 | S332: 0 | T332: 0 | U332: 2 | V332: 09/17/2026 @ 7:20 AM
A333: 06.00.00-06.11.30 | C333: Stratified Usable N | D333: 0 | E333: 0 | F333: 0 | G333: 0 | H333: 0 | I333: 0 | J333: 0 | K333: 0 | L333: 0 | M333: 0 | N333: 0 | O333: 0 | P333: 0 | Q333: 0 | R333: 0 | S333: 0 | T333: 0 | U333: 0 | V333: 09/17/2026 @ 7:20 AM
A334: 06.00.00-06.11.30 | C334: Stratified Out Usable N | D334: 0 | E334: 0 | F334: 0 | G334: 0 | H334: 0 | I334: 0 | J334: 0 | K334: 0 | L334: 0 | M334: 0 | N334: 0 | O334: 0 | P334: 0 | Q334: 0 | R334: 0 | S334: 0 | T334: 0 | U334: 0 | V334: 09/17/2026 @ 7:20 AM
A335: 06.00.00-06.11.30 | C335: In Process N | D335: 0 | E335: 0 | F335: 0 | G335: 0 | H335: 0 | I335: 0 | J335: 0 | K335: 0 | L335: 0 | M335: 0 | N335: 0 | O335: 0 | P335: 0 | Q335: 0 | R335: 0 | S335: 0 | T335: 0 | U335: 0 | V335: 09/17/2026 @ 7:20 AM
A336: 06.00.00-06.11.30 | C336: Assigned Not Recd N | D336: 0 | E336: 0 | F336: 0 | G336: 0 | H336: 0 | I336: 0 | J336: 0 | K336: 0 | L336: 0 | M336: 0 | N336: 0 | O336: 0 | P336: 0 | Q336: 0 | R336: 0 | S336: 0 | T336: 0 | U336: 0 | V336: 09/17/2026 @ 7:20 AM
A337: 06.00.00-06.11.30 | C337: Reserved Not Recd N | D337: 0 | E337: 0 | F337: 0 | G337: 0 | H337: 0 | I337: 0 | J337: 0 | K337: 0 | L337: 0 | M337: 0 | N337: 0 | O337: 0 | P337: 0 | Q337: 0 | R337: 0 | S337: 0 | T337: 0 | U337: 0 | V337: 09/17/2026 @ 7:20 AM
A338: 06.00.00-06.11.30 | C338: Total Assignments | D338: 0 | E338: 0 | F338: 0 | G338: 0 | H338: 0 | I338: 0 | J338: 0 | K338: 0 | L338: 0 | M338: 0 | N338: 0 | O338: 0 | P338: 0 | Q338: 0 | R338: 0 | S338: 0 | T338: 0 | U338: 0 | V338: 09/17/2026 @ 7:20 AM
A339: 06.00.00-06.11.30 | C339: Selected N | D339: 0 | E339: 0 | F339: 0 | G339: 0 | H339: 0 | I339: 0 | J339: 0 | K339: 0 | L339: 0 | M339: 0 | N339: 0 | O339: 0 | P339: 0 | Q339: 0 | R339: 0 | S339: 0 | T339: 0 | U339: 0 | V339: 09/17/2026 @ 7:20 AM
A340: 07.00.00-07.11.30 | C340: Target N | D340: 0 | E340: 0 | F340: 0 | G340: 0 | H340: 0 | I340: 0 | J340: 0 | K340: 0 | L340: 0 | M340: 0 | N340: 0 | O340: 0 | P340: 0 | Q340: 0 | R340: 0 | S340: 0 | T340: 0 | U340: 2 | V340: 09/17/2026 @ 7:20 AM
A341: 07.00.00-07.11.30 | C341: Stratified Usable N | D341: 0 | E341: 0 | F341: 0 | G341: 0 | H341: 0 | I341: 0 | J341: 0 | K341: 0 | L341: 0 | M341: 0 | N341: 0 | O341: 0 | P341: 0 | Q341: 0 | R341: 0 | S341: 0 | T341: 0 | U341: 0 | V341: 09/17/2026 @ 7:20 AM
A342: 07.00.00-07.11.30 | C342: Stratified Out Usable N | D342: 0 | E342: 0 | F342: 0 | G342: 0 | H342: 0 | I342: 0 | J342: 0 | K342: 0 | L342: 0 | M342: 0 | N342: 0 | O342: 0 | P342: 0 | Q342: 0 | R342: 0 | S342: 0 | T342: 0 | U342: 0 | V342: 09/17/2026 @ 7:20 AM
A343: 07.00.00-07.11.30 | C343: In Process N | D343: 0 | E343: 0 | F343: 0 | G343: 0 | H343: 0 | I343: 0 | J343: 0 | K343: 0 | L343: 0 | M343: 0 | N343: 0 | O343: 0 | P343: 0 | Q343: 0 | R343: 0 | S343: 0 | T343: 0 | U343: 0 | V343: 09/17/2026 @ 7:20 AM
... A371: Total | C371: Selected N | D371: 0 | E371: 0 | F371: 0 | G371: 0 | H371: 0 | I371: 0 | J371: 0 | K371: 0 | L371: 0 | M371: 0 | N371: 0 | O371: 0 | P371: 0 | Q371: 0 | R371: 0 | S371: 0 | T371: 0 | U371: 0 | V371: 09/17/2026 @ 7:20 AM
A429: =setup!C20 -> 3819
A430: =_xlfn.CONCAT(setup!D20," - ",setup!E20) -> OSEP – Emotional Disturbance - Paper - OSEP_ED_P
A431: ageband | B431: gradeband | C431: report | D431: 1 | E431: 2 | F431: 3 | G431: 4 | H431: 5 | I431: AS | J431: BL | K431: HI | L431: OT | M431: WH | N431: MW | O431: NE | P431: SO | Q431: WE | R431: F | S431: M | T431: OTHER | U431: Total | V431: LastRefreshed
A432: 06.00.00-06.11.30 | C432: Target N | D432: 0 | E432: 0 | F432: 0 | G432: 0 | H432: 0 | I432: 0 | J432: 0 | K432: 0 | L432: 0 | M432: 0 | N432: 0 | O432: 0 | P432: 0 | Q432: 0 | R432: 0 | S432: 0 | T432: 0 | U432: 1 | V432: 09/17/2026 @ 7:20 AM
A433: 06.00.00-06.11.30 | C433: Stratified Usable N | D433: 0 | E433: 0 | F433: 0 | G433: 0 | H433: 0 | I433: 0 | J433: 0 | K433: 0 | L433: 0 | M433: 0 | N433: 0 | O433: 0 | P433: 0 | Q433: 0 | R433: 0 | S433: 0 | T433: 0 | U433: 0 | V433: 09/17/2026 @ 7:20 AM
A434: 06.00.00-06.11.30 | C434: Stratified Out Usable N | D434: 0 | E434: 0 | F434: 0 | G434: 0 | H434: 0 | I434: 0 | J434: 0 | K434: 0 | L434: 0 | M434: 0 | N434: 0 | O434: 0 | P434: 0 | Q434: 0 | R434: 0 | S434: 0 | T434: 0 | U434: 0 | V434: 09/17/2026 @ 7:20 AM
A435: 06.00.00-06.11.30 | C435: In Process N | D435: 0 | E435: 0 | F435: 0 | G435: 0 | H435: 0 | I435: 0 | J435: 0 | K435: 0 | L435: 0 | M435: 0 | N435: 0 | O435: 0 | P435: 0 | Q435: 0 | R435: 0 | S435: 0 | T435: 0 | U435: 0 | V435: 09/17/2026 @ 7:20 AM
A436: 06.00.00-06.11.30 | C436: Assigned Not Recd N | D436: 0 | E436: 0 | F436: 0 | G436: 0 | H436: 0 | I436: 0 | J436: 0 | K436: 0 | L436: 0 | M436: 0 | N436: 0 | O436: 0 | P436: 0 | Q436: 0 | R436: 0 | S436: 0 | T436: 0 | U436: 0 | V436: 09/17/2026 @ 7:20 AM
A437: 06.00.00-06.11.30 | C437: Reserved Not Recd N | D437: 0 | E437: 0 | F437: 0 | G437: 0 | H437: 0 | I437: 0 | J437: 0 | K437: 0 | L437: 0 | M437: 0 | N437: 0 | O437: 0 | P437: 0 | Q437: 0 | R437: 0 | S437: 0 | T437: 0 | U437: 0 | V437: 09/17/2026 @ 7:20 AM
A438: 06.00.00-06.11.30 | C438: Total Assignments | D438: 0 | E438: 0 | F438: 0 | G438: 0 | H438: 0 | I438: 0 | J438: 0 | K438: 0 | L438: 0 | M438: 0 | N438: 0 | O438: 0 | P438: 0 | Q438: 0 | R438: 0 | S438: 0 | T438: 0 | U438: 0 | V438: 09/17/2026 @ 7:20 AM
A439: 06.00.00-06.11.30 | C439: Selected N | D439: 0 | E439: 0 | F439: 0 | G439: 0 | H439: 0 | I439: 0 | J439: 0 | K439: 0 | L439: 0 | M439: 0 | N439: 0 | O439: 0 | P439: 0 | Q439: 0 | R439: 0 | S439: 0 | T439: 0 | U439: 0 | V439: 09/17/2026 @ 7:20 AM
A440: 07.00.00-07.11.30 | C440: Target N | D440: 0 | E440: 0 | F440: 0 | G440: 0 | H440: 0 | I440: 0 | J440: 0 | K440: 0 | L440: 0 | M440: 0 | N440: 0 | O440: 0 | P440: 0 | Q440: 0 | R440: 0 | S440: 0 | T440: 0 | U440: 2 | V440: 09/17/2026 @ 7:20 AM
A441: 07.00.00-07.11.30 | C441: Stratified Usable N | D441: 0 | E441: 0 | F441: 0 | G441: 0 | H441: 0 | I441: 0 | J441: 0 | K441: 0 | L441: 0 | M441: 0 | N441: 0 | O441: 0 | P441: 0 | Q441: 0 | R441: 0 | S441: 0 | T441: 0 | U441: 0 | V441: 09/17/2026 @ 7:20 AM
A442: 07.00.00-07.11.30 | C442: Stratified Out Usable N | D442: 0 | E442: 0 | F442: 0 | G442: 0 | H442: 0 | I442: 0 | J442: 0 | K442: 0 | L442: 0 | M442: 0 | N442: 0 | O442: 0 | P442: 0 | Q442: 0 | R442: 0 | S442: 0 | T442: 0 | U442: 0 | V442: 09/17/2026 @ 7:20 AM
A443: 07.00.00-07.11.30 | C443: In Process N | D443: 0 | E443: 0 | F443: 0 | G443: 0 | H443: 0 | I443: 0 | J443: 0 | K443: 0 | L443: 0 | M443: 0 | N443: 0 | O443: 0 | P443: 0 | Q443: 0 | R443: 0 | S443: 0 | T443: 0 | U443: 0 | V443: 09/17/2026 @ 7:20 AM
... A527: Total | C527: Selected N | D527: 0 | E527: 0 | F527: 0 | G527: 0 | H527: 0 | I527: 0 | J527: 0 | K527: 0 | L527: 0 | M527: 0 | N527: 0 | O527: 0 | P527: 0 | Q527: 0 | R527: 0 | S527: 0 | T527: 0 | U527: 0 | V527: 09/17/2026 @ 7:20 AM
A629: =setup!C21 -> 3831
A630: =_xlfn.CONCAT(setup!D21," - ",setup!E21) -> OSEP – Emotional Disturbance - Digital - OSEP_ED_D
A631: ageband | B631: gradeband | C631: report | D631: 1 | E631: 2 | F631: 3 | G631: 4 | H631: 5 | I631: AS | J631: BL | K631: HI | L631: OT | M631: WH | N631: MW | O631: NE | P631: SO | Q631: WE | R631: F | S631: M | T631: OTHER | U631: Total | V631: LastRefreshed
A632: 06.00.00-16.11.30 | C632: Target N | D632: 0 | E632: 0 | F632: 0 | G632: 0 | H632: 0 | I632: 0 | J632: 0 | K632: 0 | L632: 0 | M632: 0 | N632: 0 | O632: 0 | P632: 0 | Q632: 0 | R632: 0 | S632: 0 | T632: 0 | U632: 4 | V632: 09/17/2026 @ 7:20 AM
A633: 06.00.00-16.11.30 | C633: Stratified Usable N | D633: 0 | E633: 0 | F633: 0 | G633: 0 | H633: 0 | I633: 0 | J633: 0 | K633: 0 | L633: 0 | M633: 0 | N633: 0 | O633: 0 | P633: 0 | Q633: 0 | R633: 0 | S633: 0 | T633: 0 | U633: 0 | V633: 09/17/2026 @ 7:20 AM
A634: 06.00.00-16.11.30 | C634: Stratified Out Usable N | D634: 0 | E634: 0 | F634: 0 | G634: 0 | H634: 0 | I634: 0 | J634: 0 | K634: 0 | L634: 0 | M634: 0 | N634: 0 | O634: 0 | P634: 0 | Q634: 0 | R634: 0 | S634: 0 | T634: 0 | U634: 0 | V634: 09/17/2026 @ 7:20 AM
A635: 06.00.00-16.11.30 | C635: In Process N | D635: 0 | E635: 0 | F635: 0 | G635: 0 | H635: 0 | I635: 0 | J635: 0 | K635: 0 | L635: 0 | M635: 0 | N635: 0 | O635: 0 | P635: 0 | Q635: 0 | R635: 0 | S635: 0 | T635: 0 | U635: 0 | V635: 09/17/2026 @ 7:20 AM
A636: 06.00.00-16.11.30 | C636: Assigned Not Recd N | D636: 0 | E636: 0 | F636: 0 | G636: 0 | H636: 0 | I636: 0 | J636: 0 | K636: 0 | L636: 0 | M636: 0 | N636: 0 | O636: 0 | P636: 0 | Q636: 0 | R636: 0 | S636: 0 | T636: 0 | U636: 0 | V636: 09/17/2026 @ 7:20 AM
A637: 06.00.00-16.11.30 | C637: Reserved Not Recd N | D637: 0 | E637: 0 | F637: 0 | G637: 0 | H637: 0 | I637: 0 | J637: 0 | K637: 0 | L637: 0 | M637: 0 | N637: 0 | O637: 0 | P637: 0 | Q637: 0 | R637: 0 | S637: 0 | T637: 0 | U637: 0 | V637: 09/17/2026 @ 7:20 AM
A638: 06.00.00-16.11.30 | C638: Total Assignments | D638: 0 | E638: 0 | F638: 0 | G638: 0 | H638: 0 | I638: 0 | J638: 0 | K638: 0 | L638: 0 | M638: 0 | N638: 0 | O638: 0 | P638: 0 | Q638: 0 | R638: 0 | S638: 0 | T638: 0 | U638: 0 | V638: 09/17/2026 @ 7:20 AM
A639: 06.00.00-16.11.30 | C639: Selected N | D639: 0 | E639: 0 | F639: 0 | G639: 0 | H639: 0 | I639: 0 | J639: 0 | K639: 0 | L639: 0 | M639: 0 | N639: 0 | O639: 0 | P639: 0 | Q639: 0 | R639: 0 | S639: 0 | T639: 0 | U639: 0 | V639: 09/17/2026 @ 7:20 AM
A640: Total | C640: Target N | D640: 0 | E640: 0 | F640: 0 | G640: 0 | H640: 0 | I640: 0 | J640: 0 | K640: 0 | L640: 0 | M640: 0 | N640: 0 | O640: 0 | P640: 0 | Q640: 0 | R640: 0 | S640: 0 | T640: 0 | U640: 4 | V640: 09/17/2026 @ 7:20 AM
A641: Total | C641: Stratified Usable N | D641: 0 | E641: 0 | F641: 0 | G641: 0 | H641: 0 | I641: 0 | J641: 0 | K641: 0 | L641: 0 | M641: 0 | N641: 0 | O641: 0 | P641: 0 | Q641: 0 | R641: 0 | S641: 0 | T641: 0 | U641: 0 | V641: 09/17/2026 @ 7:20 AM
A642: Total | C642: Stratified Out Usable N | D642: 0 | E642: 0 | F642: 0 | G642: 0 | H642: 0 | I642: 0 | J642: 0 | K642: 0 | L642: 0 | M642: 0 | N642: 0 | O642: 0 | P642: 0 | Q642: 0 | R642: 0 | S642: 0 | T642: 0 | U642: 0 | V642: 09/17/2026 @ 7:20 AM
A643: Total | C643: In Process N | D643: 0 | E643: 0 | F643: 0 | G643: 0 | H643: 0 | I643: 0 | J643: 0 | K643: 0 | L643: 0 | M643: 0 | N643: 0 | O643: 0 | P643: 0 | Q643: 0 | R643: 0 | S643: 0 | T643: 0 | U643: 0 | V643: 09/17/2026 @ 7:20 AM
... A647: Total | C647: Selected N | D647: 0 | E647: 0 | F647: 0 | G647: 0 | H647: 0 | I647: 0 | J647: 0 | K647: 0 | L647: 0 | M647: 0 | N647: 0 | O647: 0 | P647: 0 | Q647: 0 | R647: 0 | S647: 0 | T647: 0 | U647: 0 | V647: 09/17/2026 @ 7:20 AM
A729: =setup!C22 -> 3820
A730: =_xlfn.CONCAT(setup!D22," - ",setup!E22) -> OSEP – Multiple Disabilities - Paper - OSEP_MD_P
A731: ageband | B731: gradeband | C731: report | D731: 1 | E731: 2 | F731: 3 | G731: 4 | H731: 5 | I731: AS | J731: BL | K731: HI | L731: OT | M731: WH | N731: MW | O731: NE | P731: SO | Q731: WE | R731: F | S731: M | T731: OTHER | U731: Total | V731: LastRefreshed
A732: 06.00.00-16.11.30 | C732: Target N | D732: 0 | E732: 0 | F732: 0 | G732: 0 | H732: 0 | I732: 0 | J732: 0 | K732: 0 | L732: 0 | M732: 0 | N732: 0 | O732: 0 | P732: 0 | Q732: 0 | R732: 0 | S732: 0 | T732: 0 | U732: 7 | V732: 09/17/2026 @ 7:20 AM
...

Sheet Summary
A1: =_xlfn.CONCAT("Last Refreshed at: ",F3) -> Last Refreshed at: 09/17/2026 @ 7:20 AM | H1: Assignment Information | L1: Total usable from all tabs | P1: Tptal in-Process
A2: study_id | B2: study | C2: Target | D2: usableCount | E2: Percentage | F2: Refreshed_Date | H2: Total Assigned | I2: Percentage | L2: =SUM(OSEP_AUT_P!W101,OSEP_AUT_D!W101,OSEP_DD_P!W45,OSEP_DD_D!W45,OSEP_ED_P!W101,OSEP_ED_D!W21,OSEP_MD_P!W21,OSEP_MD_D!W21,OSEP_OI_P!W21,OSEP_OI_D!W21,OSEP_OHI_P!W101,OSEP_OHI_D!W101,OSEP_SLD_P!W101,OSEP_SLD_D!W101,OSEP_SI_P!W101,OSEP_SI_D!W101,OSEP_TBI_P!W21,OSEP_TBI_D!W21,OSEP_ADHD_P!W101,OSEP_ADHD_D!W101) -> 165 | M2: =SUM(#REF!,#REF!,#REF!,#REF!,#REF!,#REF!,#REF!,#REF!,#REF!,#REF!,#REF!,#REF!,#REF!,#REF!,#REF!,#REF!,#REF!,#REF!,#REF!) -> #REF! | P2: =SUM(#REF!,#REF!,#REF!) -> #REF!
A3: 3817 | B3: OSEP – Autism - Paper | C3: 44 | D3: 17 | E3: 0.38636364 | F3: 09/17/2026 @ 7:20 AM | H3: =setup!F16 -> 22 | I3: =IFERROR(H3/C3,0) -> 0.5
A4: 3829 | B4: OSEP – Autism - Digital | C4: 11 | D4: 3 | E4: 0.27272727 | F4: 09/17/2026 @ 7:20 AM | H4: =setup!F17 -> 6 | I4: =IFERROR(H4/C4,0) -> 0.54545455
A5: 3818 | B5: OSEP – Developmental Delay - Paper | C5: 22 | D5: 1 | E5: 0.045454545 | F5: 09/17/2026 @ 7:20 AM | H5: =setup!F18 -> 1 | I5: =IFERROR(H5/C5,0) -> 0.045454545
A6: 3830 | B6: OSEP – Developmental Delay - Digital | C6: 6 | F6: 09/17/2026 @ 7:20 AM | H6: =setup!F19 -> 0 | I6: =IFERROR(H6/C6,0) -> 0
A7: 3819 | B7: OSEP – Emotional Disturbance - Paper | C7: 15 | F7: 09/17/2026 @ 7:20 AM | H7: =setup!F20 -> 0 | I7: =IFERROR(H7/C7,0) -> 0
A8: 3831 | B8: OSEP – Emotional Disturbance - Digital | C8: 4 | F8: 09/17/2026 @ 7:20 AM | H8: =setup!F21 -> 0 | I8: =IFERROR(H8/C8,0) -> 0
A9: 3820 | B9: OSEP – Multiple Disabilities - Paper | C9: 7 | D9: 1 | E9: 0.14285714 | F9: 09/17/2026 @ 7:20 AM | H9: =setup!F22 -> 1 | I9: =IFERROR(H9/C9,0) -> 0.14285714
A10: 3832 | B10: OSEP – Multiple Disabilities - Digital | C10: 2 | F10: 09/17/2026 @ 7:20 AM | H10: =setup!F23 -> 0 | I10: =IFERROR(H10/C10,0) -> 0
A11: 3821 | B11: OSEP – Orthopedic Impairment - Paper | C11: 2 | D11: 2 | E11: 1 | F11: 09/17/2026 @ 7:20 AM | H11: =setup!F24 -> 2 | I11: =IFERROR(H11/C11,0) -> 1
A12: 3833 | B12: OSEP – Orthopedic Impairment - Digital | C12: 1 | F12: 09/17/2026 @ 7:20 AM | H12: =setup!F25 -> 0 | I12: =IFERROR(H12/C12,0) -> 0
A13: 3822 | B13: OSEP – Other Health Impairment - Paper | C13: 51 | F13: 09/17/2026 @ 7:20 AM | H13: =setup!F26 -> 0 | I13: =IFERROR(H13/C13,0) -> 0
A14: 3834 | B14: OSEP – Other Health Impairment - Digital | C14: 13 | F14: 09/17/2026 @ 7:20 AM | H14: =setup!F27 -> 0 | I14: =IFERROR(H14/C14,0) -> 0
A15: 3823 | B15: OSEP – Specific Learning Disability - Paper | C15: 108 | D15: 16 | E15: 0.14814815 | F15: 09/17/2026 @ 7:20 AM | H15: =setup!F28 -> 19 | I15: =IFERROR(H15/C15,0) -> 0.17592593
A16: 3835 | B16: OSEP – Specific Learning Disability - Digital | C16: 27 | D16: 1 | E16: 0.037037037 | F16: 09/17/2026 @ 7:20 AM | H16: =setup!F29 -> 1 | I16: =IFERROR(H16/C16,0) -> 0.037037037
A17: 3824 | B17: OSEP – Speech Impairment - Paper | C17: 64 | D17: 4 | E17: 0.0625 | F17: 09/17/2026 @ 7:20 AM | H17: =setup!F30 -> 4 | I17: =IFERROR(H17/C17,0) -> 0.0625
A18: 3836 | B18: OSEP – Speech Impairment - Digital | C18: 16 | F18: 09/17/2026 @ 7:20 AM | H18: =setup!F31 -> 0 | I18: =IFERROR(H18/C18,0) -> 0
A19: 3825 | B19: OSEP – Traumatic Brain Injury - Paper | C19: 2 | F19: 09/17/2026 @ 7:20 AM | H19: =setup!F32 -> 0 | I19: =IFERROR(H19/C19,0) -> 0
A20: 3837 | B20: OSEP – Traumatic Brain Injury - Digital | C20: 1 | F20: 09/17/2026 @ 7:20 AM | H20: =setup!F33 -> 0 | I20: =IFERROR(H20/C20,0) -> 0
A21: 3827 | B21: OSEP – ADHD - Paper | C21: 216 | D21: 105 | E21: 0.48611111 | F21: 09/17/2026 @ 7:20 AM | H21: =setup!F34 -> 117 | I21: =IFERROR(H21/C21,0) -> 0.54166667
A22: 3838 | B22: OSEP – ADHD - Digital | C22: 54 | D22: 15 | E22: 0.27777778 | F22: 09/17/2026 @ 7:20 AM | H22: =setup!F35 -> 19 | I22: =IFERROR(H22/C22,0) -> 0.35185185
A23: All | B23: Total | C23: 666 | D23: 165 | E23: 0.24774775 | F23: 09/17/2026 @ 7:20 AM | H23: =SUM(H3:H22) -> 192 | I23: =IFERROR(H23/C23,0) -> 0.28828829

Sheet OSEP_AUT_P
A1: Total Assigments below Target | D1: Study Information | N1: Additional Information
A2: Usable greater/equal to target | D2: =_xlfn.CONCAT("Study Name: "," OSEP – Autism - Paper") -> Study Name: OSEP – Autism - Paper | K2: Usable = case is available to Psychometrics for this study In Process = questionable, In Process Assigned Not Recd = Tests assigned to examiners, no tests received (required tests) Reserved not Received = Tests in reserved status, not received Total Assignments = sum of Usable, Received Non Final, Assigned Partial Received, Assigned Not Received Selected = default status for making an assignment
D3: =_xlfn.CONCAT("Study Acronym: "," OSEP_AUT_P") -> Study Acronym: OSEP_AUT_P | F3: Study ID: 3817
D5: Additional Requirements
D6: None
B8: =_xlfn.CONCAT("Last Refreshed at: ",aurora_data!V4) -> Last Refreshed at: 09/17/2026 @ 7:20 AM | E8: Demographic Variables | W8: Totals
D9: Variance Tolerance: | E9: some of each, if possible | J9: some of each, if possible | O9: some of each, if possible | S9: some of each, if possible
B10: Status | E10: Education Level | J10: Ethnicity | O10: Region | S10: SEX
C11: ageband | D11: report | E11: 1 | F11: 2 | G11: 3 | H11: 4 | I11: 5 | J11: AS | K11: BL | L11: HI | M11: OTH | N11: WH | O11: MW | P11: NE | Q11: SO | R11: WE | S11: F | T11: M | U11: INT
B12: Open | C12: =aurora_data!A4 -> 06.00.00-06.11.30 | D12: Target | E12: =IFERROR(aurora_data!D4,0) -> 0 | F12: =IFERROR(aurora_data!E4,0) -> 0 | G12: =IFERROR(aurora_data!F4,0) -> 0 | H12: =IFERROR(aurora_data!G4,0) -> 0 | I12: =IFERROR(aurora_data!H4,0) -> 0 | J12: =IFERROR(aurora_data!I4,0) -> 0 | K12: =IFERROR(aurora_data!J4,0) -> 0 | L12: =IFERROR(aurora_data!K4,0) -> 0 | ... U12: =IFERROR(aurora_data!T4,0) -> 0 | W12: =IFERROR(aurora_data!U4,0) -> 4 | X12: =IFERROR(W12/$W$12,0) -> 1
D13: Usable | E13: =IFERROR(aurora_data!D5,0) -> 0 | F13: =IFERROR(aurora_data!E5,0) -> 0 | G13: =IFERROR(aurora_data!F5,0) -> 0 | H13: =IFERROR(aurora_data!G5,0) -> 3 | I13: =IFERROR(aurora_data!H5,0) -> 1 | J13: =IFERROR(aurora_data!I5,0) -> 1 | K13: =IFERROR(aurora_data!J5,0) -> 0 | L13: =IFERROR(aurora_data!K5,0) -> 3 | ... U13: =IFERROR(aurora_data!T5,0) -> 0 | W13: =IFERROR(aurora_data!U5,0) -> 4 | X13: =IFERROR(W13/$W$12,0) -> 1
D14: Stratified Out Usable N | E14: =IFERROR(aurora_data!D6,0) -> 0 | F14: =IFERROR(aurora_data!E6,0) -> 0 | G14: =IFERROR(aurora_data!F6,0) -> 0 | H14: =IFERROR(aurora_data!G6,0) -> 0 | I14: =IFERROR(aurora_data!H6,0) -> 0 | J14: =IFERROR(aurora_data!I6,0) -> 0 | K14: =IFERROR(aurora_data!J6,0) -> 0 | L14: =IFERROR(aurora_data!K6,0) -> 0 | ... U14: =IFERROR(aurora_data!T6,0) -> 0 | W14: =IFERROR(aurora_data!U6,0) -> 0 | X14: =IFERROR(W14/$W$12,0) -> 0
D15: In Process | E15: =IFERROR(aurora_data!D7,0) -> 0 | F15: =IFERROR(aurora_data!E7,0) -> 0 | G15: =IFERROR(aurora_data!F7,0) -> 0 | H15: =IFERROR(aurora_data!G7,0) -> 0 | I15: =IFERROR(aurora_data!H7,0) -> 0 | J15: =IFERROR(aurora_data!I7,0) -> 0 | K15: =IFERROR(aurora_data!J7,0) -> 0 | L15: =IFERROR(aurora_data!K7,0) -> 0 | ... U15: =IFERROR(aurora_data!T7,0) -> 0 | W15: =IFERROR(aurora_data!U7,0) -> 0 | X15: =IFERROR(W15/$W$12,0) -> 0
D16: Assigned Not Received | E16: =IFERROR(aurora_data!D8,0) -> 0 | F16: =IFERROR(aurora_data!E8,0) -> 0 | G16: =IFERROR(aurora_data!F8,0) -> 0 | H16: =IFERROR(aurora_data!G8,0) -> 0 | I16: =IFERROR(aurora_data!H8,0) -> 0 | J16: =IFERROR(aurora_data!I8,0) -> 0 | K16: =IFERROR(aurora_data!J8,0) -> 0 | L16: =IFERROR(aurora_data!K8,0) -> 0 | ... U16: =IFERROR(aurora_data!T8,0) -> 0 | W16: =IFERROR(aurora_data!U8,0) -> 0 | X16: =IFERROR(W16/$W$12,0) -> 0
D17: Reserved Not Received | E17: =IFERROR(aurora_data!D9,0) -> 0 | F17: =IFERROR(aurora_data!E9,0) -> 0 | G17: =IFERROR(aurora_data!F9,0) -> 0 | H17: =IFERROR(aurora_data!G9,0) -> 0 | I17: =IFERROR(aurora_data!H9,0) -> 0 | J17: =IFERROR(aurora_data!I9,0) -> 0 | K17: =IFERROR(aurora_data!J9,0) -> 0 | L17: =IFERROR(aurora_data!K9,0) -> 0 | ... U17: =IFERROR(aurora_data!T9,0) -> 0 | W17: =IFERROR(aurora_data!U9,0) -> 0 | X17: =IFERROR(W17/$W$12,0) -> 0
D18: Total Assignments | E18: =IFERROR(aurora_data!D10,0) -> 0 | F18: =IFERROR(aurora_data!E10,0) -> 0 | G18: =IFERROR(aurora_data!F10,0) -> 0 | H18: =IFERROR(aurora_data!G10,0) -> 3 | I18: =IFERROR(aurora_data!H10,0) -> 1 | J18: =IFERROR(aurora_data!I10,0) -> 1 | K18: =IFERROR(aurora_data!J10,0) -> 0 | L18: =IFERROR(aurora_data!K10,0) -> 3 | ... U18: =IFERROR(aurora_data!T10,0) -> 0 | W18: =IFERROR(aurora_data!U10,0) -> 4 | X18: =IFERROR(W18/$W$12,0) -> 1
D19: Selected | E19: =IFERROR(aurora_data!D11,0) -> 0 | F19: =IFERROR(aurora_data!E11,0) -> 0 | G19: =IFERROR(aurora_data!F11,0) -> 0 | H19: =IFERROR(aurora_data!G11,0) -> 1 | I19: =IFERROR(aurora_data!H11,0) -> 0 | J19: =IFERROR(aurora_data!I11,0) -> 0 | K19: =IFERROR(aurora_data!J11,0) -> 0 | L19: =IFERROR(aurora_data!K11,0) -> 0 | ... U19: =IFERROR(aurora_data!T11,0) -> 0 | W19: =IFERROR(aurora_data!U11,0) -> 1 | X19: =IFERROR(W19/$W$12,0) -> 0.25
B20: Open | C20: =aurora_data!A12 -> 07.00.00-07.11.30 | D20: Target | E20: =IFERROR(aurora_data!D12,0) -> 0 | F20: =IFERROR(aurora_data!E12,0) -> 0 | G20: =IFERROR(aurora_data!F12,0) -> 0 | H20: =IFERROR(aurora_data!G12,0) -> 0 | I20: =IFERROR(aurora_data!H12,0) -> 0 | J20: =IFERROR(aurora_data!I12,0) -> 0 | K20: =IFERROR(aurora_data!J12,0) -> 0 | L20: =IFERROR(aurora_data!K12,0) -> 0 | ... U20: =IFERROR(aurora_data!T12,0) -> 0 | W20: =IFERROR(aurora_data!U12,0) -> 4 | X20: =IFERROR(W20/$W$12,0) -> 1
D21: Usable | E21: =IFERROR(aurora_data!D13,0) -> 0 | F21: =IFERROR(aurora_data!E13,0) -> 1 | G21: =IFERROR(aurora_data!F13,0) -> 1 | H21: =IFERROR(aurora_data!G13,0) -> 1 | I21: =IFERROR(aurora_data!H13,0) -> 0 | J21: =IFERROR(aurora_data!I13,0) -> 0 | K21: =IFERROR(aurora_data!J13,0) -> 0 | L21: =IFERROR(aurora_data!K13,0) -> 2 | ... U21: =IFERROR(aurora_data!T13,0) -> 0 | W21: =IFERROR(aurora_data!U13,0) -> 3 | X21: =IFERROR(W21/$W$12,0) -> 0.75
D22: Stratified Out Usable N | E22: =IFERROR(aurora_data!D14,0) -> 0 | F22: =IFERROR(aurora_data!E14,0) -> 0 | G22: =IFERROR(aurora_data!F14,0) -> 0 | H22: =IFERROR(aurora_data!G14,0) -> 0 | I22: =IFERROR(aurora_data!H14,0) -> 0 | J22: =IFERROR(aurora_data!I14,0) -> 0 | K22: =IFERROR(aurora_data!J14,0) -> 0 | L22: =IFERROR(aurora_data!K14,0) -> 0 | ... U22: =IFERROR(aurora_data!T14,0) -> 0 | W22: =IFERROR(aurora_data!U14,0) -> 0 | X22: =IFERROR(W22/$W$12,0) -> 0
D23: In Process | E23: =IFERROR(aurora_data!D15,0) -> 0 | F23: =IFERROR(aurora_data!E15,0) -> 0 | G23: =IFERROR(aurora_data!F15,0) -> 0 | H23: =IFERROR(aurora_data!G15,0) -> 0 | I23: =IFERROR(aurora_data!H15,0) -> 0 | J23: =IFERROR(aurora_data!I15,0) -> 0 | K23: =IFERROR(aurora_data!J15,0) -> 0 | L23: =IFERROR(aurora_data!K15,0) -> 0 | ... U23: =IFERROR(aurora_data!T15,0) -> 0 | W23: =IFERROR(aurora_data!U15,0) -> 0 | X23: =IFERROR(W23/$W$12,0) -> 0
D24: Assigned Not Received | E24: =IFERROR(aurora_data!D16,0) -> 0 | F24: =IFERROR(aurora_data!E16,0) -> 0 | G24: =IFERROR(aurora_data!F16,0) -> 1 | H24: =IFERROR(aurora_data!G16,0) -> 0 | I24: =IFERROR(aurora_data!H16,0) -> 0 | J24: =IFERROR(aurora_data!I16,0) -> 0 | K24: =IFERROR(aurora_data!J16,0) -> 0 | L24: =IFERROR(aurora_data!K16,0) -> 1 | ... U24: =IFERROR(aurora_data!T16,0) -> 0 | W24: =IFERROR(aurora_data!U16,0) -> 1 | X24: =IFERROR(W24/$W$12,0) -> 0.25
D25: Reserved Not Received | E25: =IFERROR(aurora_data!D17,0) -> 0 | F25: =IFERROR(aurora_data!E17,0) -> 0 | G25: =IFERROR(aurora_data!F17,0) -> 0 | H25: =IFERROR(aurora_data!G17,0) -> 0 | I25: =IFERROR(aurora_data!H17,0) -> 0 | J25: =IFERROR(aurora_data!I17,0) -> 0 | K25: =IFERROR(aurora_data!J17,0) -> 0 | L25: =IFERROR(aurora_data!K17,0) -> 0 | ... U25: =IFERROR(aurora_data!T17,0) -> 0 | W25: =IFERROR(aurora_data!U17,0) -> 0 | X25: =IFERROR(W25/$W$12,0) -> 0
D26: Total Assignments | E26: =IFERROR(aurora_data!D18,0) -> 0 | F26: =IFERROR(aurora_data!E18,0) -> 1 | G26: =IFERROR(aurora_data!F18,0) -> 2 | H26: =IFERROR(aurora_data!G18,0) -> 1 | I26: =IFERROR(aurora_data!H18,0) -> 0 | J26: =IFERROR(aurora_data!I18,0) -> 0 | K26: =IFERROR(aurora_data!J18,0) -> 0 | L26: =IFERROR(aurora_data!K18,0) -> 3 | ... U26: =IFERROR(aurora_data!T18,0) -> 0 | W26: =IFERROR(aurora_data!U18,0) -> 4 | X26: =IFERROR(W26/$W$12,0) -> 1
D27: Selected | E27: =IFERROR(aurora_data!D19,0) -> 0 | F27: =IFERROR(aurora_data!E19,0) -> 0 | G27: =IFERROR(aurora_data!F19,0) -> 0 | H27: =IFERROR(aurora_data!G19,0) -> 0 | I27: =IFERROR(aurora_data!H19,0) -> 0 | J27: =IFERROR(aurora_data!I19,0) -> 0 | K27: =IFERROR(aurora_data!J19,0) -> 0 | L27: =IFERROR(aurora_data!K19,0) -> 0 | ... U27: =IFERROR(aurora_data!T19,0) -> 0 | W27: =IFERROR(aurora_data!U19,0) -> 0 | X27: =IFERROR(W27/$W$12,0) -> 0
B28: Open | C28: =aurora_data!A20 -> 08.00.00-08.11.30 | D28: Target | E28: =IFERROR(aurora_data!D20,0) -> 0 | F28: =IFERROR(aurora_data!E20,0) -> 0 | G28: =IFERROR(aurora_data!F20,0) -> 0 | H28: =IFERROR(aurora_data!G20,0) -> 0 | I28: =IFERROR(aurora_data!H20,0) -> 0 | J28: =IFERROR(aurora_data!I20,0) -> 0 | K28: =IFERROR(aurora_data!J20,0) -> 0 | L28: =IFERROR(aurora_data!K20,0) -> 0 | ... U28: =IFERROR(aurora_data!T20,0) -> 0 | W28: =IFERROR(aurora_data!U20,0) -> 4 | X28: =IFERROR(W28/$W$12,0) -> 1
D29: Usable | E29: =IFERROR(aurora_data!D21,0) -> 0 | F29: =IFERROR(aurora_data!E21,0) -> 0 | G29: =IFERROR(aurora_data!F21,0) -> 1 | H29: =IFERROR(aurora_data!G21,0) -> 0 | I29: =IFERROR(aurora_data!H21,0) -> 0 | J29: =IFERROR(aurora_data!I21,0) -> 0 | K29: =IFERROR(aurora_data!J21,0) -> 0 | L29: =IFERROR(aurora_data!K21,0) -> 0 | ... U29: =IFERROR(aurora_data!T21,0) -> 0 | W29: =IFERROR(aurora_data!U21,0) -> 1 | X29: =IFERROR(W29/$W$12,0) -> 0.25
D30: Stratified Out Usable N | E30: =IFERROR(aurora_data!D22,0) -> 0 | F30: =IFERROR(aurora_data!E22,0) -> 0 | G30: =IFERROR(aurora_data!F22,0) -> 0 | H30: =IFERROR(aurora_data!G22,0) -> 0 | I30: =IFERROR(aurora_data!H22,0) -> 0 | J30: =IFERROR(aurora_data!I22,0) -> 0 | K30: =IFERROR(aurora_data!J22,0) -> 0 | L30: =IFERROR(aurora_data!K22,0) -> 0 | ... U30: =IFERROR(aurora_data!T22,0) -> 0 | W30: =IFERROR(aurora_data!U22,0) -> 0 | X30: =IFERROR(W30/$W$12,0) -> 0
D31: In Process | E31: =IFERROR(aurora_data!D23,0) -> 0 | F31: =IFERROR(aurora_data!E23,0) -> 0 | G31: =IFERROR(aurora_data!F23,0) -> 0 | H31: =IFERROR(aurora_data!G23,0) -> 0 | I31: =IFERROR(aurora_data!H23,0) -> 0 | J31: =IFERROR(aurora_data!I23,0) -> 0 | K31: =IFERROR(aurora_data!J23,0) -> 0 | L31: =IFERROR(aurora_data!K23,0) -> 0 | ... U31: =IFERROR(aurora_data!T23,0) -> 0 | W31: =IFERROR(aurora_data!U23,0) -> 0 | X31: =IFERROR(W31/$W$12,0) -> 0
D32: Assigned Not Received | E32: =IFERROR(aurora_data!D24,0) -> 0 | F32: =IFERROR(aurora_data!E24,0) -> 1 | G32: =IFERROR(aurora_data!F24,0) -> 0 | H32: =IFERROR(aurora_data!G24,0) -> 0 | I32: =IFERROR(aurora_data!H24,0) -> 0 | J32: =IFERROR(aurora_data!I24,0) -> 1 | K32: =IFERROR(aurora_data!J24,0) -> 0 | L32: =IFERROR(aurora_data!K24,0) -> 0 | ... U32: =IFERROR(aurora_data!T24,0) -> 0 | W32: =IFERROR(aurora_data!U24,0) -> 1 | X32: =IFERROR(W32/$W$12,0) -> 0.25
D33: Reserved Not Received | E33: =IFERROR(aurora_data!D25,0) -> 0 | F33: =IFERROR(aurora_data!E25,0) -> 0 | G33: =IFERROR(aurora_data!F25,0) -> 0 | H33: =IFERROR(aurora_data!G25,0) -> 0 | I33: =IFERROR(aurora_data!H25,0) -> 0 | J33: =IFERROR(aurora_data!I25,0) -> 0 | K33: =IFERROR(aurora_data!J25,0) -> 0 | L33: =IFERROR(aurora_data!K25,0) -> 0 | ... U33: =IFERROR(aurora_data!T25,0) -> 0 | W33: =IFERROR(aurora_data!U25,0) -> 0 | X33: =IFERROR(W33/$W$12,0) -> 0
D34: Total Assignments | E34: =IFERROR(aurora_data!D26,0) -> 0 | F34: =IFERROR(aurora_data!E26,0) -> 1 | G34: =IFERROR(aurora_data!F26,0) -> 1 | H34: =IFERROR(aurora_data!G26,0) -> 0 | I34: =IFERROR(aurora_data!H26,0) -> 0 | J34: =IFERROR(aurora_data!I26,0) -> 1 | K34: =IFERROR(aurora_data!J26,0) -> 0 | L34: =IFERROR(aurora_data!K26,0) -> 0 | ... U34: =IFERROR(aurora_data!T26,0) -> 0 | W34: =IFERROR(aurora_data!U26,0) -> 2 | X34: =IFERROR(W34/$W$12,0) -> 0.5
D35: Selected | E35: =IFERROR(aurora_data!D27,0) -> 0 | F35: =IFERROR(aurora_data!E27,0) -> 0 | G35: =IFERROR(aurora_data!F27,0) -> 0 | H35: =IFERROR(aurora_data!G27,0) -> 0 | I35: =IFERROR(aurora_data!H27,0) -> 0 | J35: =IFERROR(aurora_data!I27,0) -> 0 | K35: =IFERROR(aurora_data!J27,0) -> 0 | L35: =IFERROR(aurora_data!K27,0) -> 0 | ... U35: =IFERROR(aurora_data!T27,0) -> 0 | W35: =IFERROR(aurora_data!U27,0) -> 0 | X35: =IFERROR(W35/$W$12,0) -> 0
B36: Open | C36: =aurora_data!A28 -> 09.00.00-09.11.30 | D36: Target | E36: =IFERROR(aurora_data!D28,0) -> 0 | F36: =IFERROR(aurora_data!E28,0) -> 0 | G36: =IFERROR(aurora_data!F28,0) -> 0 | H36: =IFERROR(aurora_data!G28,0) -> 0 | I36: =IFERROR(aurora_data!H28,0) -> 0 | J36: =IFERROR(aurora_data!I28,0) -> 0 | K36: =IFERROR(aurora_data!J28,0) -> 0 | L36: =IFERROR(aurora_data!K28,0) -> 0 | ... U36: =IFERROR(aurora_data!T28,0) -> 0 | W36: =IFERROR(aurora_data!U28,0) -> 4 | X36: =IFERROR(W36/$W$12,0) -> 1
D37: Usable | E37: =IFERROR(aurora_data!D29,0) -> 0 | F37: =IFERROR(aurora_data!E29,0) -> 1 | G37: =IFERROR(aurora_data!F29,0) -> 0 | H37: =IFERROR(aurora_data!G29,0) -> 0 | I37: =IFERROR(aurora_data!H29,0) -> 0 | J37: =IFERROR(aurora_data!I29,0) -> 0 | K37: =IFERROR(aurora_data!J29,0) -> 1 | L37: =IFERROR(aurora_data!K29,0) -> 0 | ... U37: =IFERROR(aurora_data!T29,0) -> 0 | W37: =IFERROR(aurora_data!U29,0) -> 1 | X37: =IFERROR(W37/$W$12,0) -> 0.25
D38: Stratified Out Usable N | E38: =IFERROR(aurora_data!D30,0) -> 0 | F38: =IFERROR(aurora_data!E30,0) -> 0 | G38: =IFERROR(aurora_data!F30,0) -> 0 | H38: =IFERROR(aurora_data!G30,0) -> 0 | I38: =IFERROR(aurora_data!H30,0) -> 0 | J38: =IFERROR(aurora_data!I30,0) -> 0 | K38: =IFERROR(aurora_data!J30,0) -> 0 | L38: =IFERROR(aurora_data!K30,0) -> 0 | ... U38: =IFERROR(aurora_data!T30,0) -> 0 | W38: =IFERROR(aurora_data!U30,0) -> 0 | X38: =IFERROR(W38/$W$12,0) -> 0
D39: In Process | E39: =IFERROR(aurora_data!D31,0) -> 0 | F39: =IFERROR(aurora_data!E31,0) -> 0 | G39: =IFERROR(aurora_data!F31,0) -> 0 | H39: =IFERROR(aurora_data!G31,0) -> 0 | I39: =IFERROR(aurora_data!H31,0) -> 0 | J39: =IFERROR(aurora_data!I31,0) -> 0 | K39: =IFERROR(aurora_data!J31,0) -> 0 | L39: =IFERROR(aurora_data!K31,0) -> 0 | ... U39: =IFERROR(aurora_data!T31,0) -> 0 | W39: =IFERROR(aurora_data!U31,0) -> 0 | X39: =IFERROR(W39/$W$12,0) -> 0
D40: Assigned Not Received | E40: =IFERROR(aurora_data!D32,0) -> 0 | F40: =IFERROR(aurora_data!E32,0) -> 0 | G40: =IFERROR(aurora_data!F32,0) -> 0 | H40: =IFERROR(aurora_data!G32,0) -> 0 | I40: =IFERROR(aurora_data!H32,0) -> 0 | J40: =IFERROR(aurora_data!I32,0) -> 0 | K40: =IFERROR(aurora_data!J32,0) -> 0 | L40: =IFERROR(aurora_data!K32,0) -> 0 | ... U40: =IFERROR(aurora_data!T32,0) -> 0 | W40: =IFERROR(aurora_data!U32,0) -> 0 | X40: =IFERROR(W40/$W$12,0) -> 0
D41: Reserved Not Received | E41: =IFERROR(aurora_data!D33,0) -> 0 | F41: =IFERROR(aurora_data!E33,0) -> 0 | G41: =IFERROR(aurora_data!F33,0) -> 0 | H41: =IFERROR(aurora_data!G33,0) -> 0 | I41: =IFERROR(aurora_data!H33,0) -> 0 | J41: =IFERROR(aurora_data!I33,0) -> 0 | K41: =IFERROR(aurora_data!J33,0) -> 0 | L41: =IFERROR(aurora_data!K33,0) -> 0 | ... U41: =IFERROR(aurora_data!T33,0) -> 0 | W41: =IFERROR(aurora_data!U33,0) -> 0 | X41: =IFERROR(W41/$W$12,0) -> 0
D42: Total Assignments | E42: =IFERROR(aurora_data!D34,0) -> 0 | F42: =IFERROR(aurora_data!E34,0) -> 1 | G42: =IFERROR(aurora_data!F34,0) -> 0 | H42: =IFERROR(aurora_data!G34,0) -> 0 | I42: =IFERROR(aurora_data!H34,0) -> 0 | J42: =IFERROR(aurora_data!I34,0) -> 0 | K42: =IFERROR(aurora_data!J34,0) -> 1 | L42: =IFERROR(aurora_data!K34,0) -> 0 | ... U42: =IFERROR(aurora_data!T34,0) -> 0 | W42: =IFERROR(aurora_data!U34,0) -> 1 | X42: =IFERROR(W42/$W$12,0) -> 0.25
D43: Selected | E43: =IFERROR(aurora_data!D35,0) -> 0 | F43: =IFERROR(aurora_data!E35,0) -> 0 | G43: =IFERROR(aurora_data!F35,0) -> 0 | H43: =IFERROR(aurora_data!G35,0) -> 0 | I43: =IFERROR(aurora_data!H35,0) -> 0 | J43: =IFERROR(aurora_data!I35,0) -> 0 | K43: =IFERROR(aurora_data!J35,0) -> 0 | L43: =IFERROR(aurora_data!K35,0) -> 0 | ... U43: =IFERROR(aurora_data!T35,0) -> 0 | W43: =IFERROR(aurora_data!U35,0) -> 0 | X43: =IFERROR(W43/$W$12,0) -> 0
B44: Open | C44: =aurora_data!A36 -> 10.00.00-10.11.30 | D44: Target | E44: =IFERROR(aurora_data!D36,0) -> 0 | F44: =IFERROR(aurora_data!E36,0) -> 0 | G44: =IFERROR(aurora_data!F36,0) -> 0 | H44: =IFERROR(aurora_data!G36,0) -> 0 | I44: =IFERROR(aurora_data!H36,0) -> 0 | J44: =IFERROR(aurora_data!I36,0) -> 0 | K44: =IFERROR(aurora_data!J36,0) -> 0 | L44: =IFERROR(aurora_data!K36,0) -> 0 | ... U44: =IFERROR(aurora_data!T36,0) -> 0 | W44: =IFERROR(aurora_data!U36,0) -> 4 | X44: =IFERROR(W44/$W$12,0) -> 1
D45: Usable | E45: =IFERROR(aurora_data!D37,0) -> 1 | F45: =IFERROR(aurora_data!E37,0) -> 0 | G45: =IFERROR(aurora_data!F37,0) -> 0 | H45: =IFERROR(aurora_data!G37,0) -> 0 | I45: =IFERROR(aurora_data!H37,0) -> 0 | J45: =IFERROR(aurora_data!I37,0) -> 0 | K45: =IFERROR(aurora_data!J37,0) -> 0 | L45: =IFERROR(aurora_data!K37,0) -> 0 | ... U45: =IFERROR(aurora_data!T37,0) -> 0 | W45: =IFERROR(aurora_data!U37,0) -> 1 | X45: =IFERROR(W45/$W$12,0) -> 0.25
D46: Stratified Out Usable N | E46: =IFERROR(aurora_data!D38,0) -> 0 | F46: =IFERROR(aurora_data!E38,0) -> 0 | G46: =IFERROR(aurora_data!F38,0) -> 0 | H46: =IFERROR(aurora_data!G38,0) -> 0 | I46: =IFERROR(aurora_data!H38,0) -> 0 | J46: =IFERROR(aurora_data!I38,0) -> 0 | K46: =IFERROR(aurora_data!J38,0) -> 0 | L46: =IFERROR(aurora_data!K38,0) -> 0 | ... U46: =IFERROR(aurora_data!T38,0) -> 0 | W46: =IFERROR(aurora_data!U38,0) -> 0 | X46: =IFERROR(W46/$W$12,0) -> 0
D47: In Process | E47: =IFERROR(aurora_data!D39,0) -> 0 | F47: =IFERROR(aurora_data!E39,0) -> 0 | G47: =IFERROR(aurora_data!F39,0) -> 0 | H47: =IFERROR(aurora_data!G39,0) -> 0 | I47: =IFERROR(aurora_data!H39,0) -> 0 | J47: =IFERROR(aurora_data!I39,0) -> 0 | K47: =IFERROR(aurora_data!J39,0) -> 0 | L47: =IFERROR(aurora_data!K39,0) -> 0 | ... U47: =IFERROR(aurora_data!T39,0) -> 0 | W47: =IFERROR(aurora_data!U39,0) -> 0 | X47: =IFERROR(W47/$W$12,0) -> 0
D48: Assigned Not Received | E48: =IFERROR(aurora_data!D40,0) -> 1 | F48: =IFERROR(aurora_data!E40,0) -> 0 | G48: =IFERROR(aurora_data!F40,0) -> 0 | H48: =IFERROR(aurora_data!G40,0) -> 0 | I48: =IFERROR(aurora_data!H40,0) -> 0 | J48: =IFERROR(aurora_data!I40,0) -> 0 | K48: =IFERROR(aurora_data!J40,0) -> 0 | L48: =IFERROR(aurora_data!K40,0) -> 1 | ... U48: =IFERROR(aurora_data!T40,0) -> 0 | W48: =IFERROR(aurora_data!U40,0) -> 1 | X48: =IFERROR(W48/$W$12,0) -> 0.25
D49: Reserved Not Received | E49: =IFERROR(aurora_data!D41,0) -> 0 | F49: =IFERROR(aurora_data!E41,0) -> 0 | G49: =IFERROR(aurora_data!F41,0) -> 0 | H49: =IFERROR(aurora_data!G41,0) -> 0 | I49: =IFERROR(aurora_data!H41,0) -> 0 | J49: =IFERROR(aurora_data!I41,0) -> 0 | K49: =IFERROR(aurora_data!J41,0) -> 0 | L49: =IFERROR(aurora_data!K41,0) -> 0 | ... U49: =IFERROR(aurora_data!T41,0) -> 0 | W49: =IFERROR(aurora_data!U41,0) -> 0 | X49: =IFERROR(W49/$W$12,0) -> 0
D50: Total Assignments | E50: =IFERROR(aurora_data!D42,0) -> 2 | F50: =IFERROR(aurora_data!E42,0) -> 0 | G50: =IFERROR(aurora_data!F42,0) -> 0 | H50: =IFERROR(aurora_data!G42,0) -> 0 | I50: =IFERROR(aurora_data!H42,0) -> 0 | J50: =IFERROR(aurora_data!I42,0) -> 0 | K50: =IFERROR(aurora_data!J42,0) -> 0 | L50: =IFERROR(aurora_data!K42,0) -> 1 | ... U50: =IFERROR(aurora_data!T42,0) -> 0 | W50: =IFERROR(aurora_data!U42,0) -> 2 | X50: =IFERROR(W50/$W$12,0) -> 0.5
D51: Selected | E51: =IFERROR(aurora_data!D43,0) -> 0 | F51: =IFERROR(aurora_data!E43,0) -> 0 | G51: =IFERROR(aurora_data!F43,0) -> 0 | H51: =IFERROR(aurora_data!G43,0) -> 0 | I51: =IFERROR(aurora_data!H43,0) -> 0 | J51: =IFERROR(aurora_data!I43,0) -> 0 | K51: =IFERROR(aurora_data!J43,0) -> 0 | L51: =IFERROR(aurora_data!K43,0) -> 0 | ... U51: =IFERROR(aurora_data!T43,0) -> 0 | W51: =IFERROR(aurora_data!U43,0) -> 0 | X51: =IFERROR(W51/$W$12,0) -> 0
B52: Open | C52: =aurora_data!A44 -> 11.00.00-11.11.30 | D52: Target | E52: =IFERROR(aurora_data!D44,0) -> 0 | F52: =IFERROR(aurora_data!E44,0) -> 0 | G52: =IFERROR(aurora_data!F44,0) -> 0 | H52: =IFERROR(aurora_data!G44,0) -> 0 | I52: =IFERROR(aurora_data!H44,0) -> 0 | J52: =IFERROR(aurora_data!I44,0) -> 0 | K52: =IFERROR(aurora_data!J44,0) -> 0 | L52: =IFERROR(aurora_data!K44,0) -> 0 | ... U52: =IFERROR(aurora_data!T44,0) -> 0 | W52: =IFERROR(aurora_data!U44,0) -> 4 | X52: =IFERROR(W52/$W$12,0) -> 1
D53: Usable | E53: =IFERROR(aurora_data!D45,0) -> 0 | F53: =IFERROR(aurora_data!E45,0) -> 0 | G53: =IFERROR(aurora_data!F45,0) -> 1 | H53: =IFERROR(aurora_data!G45,0) -> 1 | I53: =IFERROR(aurora_data!H45,0) -> 0 | J53: =IFERROR(aurora_data!I45,0) -> 0 | K53: =IFERROR(aurora_data!J45,0) -> 1 | L53: =IFERROR(aurora_data!K45,0) -> 1 | ... U53: =IFERROR(aurora_data!T45,0) -> 0 | W53: =IFERROR(aurora_data!U45,0) -> 2 | X53: =IFERROR(W53/$W$12,0) -> 0.5
D54: Stratified Out Usable N | E54: =IFERROR(aurora_data!D46,0) -> 0 | F54: =IFERROR(aurora_data!E46,0) -> 0 | G54: =IFERROR(aurora_data!F46,0) -> 0 | H54: =IFERROR(aurora_data!G46,0) -> 0 | I54: =IFERROR(aurora_data!H46,0) -> 0 | J54: =IFERROR(aurora_data!I46,0) -> 0 | K54: =IFERROR(aurora_data!J46,0) -> 0 | L54: =IFERROR(aurora_data!K46,0) -> 0 | ... U54: =IFERROR(aurora_data!T46,0) -> 0 | W54: =IFERROR(aurora_data!U46,0) -> 0 | X54: =IFERROR(W54/$W$12,0) -> 0
D55: In Process | E55: =IFERROR(aurora_data!D47,0) -> 0 | F55: =IFERROR(aurora_data!E47,0) -> 0 | G55: =IFERROR(aurora_data!F47,0) -> 0 | H55: =IFERROR(aurora_data!G47,0) -> 0 | I55: =IFERROR(aurora_data!H47,0) -> 0 | J55: =IFERROR(aurora_data!I47,0) -> 0 | K55: =IFERROR(aurora_data!J47,0) -> 0 | L55: =IFERROR(aurora_data!K47,0) -> 0 | ... U55: =IFERROR(aurora_data!T47,0) -> 0 | W55: =IFERROR(aurora_data!U47,0) -> 0 | X55: =IFERROR(W55/$W$12,0) -> 0
D56: Assigned Not Received | E56: =IFERROR(aurora_data!D48,0) -> 0 | F56: =IFERROR(aurora_data!E48,0) -> 0 | G56: =IFERROR(aurora_data!F48,0) -> 0 | H56: =IFERROR(aurora_data!G48,0) -> 0 | I56: =IFERROR(aurora_data!H48,0) -> 0 | J56: =IFERROR(aurora_data!I48,0) -> 0 | K56: =IFERROR(aurora_data!J48,0) -> 0 | L56: =IFERROR(aurora_data!K48,0) -> 0 | ... U56: =IFERROR(aurora_data!T48,0) -> 0 | W56: =IFERROR(aurora_data!U48,0) -> 0 | X56: =IFERROR(W56/$W$12,0) -> 0
D57: Reserved Not Received | E57: =IFERROR(aurora_data!D49,0) -> 0 | F57: =IFERROR(aurora_data!E49,0) -> 0 | G57: =IFERROR(aurora_data!F49,0) -> 0 | H57: =IFERROR(aurora_data!G49,0) -> 0 | I57: =IFERROR(aurora_data!H49,0) -> 0 | J57: =IFERROR(aurora_data!I49,0) -> 0 | K57: =IFERROR(aurora_data!J49,0) -> 0 | L57: =IFERROR(aurora_data!K49,0) -> 0 | ... U57: =IFERROR(aurora_data!T49,0) -> 0 | W57: =IFERROR(aurora_data!U49,0) -> 0 | X57: =IFERROR(W57/$W$12,0) -> 0
D58: Total Assignments | E58: =IFERROR(aurora_data!D50,0) -> 0 | F58: =IFERROR(aurora_data!E50,0) -> 0 | G58: =IFERROR(aurora_data!F50,0) -> 1 | H58: =IFERROR(aurora_data!G50,0) -> 1 | I58: =IFERROR(aurora_data!H50,0) -> 0 | J58: =IFERROR(aurora_data!I50,0) -> 0 | K58: =IFERROR(aurora_data!J50,0) -> 1 | L58: =IFERROR(aurora_data!K50,0) -> 1 | ... U58: =IFERROR(aurora_data!T50,0) -> 0 | W58: =IFERROR(aurora_data!U50,0) -> 2 | X58: =IFERROR(W58/$W$12,0) -> 0.5
D59: Selected | E59: =IFERROR(aurora_data!D51,0) -> 0 | F59: =IFERROR(aurora_data!E51,0) -> 0 | G59: =IFERROR(aurora_data!F51,0) -> 0 | H59: =IFERROR(aurora_data!G51,0) -> 0 | I59: =IFERROR(aurora_data!H51,0) -> 0 | J59: =IFERROR(aurora_data!I51,0) -> 0 | K59: =IFERROR(aurora_data!J51,0) -> 0 | L59: =IFERROR(aurora_data!K51,0) -> 0 | ... U59: =IFERROR(aurora_data!T51,0) -> 0 | W59: =IFERROR(aurora_data!U51,0) -> 0 | X59: =IFERROR(W59/$W$12,0) -> 0
B60: Open | C60: =aurora_data!A52 -> 12.00.00-12.11.30 | D60: Target | E60: =IFERROR(aurora_data!D52,0) -> 0 | F60: =IFERROR(aurora_data!E52,0) -> 0 | G60: =IFERROR(aurora_data!F52,0) -> 0 | H60: =IFERROR(aurora_data!G52,0) -> 0 | I60: =IFERROR(aurora_data!H52,0) -> 0 | J60: =IFERROR(aurora_data!I52,0) -> 0 | K60: =IFERROR(aurora_data!J52,0) -> 0 | L60: =IFERROR(aurora_data!K52,0) -> 0 | ... U60: =IFERROR(aurora_data!T52,0) -> 0 | W60: =IFERROR(aurora_data!U52,0) -> 4 | X60: =IFERROR(W60/$W$12,0) -> 1
D61: Usable | E61: =IFERROR(aurora_data!D53,0) -> 0 | F61: =IFERROR(aurora_data!E53,0) -> 0 | G61: =IFERROR(aurora_data!F53,0) -> 0 | H61: =IFERROR(aurora_data!G53,0) -> 0 | I61: =IFERROR(aurora_data!H53,0) -> 0 | J61: =IFERROR(aurora_data!I53,0) -> 0 | K61: =IFERROR(aurora_data!J53,0) -> 0 | L61: =IFERROR(aurora_data!K53,0) -> 0 | ... U61: =IFERROR(aurora_data!T53,0) -> 0 | W61: =IFERROR(aurora_data!U53,0) -> 0 | X61: =IFERROR(W61/$W$12,0) -> 0
D62: Stratified Out Usable N | E62: =IFERROR(aurora_data!D54,0) -> 0 | F62: =IFERROR(aurora_data!E54,0) -> 0 | G62: =IFERROR(aurora_data!F54,0) -> 0 | H62: =IFERROR(aurora_data!G54,0) -> 0 | I62: =IFERROR(aurora_data!H54,0) -> 0 | J62: =IFERROR(aurora_data!I54,0) -> 0 | K62: =IFERROR(aurora_data!J54,0) -> 0 | L62: =IFERROR(aurora_data!K54,0) -> 0 | ... U62: =IFERROR(aurora_data!T54,0) -> 0 | W62: =IFERROR(aurora_data!U54,0) -> 0 | X62: =IFERROR(W62/$W$12,0) -> 0
D63: In Process | E63: =IFERROR(aurora_data!D55,0) -> 0 | F63: =IFERROR(aurora_data!E55,0) -> 0 | G63: =IFERROR(aurora_data!F55,0) -> 0 | H63: =IFERROR(aurora_data!G55,0) -> 0 | I63: =IFERROR(aurora_data!H55,0) -> 0 | J63: =IFERROR(aurora_data!I55,0) -> 0 | K63: =IFERROR(aurora_data!J55,0) -> 0 | L63: =IFERROR(aurora_data!K55,0) -> 0 | ... U63: =IFERROR(aurora_data!T55,0) -> 0 | W63: =IFERROR(aurora_data!U55,0) -> 0 | X63: =IFERROR(W63/$W$12,0) -> 0
D64: Assigned Not Received | E64: =IFERROR(aurora_data!D56,0) -> 0 | F64: =IFERROR(aurora_data!E56,0) -> 0 | G64: =IFERROR(aurora_data!F56,0) -> 0 | H64: =IFERROR(aurora_data!G56,0) -> 0 | I64: =IFERROR(aurora_data!H56,0) -> 0 | J64: =IFERROR(aurora_data!I56,0) -> 0 | K64: =IFERROR(aurora_data!J56,0) -> 0 | L64: =IFERROR(aurora_data!K56,0) -> 0 | ... U64: =IFERROR(aurora_data!T56,0) -> 0 | W64: =IFERROR(aurora_data!U56,0) -> 0 | X64: =IFERROR(W64/$W$12,0) -> 0
D65: Reserved Not Received | E65: =IFERROR(aurora_data!D57,0) -> 0 | F65: =IFERROR(aurora_data!E57,0) -> 0 | G65: =IFERROR(aurora_data!F57,0) -> 0 | H65: =IFERROR(aurora_data!G57,0) -> 0 | I65: =IFERROR(aurora_data!H57,0) -> 0 | J65: =IFERROR(aurora_data!I57,0) -> 0 | K65: =IFERROR(aurora_data!J57,0) -> 0 | L65: =IFERROR(aurora_data!K57,0) -> 0 | ... U65: =IFERROR(aurora_data!T57,0) -> 0 | W65: =IFERROR(aurora_data!U57,0) -> 0 | X65: =IFERROR(W65/$W$12,0) -> 0
D66: Total Assignments | E66: =IFERROR(aurora_data!D58,0) -> 0 | F66: =IFERROR(aurora_data!E58,0) -> 0 | G66: =IFERROR(aurora_data!F58,0) -> 0 | H66: =IFERROR(aurora_data!G58,0) -> 0 | I66: =IFERROR(aurora_data!H58,0) -> 0 | J66: =IFERROR(aurora_data!I58,0) -> 0 | K66: =IFERROR(aurora_data!J58,0) -> 0 | L66: =IFERROR(aurora_data!K58,0) -> 0 | ... U66: =IFERROR(aurora_data!T58,0) -> 0 | W66: =IFERROR(aurora_data!U58,0) -> 0 | X66: =IFERROR(W66/$W$12,0) -> 0
D67: Selected | E67: =IFERROR(aurora_data!D59,0) -> 0 | F67: =IFERROR(aurora_data!E59,0) -> 0 | G67: =IFERROR(aurora_data!F59,0) -> 0 | H67: =IFERROR(aurora_data!G59,0) -> 0 | I67: =IFERROR(aurora_data!H59,0) -> 0 | J67: =IFERROR(aurora_data!I59,0) -> 0 | K67: =IFERROR(aurora_data!J59,0) -> 0 | L67: =IFERROR(aurora_data!K59,0) -> 0 | ... U67: =IFERROR(aurora_data!T59,0) -> 0 | W67: =IFERROR(aurora_data!U59,0) -> 0 | X67: =IFERROR(W67/$W$12,0) -> 0
B68: Open | C68: =aurora_data!A60 -> 13.00.00-13.11.30 | D68: Target | E68: =IFERROR(aurora_data!D60,0) -> 0 | F68: =IFERROR(aurora_data!E60,0) -> 0 | G68: =IFERROR(aurora_data!F60,0) -> 0 | H68: =IFERROR(aurora_data!G60,0) -> 0 | I68: =IFERROR(aurora_data!H60,0) -> 0 | J68: =IFERROR(aurora_data!I60,0) -> 0 | K68: =IFERROR(aurora_data!J60,0) -> 0 | L68: =IFERROR(aurora_data!K60,0) -> 0 | ... U68: =IFERROR(aurora_data!T60,0) -> 0 | W68: =IFERROR(aurora_data!U60,0) -> 4 | X68: =IFERROR(W68/$W$12,0) -> 1
D69: Usable | E69: =IFERROR(aurora_data!D61,0) -> 0 | F69: =IFERROR(aurora_data!E61,0) -> 0 | G69: =IFERROR(aurora_data!F61,0) -> 0 | H69: =IFERROR(aurora_data!G61,0) -> 0 | I69: =IFERROR(aurora_data!H61,0) -> 0 | J69: =IFERROR(aurora_data!I61,0) -> 0 | K69: =IFERROR(aurora_data!J61,0) -> 0 | L69: =IFERROR(aurora_data!K61,0) -> 0 | ... U69: =IFERROR(aurora_data!T61,0) -> 0 | W69: =IFERROR(aurora_data!U61,0) -> 0 | X69: =IFERROR(W69/$W$12,0) -> 0
D70: Stratified Out Usable N | E70: =IFERROR(aurora_data!D62,0) -> 0 | F70: =IFERROR(aurora_data!E62,0) -> 0 | G70: =IFERROR(aurora_data!F62,0) -> 0 | H70: =IFERROR(aurora_data!G62,0) -> 0 | I70: =IFERROR(aurora_data!H62,0) -> 0 | J70: =IFERROR(aurora_data!I62,0) -> 0 | K70: =IFERROR(aurora_data!J62,0) -> 0 | L70: =IFERROR(aurora_data!K62,0) -> 0 | ... U70: =IFERROR(aurora_data!T62,0) -> 0 | W70: =IFERROR(aurora_data!U62,0) -> 0 | X70: =IFERROR(W70/$W$12,0) -> 0
D71: In Process | E71: =IFERROR(aurora_data!D63,0) -> 0 | F71: =IFERROR(aurora_data!E63,0) -> 0 | G71: =IFERROR(aurora_data!F63,0) -> 0 | H71: =IFERROR(aurora_data!G63,0) -> 0 | I71: =IFERROR(aurora_data!H63,0) -> 0 | J71: =IFERROR(aurora_data!I63,0) -> 0 | K71: =IFERROR(aurora_data!J63,0) -> 0 | L71: =IFERROR(aurora_data!K63,0) -> 0 | ... U71: =IFERROR(aurora_data!T63,0) -> 0 | W71: =IFERROR(aurora_data!U63,0) -> 0 | X71: =IFERROR(W71/$W$12,0) -> 0
D72: Assigned Not Received | E72: =IFERROR(aurora_data!D64,0) -> 0 | F72: =IFERROR(aurora_data!E64,0) -> 0 | G72: =IFERROR(aurora_data!F64,0) -> 1 | H72: =IFERROR(aurora_data!G64,0) -> 0 | I72: =IFERROR(aurora_data!H64,0) -> 0 | J72: =IFERROR(aurora_data!I64,0) -> 0 | K72: =IFERROR(aurora_data!J64,0) -> 0 | L72: =IFERROR(aurora_data!K64,0) -> 1 | ... U72: =IFERROR(aurora_data!T64,0) -> 0 | W72: =IFERROR(aurora_data!U64,0) -> 1 | X72: =IFERROR(W72/$W$12,0) -> 0.25
D73: Reserved Not Received | E73: =IFERROR(aurora_data!D65,0) -> 0 | F73: =IFERROR(aurora_data!E65,0) -> 0 | G73: =IFERROR(aurora_data!F65,0) -> 0 | H73: =IFERROR(aurora_data!G65,0) -> 0 | I73: =IFERROR(aurora_data!H65,0) -> 0 | J73: =IFERROR(aurora_data!I65,0) -> 0 | K73: =IFERROR(aurora_data!J65,0) -> 0 | L73: =IFERROR(aurora_data!K65,0) -> 0 | ... U73: =IFERROR(aurora_data!T65,0) -> 0 | W73: =IFERROR(aurora_data!U65,0) -> 0 | X73: =IFERROR(W73/$W$12,0) -> 0
D74: Total Assignments | E74: =IFERROR(aurora_data!D66,0) -> 0 | F74: =IFERROR(aurora_data!E66,0) -> 0 | G74: =IFERROR(aurora_data!F66,0) -> 1 | H74: =IFERROR(aurora_data!G66,0) -> 0 | I74: =IFERROR(aurora_data!H66,0) -> 0 | J74: =IFERROR(aurora_data!I66,0) -> 0 | K74: =IFERROR(aurora_data!J66,0) -> 0 | L74: =IFERROR(aurora_data!K66,0) -> 1 | ... U74: =IFERROR(aurora_data!T66,0) -> 0 | W74: =IFERROR(aurora_data!U66,0) -> 1 | X74: =IFERROR(W74/$W$12,0) -> 0.25
D75: Selected | E75: =IFERROR(aurora_data!D67,0) -> 0 | F75: =IFERROR(aurora_data!E67,0) -> 0 | G75: =IFERROR(aurora_data!F67,0) -> 0 | H75: =IFERROR(aurora_data!G67,0) -> 0 | I75: =IFERROR(aurora_data!H67,0) -> 0 | J75: =IFERROR(aurora_data!I67,0) -> 0 | K75: =IFERROR(aurora_data!J67,0) -> 0 | L75: =IFERROR(aurora_data!K67,0) -> 0 | ... U75: =IFERROR(aurora_data!T67,0) -> 0 | W75: =IFERROR(aurora_data!U67,0) -> 0 | X75: =IFERROR(W75/$W$12,0) -> 0
B76: Open | C76: =aurora_data!A68 -> 14.00.00-14.11.30 | D76: Target | E76: =IFERROR(aurora_data!D68,0) -> 0 | F76: =IFERROR(aurora_data!E68,0) -> 0 | G76: =IFERROR(aurora_data!F68,0) -> 0 | H76: =IFERROR(aurora_data!G68,0) -> 0 | I76: =IFERROR(aurora_data!H68,0) -> 0 | J76: =IFERROR(aurora_data!I68,0) -> 0 | K76: =IFERROR(aurora_data!J68,0) -> 0 | L76: =IFERROR(aurora_data!K68,0) -> 0 | ... U76: =IFERROR(aurora_data!T68,0) -> 0 | W76: =IFERROR(aurora_data!U68,0) -> 4 | X76: =IFERROR(W76/$W$12,0) -> 1
D77: Usable | E77: =IFERROR(aurora_data!D69,0) -> 0 | F77: =IFERROR(aurora_data!E69,0) -> 0 | G77: =IFERROR(aurora_data!F69,0) -> 0 | H77: =IFERROR(aurora_data!G69,0) -> 1 | I77: =IFERROR(aurora_data!H69,0) -> 0 | J77: =IFERROR(aurora_data!I69,0) -> 0 | K77: =IFERROR(aurora_data!J69,0) -> 0 | L77: =IFERROR(aurora_data!K69,0) -> 0 | ... U77: =IFERROR(aurora_data!T69,0) -> 0 | W77: =IFERROR(aurora_data!U69,0) -> 1 | X77: =IFERROR(W77/$W$12,0) -> 0.25
D78: Stratified Out Usable N | E78: =IFERROR(aurora_data!D70,0) -> 0 | F78: =IFERROR(aurora_data!E70,0) -> 0 | G78: =IFERROR(aurora_data!F70,0) -> 0 | H78: =IFERROR(aurora_data!G70,0) -> 0 | I78: =IFERROR(aurora_data!H70,0) -> 0 | J78: =IFERROR(aurora_data!I70,0) -> 0 | K78: =IFERROR(aurora_data!J70,0) -> 0 | L78: =IFERROR(aurora_data!K70,0) -> 0 | ... U78: =IFERROR(aurora_data!T70,0) -> 0 | W78: =IFERROR(aurora_data!U70,0) -> 0 | X78: =IFERROR(W78/$W$12,0) -> 0
D79: In Process | E79: =IFERROR(aurora_data!D71,0) -> 0 | F79: =IFERROR(aurora_data!E71,0) -> 0 | G79: =IFERROR(aurora_data!F71,0) -> 0 | H79: =IFERROR(aurora_data!G71,0) -> 0 | I79: =IFERROR(aurora_data!H71,0) -> 0 | J79: =IFERROR(aurora_data!I71,0) -> 0 | K79: =IFERROR(aurora_data!J71,0) -> 0 | L79: =IFERROR(aurora_data!K71,0) -> 0 | ... U79: =IFERROR(aurora_data!T71,0) -> 0 | W79: =IFERROR(aurora_data!U71,0) -> 0 | X79: =IFERROR(W79/$W$12,0) -> 0
D80: Assigned Not Received | E80: =IFERROR(aurora_data!D72,0) -> 0 | F80: =IFERROR(aurora_data!E72,0) -> 0 | G80: =IFERROR(aurora_data!F72,0) -> 0 | H80: =IFERROR(aurora_data!G72,0) -> 0 | I80: =IFERROR(aurora_data!H72,0) -> 0 | J80: =IFERROR(aurora_data!I72,0) -> 0 | K80: =IFERROR(aurora_data!J72,0) -> 0 | L80: =IFERROR(aurora_data!K72,0) -> 0 | ... U80: =IFERROR(aurora_data!T72,0) -> 0 | W80: =IFERROR(aurora_data!U72,0) -> 0 | X80: =IFERROR(W80/$W$12,0) -> 0
D81: Reserved Not Received | E81: =IFERROR(aurora_data!D73,0) -> 0 | F81: =IFERROR(aurora_data!E73,0) -> 0 | G81: =IFERROR(aurora_data!F73,0) -> 0 | H81: =IFERROR(aurora_data!G73,0) -> 0 | I81: =IFERROR(aurora_data!H73,0) -> 0 | J81: =IFERROR(aurora_data!I73,0) -> 0 | K81: =IFERROR(aurora_data!J73,0) -> 0 | L81: =IFERROR(aurora_data!K73,0) -> 0 | ... U81: =IFERROR(aurora_data!T73,0) -> 0 | W81: =IFERROR(aurora_data!U73,0) -> 0 | X81: =IFERROR(W81/$W$12,0) -> 0
D82: Total Assignments | E82: =IFERROR(aurora_data!D74,0) -> 0 | F82: =IFERROR(aurora_data!E74,0) -> 0 | G82: =IFERROR(aurora_data!F74,0) -> 0 | H82: =IFERROR(aurora_data!G74,0) -> 1 | I82: =IFERROR(aurora_data!H74,0) -> 0 | J82: =IFERROR(aurora_data!I74,0) -> 0 | K82: =IFERROR(aurora_data!J74,0) -> 0 | L82: =IFERROR(aurora_data!K74,0) -> 0 | ... U82: =IFERROR(aurora_data!T74,0) -> 0 | W82: =IFERROR(aurora_data!U74,0) -> 1 | X82: =IFERROR(W82/$W$12,0) -> 0.25
D83: Selected | E83: =IFERROR(aurora_data!D75,0) -> 0 | F83: =IFERROR(aurora_data!E75,0) -> 0 | G83: =IFERROR(aurora_data!F75,0) -> 0 | H83: =IFERROR(aurora_data!G75,0) -> 0 | I83: =IFERROR(aurora_data!H75,0) -> 0 | J83: =IFERROR(aurora_data!I75,0) -> 0 | K83: =IFERROR(aurora_data!J75,0) -> 0 | L83: =IFERROR(aurora_data!K75,0) -> 0 | ... U83: =IFERROR(aurora_data!T75,0) -> 0 | W83: =IFERROR(aurora_data!U75,0) -> 0 | X83: =IFERROR(W83/$W$12,0) -> 0
B84: Open | C84: =aurora_data!A76 -> 15.00.00-15.11.30 | D84: Target | E84: =IFERROR(aurora_data!D76,0) -> 0 | F84: =IFERROR(aurora_data!E76,0) -> 0 | G84: =IFERROR(aurora_data!F76,0) -> 0 | H84: =IFERROR(aurora_data!G76,0) -> 0 | I84: =IFERROR(aurora_data!H76,0) -> 0 | J84: =IFERROR(aurora_data!I76,0) -> 0 | K84: =IFERROR(aurora_data!J76,0) -> 0 | L84: =IFERROR(aurora_data!K76,0) -> 0 | ... U84: =IFERROR(aurora_data!T76,0) -> 0 | W84: =IFERROR(aurora_data!U76,0) -> 4 | X84: =IFERROR(W84/$W$12,0) -> 1
D85: Usable | E85: =IFERROR(aurora_data!D77,0) -> 0 | F85: =IFERROR(aurora_data!E77,0) -> 1 | G85: =IFERROR(aurora_data!F77,0) -> 0 | H85: =IFERROR(aurora_data!G77,0) -> 2 | I85: =IFERROR(aurora_data!H77,0) -> 0 | J85: =IFERROR(aurora_data!I77,0) -> 1 | K85: =IFERROR(aurora_data!J77,0) -> 1 | L85: =IFERROR(aurora_data!K77,0) -> 1 | ... U85: =IFERROR(aurora_data!T77,0) -> 0 | W85: =IFERROR(aurora_data!U77,0) -> 3 | X85: =IFERROR(W85/$W$12,0) -> 0.75
D86: Stratified Out Usable N | E86: =IFERROR(aurora_data!D78,0) -> 0 | F86: =IFERROR(aurora_data!E78,0) -> 0 | G86: =IFERROR(aurora_data!F78,0) -> 0 | H86: =IFERROR(aurora_data!G78,0) -> 0 | I86: =IFERROR(aurora_data!H78,0) -> 0 | J86: =IFERROR(aurora_data!I78,0) -> 0 | K86: =IFERROR(aurora_data!J78,0) -> 0 | L86: =IFERROR(aurora_data!K78,0) -> 0 | ... U86: =IFERROR(aurora_data!T78,0) -> 0 | W86: =IFERROR(aurora_data!U78,0) -> 0 | X86: =IFERROR(W86/$W$12,0) -> 0
D87: In Process | E87: =IFERROR(aurora_data!D79,0) -> 0 | F87: =IFERROR(aurora_data!E79,0) -> 0 | G87: =IFERROR(aurora_data!F79,0) -> 0 | H87: =IFERROR(aurora_data!G79,0) -> 1 | I87: =IFERROR(aurora_data!H79,0) -> 0 | J87: =IFERROR(aurora_data!I79,0) -> 0 | K87: =IFERROR(aurora_data!J79,0) -> 0 | L87: =IFERROR(aurora_data!K79,0) -> 1 | ... U87: =IFERROR(aurora_data!T79,0) -> 0 | W87: =IFERROR(aurora_data!U79,0) -> 1 | X87: =IFERROR(W87/$W$12,0) -> 0.25
D88: Assigned Not Received | E88: =IFERROR(aurora_data!D80,0) -> 0 | F88: =IFERROR(aurora_data!E80,0) -> 0 | G88: =IFERROR(aurora_data!F80,0) -> 0 | H88: =IFERROR(aurora_data!G80,0) -> 0 | I88: =IFERROR(aurora_data!H80,0) -> 0 | J88: =IFERROR(aurora_data!I80,0) -> 0 | K88: =IFERROR(aurora_data!J80,0) -> 0 | L88: =IFERROR(aurora_data!K80,0) -> 0 | ... U88: =IFERROR(aurora_data!T80,0) -> 0 | W88: =IFERROR(aurora_data!U80,0) -> 0 | X88: =IFERROR(W88/$W$12,0) -> 0
D89: Reserved Not Received | E89: =IFERROR(aurora_data!D81,0) -> 0 | F89: =IFERROR(aurora_data!E81,0) -> 0 | G89: =IFERROR(aurora_data!F81,0) -> 0 | H89: =IFERROR(aurora_data!G81,0) -> 0 | I89: =IFERROR(aurora_data!H81,0) -> 0 | J89: =IFERROR(aurora_data!I81,0) -> 0 | K89: =IFERROR(aurora_data!J81,0) -> 0 | L89: =IFERROR(aurora_data!K81,0) -> 0 | ... U89: =IFERROR(aurora_data!T81,0) -> 0 | W89: =IFERROR(aurora_data!U81,0) -> 0 | X89: =IFERROR(W89/$W$12,0) -> 0
D90: Total Assignments | E90: =IFERROR(aurora_data!D82,0) -> 0 | F90: =IFERROR(aurora_data!E82,0) -> 1 | G90: =IFERROR(aurora_data!F82,0) -> 0 | H90: =IFERROR(aurora_data!G82,0) -> 3 | I90: =IFERROR(aurora_data!H82,0) -> 0 | J90: =IFERROR(aurora_data!I82,0) -> 1 | K90: =IFERROR(aurora_data!J82,0) -> 1 | L90: =IFERROR(aurora_data!K82,0) -> 2 | ... U90: =IFERROR(aurora_data!T82,0) -> 0 | W90: =IFERROR(aurora_data!U82,0) -> 4 | X90: =IFERROR(W90/$W$12,0) -> 1
D91: Selected | E91: =IFERROR(aurora_data!D83,0) -> 0 | F91: =IFERROR(aurora_data!E83,0) -> 0 | G91: =IFERROR(aurora_data!F83,0) -> 0 | H91: =IFERROR(aurora_data!G83,0) -> 0 | I91: =IFERROR(aurora_data!H83,0) -> 0 | J91: =IFERROR(aurora_data!I83,0) -> 0 | K91: =IFERROR(aurora_data!J83,0) -> 0 | L91: =IFERROR(aurora_data!K83,0) -> 0 | ... U91: =IFERROR(aurora_data!T83,0) -> 0 | W91: =IFERROR(aurora_data!U83,0) -> 0 | X91: =IFERROR(W91/$W$12,0) -> 0
B92: Open | C92: =aurora_data!A84 -> 16.00.00-16.11.30 | D92: Target | E92: =IFERROR(aurora_data!D84,0) -> 0 | F92: =IFERROR(aurora_data!E84,0) -> 0 | G92: =IFERROR(aurora_data!F84,0) -> 0 | H92: =IFERROR(aurora_data!G84,0) -> 0 | I92: =IFERROR(aurora_data!H84,0) -> 0 | J92: =IFERROR(aurora_data!I84,0) -> 0 | K92: =IFERROR(aurora_data!J84,0) -> 0 | L92: =IFERROR(aurora_data!K84,0) -> 0 | ... U92: =IFERROR(aurora_data!T84,0) -> 0 | W92: =IFERROR(aurora_data!U84,0) -> 4 | X92: =IFERROR(W92/$W$12,0) -> 1
D93: Usable | E93: =IFERROR(aurora_data!D85,0) -> 0 | F93: =IFERROR(aurora_data!E85,0) -> 0 | G93: =IFERROR(aurora_data!F85,0) -> 0 | H93: =IFERROR(aurora_data!G85,0) -> 1 | I93: =IFERROR(aurora_data!H85,0) -> 0 | J93: =IFERROR(aurora_data!I85,0) -> 0 | K93: =IFERROR(aurora_data!J85,0) -> 0 | L93: =IFERROR(aurora_data!K85,0) -> 0 | ... U93: =IFERROR(aurora_data!T85,0) -> 0 | W93: =IFERROR(aurora_data!U85,0) -> 1 | X93: =IFERROR(W93/$W$12,0) -> 0.25
D94: Stratified Out Usable N | E94: =IFERROR(aurora_data!D86,0) -> 0 | F94: =IFERROR(aurora_data!E86,0) -> 0 | G94: =IFERROR(aurora_data!F86,0) -> 0 | H94: =IFERROR(aurora_data!G86,0) -> 0 | I94: =IFERROR(aurora_data!H86,0) -> 0 | J94: =IFERROR(aurora_data!I86,0) -> 0 | K94: =IFERROR(aurora_data!J86,0) -> 0 | L94: =IFERROR(aurora_data!K86,0) -> 0 | ... U94: =IFERROR(aurora_data!T86,0) -> 0 | W94: =IFERROR(aurora_data!U86,0) -> 0 | X94: =IFERROR(W94/$W$12,0) -> 0
D95: In Process | E95: =IFERROR(aurora_data!D87,0) -> 0 | F95: =IFERROR(aurora_data!E87,0) -> 0 | G95: =IFERROR(aurora_data!F87,0) -> 0 | H95: =IFERROR(aurora_data!G87,0) -> 0 | I95: =IFERROR(aurora_data!H87,0) -> 0 | J95: =IFERROR(aurora_data!I87,0) -> 0 | K95: =IFERROR(aurora_data!J87,0) -> 0 | L95: =IFERROR(aurora_data!K87,0) -> 0 | ... U95: =IFERROR(aurora_data!T87,0) -> 0 | W95: =IFERROR(aurora_data!U87,0) -> 0 | X95: =IFERROR(W95/$W$12,0) -> 0
D96: Assigned Not Received | E96: =IFERROR(aurora_data!D88,0) -> 0 | F96: =IFERROR(aurora_data!E88,0) -> 0 | G96: =IFERROR(aurora_data!F88,0) -> 0 | H96: =IFERROR(aurora_data!G88,0) -> 0 | I96: =IFERROR(aurora_data!H88,0) -> 0 | J96: =IFERROR(aurora_data!I88,0) -> 0 | K96: =IFERROR(aurora_data!J88,0) -> 0 | L96: =IFERROR(aurora_data!K88,0) -> 0 | ... U96: =IFERROR(aurora_data!T88,0) -> 0 | W96: =IFERROR(aurora_data!U88,0) -> 0 | X96: =IFERROR(W96/$W$12,0) -> 0
D97: Reserved Not Received | E97: =IFERROR(aurora_data!D89,0) -> 0 | F97: =IFERROR(aurora_data!E89,0) -> 0 | G97: =IFERROR(aurora_data!F89,0) -> 0 | H97: =IFERROR(aurora_data!G89,0) -> 0 | I97: =IFERROR(aurora_data!H89,0) -> 0 | J97: =IFERROR(aurora_data!I89,0) -> 0 | K97: =IFERROR(aurora_data!J89,0) -> 0 | L97: =IFERROR(aurora_data!K89,0) -> 0 | ... U97: =IFERROR(aurora_data!T89,0) -> 0 | W97: =IFERROR(aurora_data!U89,0) -> 0 | X97: =IFERROR(W97/$W$12,0) -> 0
D98: Total Assignments | E98: =IFERROR(aurora_data!D90,0) -> 0 | F98: =IFERROR(aurora_data!E90,0) -> 0 | G98: =IFERROR(aurora_data!F90,0) -> 0 | H98: =IFERROR(aurora_data!G90,0) -> 1 | I98: =IFERROR(aurora_data!H90,0) -> 0 | J98: =IFERROR(aurora_data!I90,0) -> 0 | K98: =IFERROR(aurora_data!J90,0) -> 0 | L98: =IFERROR(aurora_data!K90,0) -> 0 | ... U98: =IFERROR(aurora_data!T90,0) -> 0 | W98: =IFERROR(aurora_data!U90,0) -> 1 | X98: =IFERROR(W98/$W$12,0) -> 0.25
D99: Selected | E99: =IFERROR(aurora_data!D91,0) -> 0 | F99: =IFERROR(aurora_data!E91,0) -> 0 | G99: =IFERROR(aurora_data!F91,0) -> 0 | H99: =IFERROR(aurora_data!G91,0) -> 0 | I99: =IFERROR(aurora_data!H91,0) -> 0 | J99: =IFERROR(aurora_data!I91,0) -> 0 | K99: =IFERROR(aurora_data!J91,0) -> 0 | L99: =IFERROR(aurora_data!K91,0) -> 0 | ... U99: =IFERROR(aurora_data!T91,0) -> 0 | W99: =IFERROR(aurora_data!U91,0) -> 0 | X99: =IFERROR(W99/$W$12,0) -> 0
B100: Open | C100: Total | D100: Target | E100: =IFERROR(aurora_data!D92,0) -> 0 | F100: =IFERROR(aurora_data!E92,0) -> 0 | G100: =IFERROR(aurora_data!F92,0) -> 0 | H100: =IFERROR(aurora_data!G92,0) -> 0 | I100: =IFERROR(aurora_data!H92,0) -> 0 | J100: =IFERROR(aurora_data!I92,0) -> 0 | K100: =IFERROR(aurora_data!J92,0) -> 0 | L100: =IFERROR(aurora_data!K92,0) -> 0 | ... U100: =IFERROR(aurora_data!T92,0) -> 0 | W100: =IFERROR(aurora_data!U92,0) -> 44 | X100: =IFERROR(W100/$W$100,0) -> 1
D101: Usable | E101: =IFERROR(aurora_data!D93,0) -> 1 | F101: =IFERROR(aurora_data!E93,0) -> 3 | G101: =IFERROR(aurora_data!F93,0) -> 3 | H101: =IFERROR(aurora_data!G93,0) -> 9 | I101: =IFERROR(aurora_data!H93,0) -> 1 | J101: =IFERROR(aurora_data!I93,0) -> 2 | K101: =IFERROR(aurora_data!J93,0) -> 3 | L101: =IFERROR(aurora_data!K93,0) -> 7 | ... U101: =IFERROR(aurora_data!T93,0) -> 0 | W101: =IFERROR(aurora_data!U93,0) -> 17 | X101: =IFERROR(W101/$W$100,0) -> 0.38636364
D102: Stratified Out Usable N | E102: =IFERROR(aurora_data!D94,0) -> 0 | F102: =IFERROR(aurora_data!E94,0) -> 0 | G102: =IFERROR(aurora_data!F94,0) -> 0 | H102: =IFERROR(aurora_data!G94,0) -> 0 | I102: =IFERROR(aurora_data!H94,0) -> 0 | J102: =IFERROR(aurora_data!I94,0) -> 0 | K102: =IFERROR(aurora_data!J94,0) -> 0 | L102: =IFERROR(aurora_data!K94,0) -> 0 | ... U102: =IFERROR(aurora_data!T94,0) -> 0 | W102: =IFERROR(aurora_data!U94,0) -> 0 | X102: =IFERROR(W102/$W$100,0) -> 0
...

Sheet OSEP_AUT_D
A1: Total Assigments below Target | D1: Study Information | N1: Additional Information
A2: Usable greater/equal to target | D2: =_xlfn.CONCAT("Study Name: "," OSEP – Autism - Digital") -> Study Name: OSEP – Autism - Digital | K2: Usable = case is available to Psychometrics for this study In Process = questionable, In Process Assigned Not Recd = Tests assigned to examiners, no tests received (required tests) Reserved not Received = Tests in reserved status, not received Total Assignments = sum of Usable, Received Non Final, Assigned Partial Received, Assigned Not Received Selected = default status for making an assignment
D3: =_xlfn.CONCAT("Study Acronym: "," OSEP_AUT_D") -> Study Acronym: OSEP_AUT_D | F3: Study ID: 3829
D5: Additional Requirements
D6: None
B8: =_xlfn.CONCAT("Last Refreshed at: ",aurora_data!V132) -> Last Refreshed at: 09/17/2026 @ 7:20 AM | E8: Demographic Variables | W8: Totals
D9: Variance Tolerance: | E9: some of each, if possible | J9: some of each, if possible | O9: some of each, if possible | S9: some of each, if possible
B10: Status | E10: Education Level | J10: Ethnicity | O10: Region | S10: SEX
C11: ageband | D11: report | E11: 1 | F11: 2 | G11: 3 | H11: 4 | I11: 5 | J11: AS | K11: BL | L11: HI | M11: OTH | N11: WH | O11: MW | P11: NE | Q11: SO | R11: WE | S11: F | T11: M | U11: INT
B12: Open | C12: =aurora_data!A132 -> 06.00.00-06.11.30 | D12: Target | E12: =IFERROR(aurora_data!D132,0) -> 0 | F12: =IFERROR(aurora_data!E132,0) -> 0 | G12: =IFERROR(aurora_data!F132,0) -> 0 | H12: =IFERROR(aurora_data!G132,0) -> 0 | I12: =IFERROR(aurora_data!H132,0) -> 0 | J12: =IFERROR(aurora_data!I132,0) -> 0 | K12: =IFERROR(aurora_data!J132,0) -> 0 | L12: =IFERROR(aurora_data!K132,0) -> 0 | ... U12: =IFERROR(aurora_data!T132,0) -> 0 | W12: =IFERROR(aurora_data!U132,0) -> 1 | X12: =IFERROR(W12/$W$12,0) -> 1
D13: Usable | E13: =IFERROR(aurora_data!D133,0) -> 0 | F13: =IFERROR(aurora_data!E133,0) -> 0 | G13: =IFERROR(aurora_data!F133,0) -> 0 | H13: =IFERROR(aurora_data!G133,0) -> 0 | I13: =IFERROR(aurora_data!H133,0) -> 0 | J13: =IFERROR(aurora_data!I133,0) -> 0 | K13: =IFERROR(aurora_data!J133,0) -> 0 | L13: =IFERROR(aurora_data!K133,0) -> 0 | ... U13: =IFERROR(aurora_data!T133,0) -> 0 | W13: =IFERROR(aurora_data!U133,0) -> 0 | X13: =IFERROR(W13/$W$12,0) -> 0
D14: Stratified Out Usable N | E14: =IFERROR(aurora_data!D134,0) -> 0 | F14: =IFERROR(aurora_data!E134,0) -> 0 | G14: =IFERROR(aurora_data!F134,0) -> 0 | H14: =IFERROR(aurora_data!G134,0) -> 0 | I14: =IFERROR(aurora_data!H134,0) -> 0 | J14: =IFERROR(aurora_data!I134,0) -> 0 | K14: =IFERROR(aurora_data!J134,0) -> 0 | L14: =IFERROR(aurora_data!K134,0) -> 0 | ... U14: =IFERROR(aurora_data!T134,0) -> 0 | W14: =IFERROR(aurora_data!U134,0) -> 0 | X14: =IFERROR(W14/$W$12,0) -> 0
D15: In Process | E15: =IFERROR(aurora_data!D135,0) -> 0 | F15: =IFERROR(aurora_data!E135,0) -> 0 | G15: =IFERROR(aurora_data!F135,0) -> 0 | H15: =IFERROR(aurora_data!G135,0) -> 0 | I15: =IFERROR(aurora_data!H135,0) -> 0 | J15: =IFERROR(aurora_data!I135,0) -> 0 | K15: =IFERROR(aurora_data!J135,0) -> 0 | L15: =IFERROR(aurora_data!K135,0) -> 0 | ... U15: =IFERROR(aurora_data!T135,0) -> 0 | W15: =IFERROR(aurora_data!U135,0) -> 0 | X15: =IFERROR(W15/$W$12,0) -> 0
D16: Assigned Not Received | E16: =IFERROR(aurora_data!D136,0) -> 0 | F16: =IFERROR(aurora_data!E136,0) -> 0 | G16: =IFERROR(aurora_data!F136,0) -> 0 | H16: =IFERROR(aurora_data!G136,0) -> 0 | I16: =IFERROR(aurora_data!H136,0) -> 1 | J16: =IFERROR(aurora_data!I136,0) -> 0 | K16: =IFERROR(aurora_data!J136,0) -> 0 | L16: =IFERROR(aurora_data!K136,0) -> 1 | ... U16: =IFERROR(aurora_data!T136,0) -> 0 | W16: =IFERROR(aurora_data!U136,0) -> 1 | X16: =IFERROR(W16/$W$12,0) -> 1
D17: Reserved Not Received | E17: =IFERROR(aurora_data!D137,0) -> 0 | F17: =IFERROR(aurora_data!E137,0) -> 0 | G17: =IFERROR(aurora_data!F137,0) -> 0 | H17: =IFERROR(aurora_data!G137,0) -> 0 | I17: =IFERROR(aurora_data!H137,0) -> 0 | J17: =IFERROR(aurora_data!I137,0) -> 0 | K17: =IFERROR(aurora_data!J137,0) -> 0 | L17: =IFERROR(aurora_data!K137,0) -> 0 | ... U17: =IFERROR(aurora_data!T137,0) -> 0 | W17: =IFERROR(aurora_data!U137,0) -> 0 | X17: =IFERROR(W17/$W$12,0) -> 0
D18: Total Assignments | E18: =IFERROR(aurora_data!D138,0) -> 0 | F18: =IFERROR(aurora_data!E138,0) -> 0 | G18: =IFERROR(aurora_data!F138,0) -> 0 | H18: =IFERROR(aurora_data!G138,0) -> 0 | I18: =IFERROR(aurora_data!H138,0) -> 1 | J18: =IFERROR(aurora_data!I138,0) -> 0 | K18: =IFERROR(aurora_data!J138,0) -> 0 | L18: =IFERROR(aurora_data!K138,0) -> 1 | ... U18: =IFERROR(aurora_data!T138,0) -> 0 | W18: =IFERROR(aurora_data!U138,0) -> 1 | X18: =IFERROR(W18/$W$12,0) -> 1
D19: Selected | E19: =IFERROR(aurora_data!D139,0) -> 0 | F19: =IFERROR(aurora_data!E139,0) -> 0 | G19: =IFERROR(aurora_data!F139,0) -> 0 | H19: =IFERROR(aurora_data!G139,0) -> 0 | I19: =IFERROR(aurora_data!H139,0) -> 0 | J19: =IFERROR(aurora_data!I139,0) -> 0 | K19: =IFERROR(aurora_data!J139,0) -> 0 | L19: =IFERROR(aurora_data!K139,0) -> 0 | ... U19: =IFERROR(aurora_data!T139,0) -> 0 | W19: =IFERROR(aurora_data!U139,0) -> 0 | X19: =IFERROR(W19/$W$12,0) -> 0
B20: Open | C20: =aurora_data!A140 -> 07.00.00-07.11.30 | D20: Target | E20: =IFERROR(aurora_data!D140,0) -> 0 | F20: =IFERROR(aurora_data!E140,0) -> 0 | G20: =IFERROR(aurora_data!F140,0) -> 0 | H20: =IFERROR(aurora_data!G140,0) -> 0 | I20: =IFERROR(aurora_data!H140,0) -> 0 | J20: =IFERROR(aurora_data!I140,0) -> 0 | K20: =IFERROR(aurora_data!J140,0) -> 0 | L20: =IFERROR(aurora_data!K140,0) -> 0 | ... U20: =IFERROR(aurora_data!T140,0) -> 0 | W20: =IFERROR(aurora_data!U140,0) -> 1 | X20: =IFERROR(W20/$W$12,0) -> 1
D21: Usable | E21: =IFERROR(aurora_data!D141,0) -> 0 | F21: =IFERROR(aurora_data!E141,0) -> 0 | G21: =IFERROR(aurora_data!F141,0) -> 0 | H21: =IFERROR(aurora_data!G141,0) -> 0 | I21: =IFERROR(aurora_data!H141,0) -> 0 | J21: =IFERROR(aurora_data!I141,0) -> 0 | K21: =IFERROR(aurora_data!J141,0) -> 0 | L21: =IFERROR(aurora_data!K141,0) -> 0 | ... U21: =IFERROR(aurora_data!T141,0) -> 0 | W21: =IFERROR(aurora_data!U141,0) -> 0 | X21: =IFERROR(W21/$W$12,0) -> 0
D22: Stratified Out Usable N | E22: =IFERROR(aurora_data!D142,0) -> 0 | F22: =IFERROR(aurora_data!E142,0) -> 0 | G22: =IFERROR(aurora_data!F142,0) -> 0 | H22: =IFERROR(aurora_data!G142,0) -> 0 | I22: =IFERROR(aurora_data!H142,0) -> 0 | J22: =IFERROR(aurora_data!I142,0) -> 0 | K22: =IFERROR(aurora_data!J142,0) -> 0 | L22: =IFERROR(aurora_data!K142,0) -> 0 | ... U22: =IFERROR(aurora_data!T142,0) -> 0 | W22: =IFERROR(aurora_data!U142,0) -> 0 | X22: =IFERROR(W22/$W$12,0) -> 0
D23: In Process | E23: =IFERROR(aurora_data!D143,0) -> 0 | F23: =IFERROR(aurora_data!E143,0) -> 0 | G23: =IFERROR(aurora_data!F143,0) -> 0 | H23: =IFERROR(aurora_data!G143,0) -> 0 | I23: =IFERROR(aurora_data!H143,0) -> 0 | J23: =IFERROR(aurora_data!I143,0) -> 0 | K23: =IFERROR(aurora_data!J143,0) -> 0 | L23: =IFERROR(aurora_data!K143,0) -> 0 | ... U23: =IFERROR(aurora_data!T143,0) -> 0 | W23: =IFERROR(aurora_data!U143,0) -> 0 | X23: =IFERROR(W23/$W$12,0) -> 0
D24: Assigned Not Received | E24: =IFERROR(aurora_data!D144,0) -> 0 | F24: =IFERROR(aurora_data!E144,0) -> 0 | G24: =IFERROR(aurora_data!F144,0) -> 0 | H24: =IFERROR(aurora_data!G144,0) -> 1 | I24: =IFERROR(aurora_data!H144,0) -> 0 | J24: =IFERROR(aurora_data!I144,0) -> 0 | K24: =IFERROR(aurora_data!J144,0) -> 0 | L24: =IFERROR(aurora_data!K144,0) -> 0 | ... U24: =IFERROR(aurora_data!T144,0) -> 0 | W24: =IFERROR(aurora_data!U144,0) -> 1 | X24: =IFERROR(W24/$W$12,0) -> 1
D25: Reserved Not Received | E25: =IFERROR(aurora_data!D145,0) -> 0 | F25: =IFERROR(aurora_data!E145,0) -> 0 | G25: =IFERROR(aurora_data!F145,0) -> 0 | H25: =IFERROR(aurora_data!G145,0) -> 0 | I25: =IFERROR(aurora_data!H145,0) -> 0 | J25: =IFERROR(aurora_data!I145,0) -> 0 | K25: =IFERROR(aurora_data!J145,0) -> 0 | L25: =IFERROR(aurora_data!K145,0) -> 0 | ... U25: =IFERROR(aurora_data!T145,0) -> 0 | W25: =IFERROR(aurora_data!U145,0) -> 0 | X25: =IFERROR(W25/$W$12,0) -> 0
D26: Total Assignments | E26: =IFERROR(aurora_data!D146,0) -> 0 | F26: =IFERROR(aurora_data!E146,0) -> 0 | G26: =IFERROR(aurora_data!F146,0) -> 0 | H26: =IFERROR(aurora_data!G146,0) -> 1 | I26: =IFERROR(aurora_data!H146,0) -> 0 | J26: =IFERROR(aurora_data!I146,0) -> 0 | K26: =IFERROR(aurora_data!J146,0) -> 0 | L26: =IFERROR(aurora_data!K146,0) -> 0 | ... U26: =IFERROR(aurora_data!T146,0) -> 0 | W26: =IFERROR(aurora_data!U146,0) -> 1 | X26: =IFERROR(W26/$W$12,0) -> 1
D27: Selected | E27: =IFERROR(aurora_data!D147,0) -> 0 | F27: =IFERROR(aurora_data!E147,0) -> 0 | G27: =IFERROR(aurora_data!F147,0) -> 0 | H27: =IFERROR(aurora_data!G147,0) -> 0 | I27: =IFERROR(aurora_data!H147,0) -> 0 | J27: =IFERROR(aurora_data!I147,0) -> 0 | K27: =IFERROR(aurora_data!J147,0) -> 0 | L27: =IFERROR(aurora_data!K147,0) -> 0 | ... U27: =IFERROR(aurora_data!T147,0) -> 0 | W27: =IFERROR(aurora_data!U147,0) -> 0 | X27: =IFERROR(W27/$W$12,0) -> 0
B28: Open | C28: =aurora_data!A148 -> 08.00.00-08.11.30 | D28: Target | E28: =IFERROR(aurora_data!D148,0) -> 0 | F28: =IFERROR(aurora_data!E148,0) -> 0 | G28: =IFERROR(aurora_data!F148,0) -> 0 | H28: =IFERROR(aurora_data!G148,0) -> 0 | I28: =IFERROR(aurora_data!H148,0) -> 0 | J28: =IFERROR(aurora_data!I148,0) -> 0 | K28: =IFERROR(aurora_data!J148,0) -> 0 | L28: =IFERROR(aurora_data!K148,0) -> 0 | ... U28: =IFERROR(aurora_data!T148,0) -> 0 | W28: =IFERROR(aurora_data!U148,0) -> 1 | X28: =IFERROR(W28/$W$12,0) -> 1
D29: Usable | E29: =IFERROR(aurora_data!D149,0) -> 0 | F29: =IFERROR(aurora_data!E149,0) -> 0 | G29: =IFERROR(aurora_data!F149,0) -> 0 | H29: =IFERROR(aurora_data!G149,0) -> 0 | I29: =IFERROR(aurora_data!H149,0) -> 0 | J29: =IFERROR(aurora_data!I149,0) -> 0 | K29: =IFERROR(aurora_data!J149,0) -> 0 | L29: =IFERROR(aurora_data!K149,0) -> 0 | ... U29: =IFERROR(aurora_data!T149,0) -> 0 | W29: =IFERROR(aurora_data!U149,0) -> 0 | X29: =IFERROR(W29/$W$12,0) -> 0
D30: Stratified Out Usable N | E30: =IFERROR(aurora_data!D150,0) -> 0 | F30: =IFERROR(aurora_data!E150,0) -> 0 | G30: =IFERROR(aurora_data!F150,0) -> 0 | H30: =IFERROR(aurora_data!G150,0) -> 0 | I30: =IFERROR(aurora_data!H150,0) -> 0 | J30: =IFERROR(aurora_data!I150,0) -> 0 | K30: =IFERROR(aurora_data!J150,0) -> 0 | L30: =IFERROR(aurora_data!K150,0) -> 0 | ... U30: =IFERROR(aurora_data!T150,0) -> 0 | W30: =IFERROR(aurora_data!U150,0) -> 0 | X30: =IFERROR(W30/$W$12,0) -> 0
D31: In Process | E31: =IFERROR(aurora_data!D151,0) -> 0 | F31: =IFERROR(aurora_data!E151,0) -> 0 | G31: =IFERROR(aurora_data!F151,0) -> 0 | H31: =IFERROR(aurora_data!G151,0) -> 0 | I31: =IFERROR(aurora_data!H151,0) -> 0 | J31: =IFERROR(aurora_data!I151,0) -> 0 | K31: =IFERROR(aurora_data!J151,0) -> 0 | L31: =IFERROR(aurora_data!K151,0) -> 0 | ... U31: =IFERROR(aurora_data!T151,0) -> 0 | W31: =IFERROR(aurora_data!U151,0) -> 0 | X31: =IFERROR(W31/$W$12,0) -> 0
D32: Assigned Not Received | E32: =IFERROR(aurora_data!D152,0) -> 0 | F32: =IFERROR(aurora_data!E152,0) -> 0 | G32: =IFERROR(aurora_data!F152,0) -> 0 | H32: =IFERROR(aurora_data!G152,0) -> 0 | I32: =IFERROR(aurora_data!H152,0) -> 0 | J32: =IFERROR(aurora_data!I152,0) -> 0 | K32: =IFERROR(aurora_data!J152,0) -> 0 | L32: =IFERROR(aurora_data!K152,0) -> 0 | ... U32: =IFERROR(aurora_data!T152,0) -> 0 | W32: =IFERROR(aurora_data!U152,0) -> 0 | X32: =IFERROR(W32/$W$12,0) -> 0
D33: Reserved Not Received | E33: =IFERROR(aurora_data!D153,0) -> 0 | F33: =IFERROR(aurora_data!E153,0) -> 0 | G33: =IFERROR(aurora_data!F153,0) -> 0 | H33: =IFERROR(aurora_data!G153,0) -> 0 | I33: =IFERROR(aurora_data!H153,0) -> 0 | J33: =IFERROR(aurora_data!I153,0) -> 0 | K33: =IFERROR(aurora_data!J153,0) -> 0 | L33: =IFERROR(aurora_data!K153,0) -> 0 | ... U33: =IFERROR(aurora_data!T153,0) -> 0 | W33: =IFERROR(aurora_data!U153,0) -> 0 | X33: =IFERROR(W33/$W$12,0) -> 0
D34: Total Assignments | E34: =IFERROR(aurora_data!D154,0) -> 0 | F34: =IFERROR(aurora_data!E154,0) -> 0 | G34: =IFERROR(aurora_data!F154,0) -> 0 | H34: =IFERROR(aurora_data!G154,0) -> 0 | I34: =IFERROR(aurora_data!H154,0) -> 0 | J34: =IFERROR(aurora_data!I154,0) -> 0 | K34: =IFERROR(aurora_data!J154,0) -> 0 | L34: =IFERROR(aurora_data!K154,0) -> 0 | ... U34: =IFERROR(aurora_data!T154,0) -> 0 | W34: =IFERROR(aurora_data!U154,0) -> 0 | X34: =IFERROR(W34/$W$12,0) -> 0
D35: Selected | E35: =IFERROR(aurora_data!D155,0) -> 0 | F35: =IFERROR(aurora_data!E155,0) -> 0 | G35: =IFERROR(aurora_data!F155,0) -> 0 | H35: =IFERROR(aurora_data!G155,0) -> 0 | I35: =IFERROR(aurora_data!H155,0) -> 0 | J35: =IFERROR(aurora_data!I155,0) -> 0 | K35: =IFERROR(aurora_data!J155,0) -> 0 | L35: =IFERROR(aurora_data!K155,0) -> 0 | ... U35: =IFERROR(aurora_data!T155,0) -> 0 | W35: =IFERROR(aurora_data!U155,0) -> 0 | X35: =IFERROR(W35/$W$12,0) -> 0
B36: Open | C36: =aurora_data!A156 -> 09.00.00-09.11.30 | D36: Target | E36: =IFERROR(aurora_data!D156,0) -> 0 | F36: =IFERROR(aurora_data!E156,0) -> 0 | G36: =IFERROR(aurora_data!F156,0) -> 0 | H36: =IFERROR(aurora_data!G156,0) -> 0 | I36: =IFERROR(aurora_data!H156,0) -> 0 | J36: =IFERROR(aurora_data!I156,0) -> 0 | K36: =IFERROR(aurora_data!J156,0) -> 0 | L36: =IFERROR(aurora_data!K156,0) -> 0 | ... U36: =IFERROR(aurora_data!T156,0) -> 0 | W36: =IFERROR(aurora_data!U156,0) -> 1 | X36: =IFERROR(W36/$W$12,0) -> 1
D37: Usable | E37: =IFERROR(aurora_data!D157,0) -> 0 | F37: =IFERROR(aurora_data!E157,0) -> 0 | G37: =IFERROR(aurora_data!F157,0) -> 0 | H37: =IFERROR(aurora_data!G157,0) -> 0 | I37: =IFERROR(aurora_data!H157,0) -> 0 | J37: =IFERROR(aurora_data!I157,0) -> 0 | K37: =IFERROR(aurora_data!J157,0) -> 0 | L37: =IFERROR(aurora_data!K157,0) -> 0 | ... U37: =IFERROR(aurora_data!T157,0) -> 0 | W37: =IFERROR(aurora_data!U157,0) -> 0 | X37: =IFERROR(W37/$W$12,0) -> 0
D38: Stratified Out Usable N | E38: =IFERROR(aurora_data!D158,0) -> 0 | F38: =IFERROR(aurora_data!E158,0) -> 0 | G38: =IFERROR(aurora_data!F158,0) -> 0 | H38: =IFERROR(aurora_data!G158,0) -> 0 | I38: =IFERROR(aurora_data!H158,0) -> 0 | J38: =IFERROR(aurora_data!I158,0) -> 0 | K38: =IFERROR(aurora_data!J158,0) -> 0 | L38: =IFERROR(aurora_data!K158,0) -> 0 | ... U38: =IFERROR(aurora_data!T158,0) -> 0 | W38: =IFERROR(aurora_data!U158,0) -> 0 | X38: =IFERROR(W38/$W$12,0) -> 0
D39: In Process | E39: =IFERROR(aurora_data!D159,0) -> 0 | F39: =IFERROR(aurora_data!E159,0) -> 0 | G39: =IFERROR(aurora_data!F159,0) -> 0 | H39: =IFERROR(aurora_data!G159,0) -> 0 | I39: =IFERROR(aurora_data!H159,0) -> 0 | J39: =IFERROR(aurora_data!I159,0) -> 0 | K39: =IFERROR(aurora_data!J159,0) -> 0 | L39: =IFERROR(aurora_data!K159,0) -> 0 | ... U39: =IFERROR(aurora_data!T159,0) -> 0 | W39: =IFERROR(aurora_data!U159,0) -> 0 | X39: =IFERROR(W39/$W$12,0) -> 0
D40: Assigned Not Received | E40: =IFERROR(aurora_data!D160,0) -> 0 | F40: =IFERROR(aurora_data!E160,0) -> 0 | G40: =IFERROR(aurora_data!F160,0) -> 0 | H40: =IFERROR(aurora_data!G160,0) -> 0 | I40: =IFERROR(aurora_data!H160,0) -> 0 | J40: =IFERROR(aurora_data!I160,0) -> 0 | K40: =IFERROR(aurora_data!J160,0) -> 0 | L40: =IFERROR(aurora_data!K160,0) -> 0 | ... U40: =IFERROR(aurora_data!T160,0) -> 0 | W40: =IFERROR(aurora_data!U160,0) -> 0 | X40: =IFERROR(W40/$W$12,0) -> 0
D41: Reserved Not Received | E41: =IFERROR(aurora_data!D161,0) -> 0 | F41: =IFERROR(aurora_data!E161,0) -> 0 | G41: =IFERROR(aurora_data!F161,0) -> 0 | H41: =IFERROR(aurora_data!G161,0) -> 0 | I41: =IFERROR(aurora_data!H161,0) -> 0 | J41: =IFERROR(aurora_data!I161,0) -> 0 | K41: =IFERROR(aurora_data!J161,0) -> 0 | L41: =IFERROR(aurora_data!K161,0) -> 0 | ... U41: =IFERROR(aurora_data!T161,0) -> 0 | W41: =IFERROR(aurora_data!U161,0) -> 0 | X41: =IFERROR(W41/$W$12,0) -> 0
D42: Total Assignments | E42: =IFERROR(aurora_data!D162,0) -> 0 | F42: =IFERROR(aurora_data!E162,0) -> 0 | G42: =IFERROR(aurora_data!F162,0) -> 0 | H42: =IFERROR(aurora_data!G162,0) -> 0 | I42: =IFERROR(aurora_data!H162,0) -> 0 | J42: =IFERROR(aurora_data!I162,0) -> 0 | K42: =IFERROR(aurora_data!J162,0) -> 0 | L42: =IFERROR(aurora_data!K162,0) -> 0 | ... U42: =IFERROR(aurora_data!T162,0) -> 0 | W42: =IFERROR(aurora_data!U162,0) -> 0 | X42: =IFERROR(W42/$W$12,0) -> 0
D43: Selected | E43: =IFERROR(aurora_data!D163,0) -> 0 | F43: =IFERROR(aurora_data!E163,0) -> 0 | G43: =IFERROR(aurora_data!F163,0) -> 0 | H43: =IFERROR(aurora_data!G163,0) -> 0 | I43: =IFERROR(aurora_data!H163,0) -> 0 | J43: =IFERROR(aurora_data!I163,0) -> 0 | K43: =IFERROR(aurora_data!J163,0) -> 0 | L43: =IFERROR(aurora_data!K163,0) -> 0 | ... U43: =IFERROR(aurora_data!T163,0) -> 0 | W43: =IFERROR(aurora_data!U163,0) -> 0 | X43: =IFERROR(W43/$W$12,0) -> 0
B44: Open | C44: =aurora_data!A164 -> 10.00.00-10.11.30 | D44: Target | E44: =IFERROR(aurora_data!D164,0) -> 0 | F44: =IFERROR(aurora_data!E164,0) -> 0 | G44: =IFERROR(aurora_data!F164,0) -> 0 | H44: =IFERROR(aurora_data!G164,0) -> 0 | I44: =IFERROR(aurora_data!H164,0) -> 0 | J44: =IFERROR(aurora_data!I164,0) -> 0 | K44: =IFERROR(aurora_data!J164,0) -> 0 | L44: =IFERROR(aurora_data!K164,0) -> 0 | ... U44: =IFERROR(aurora_data!T164,0) -> 0 | W44: =IFERROR(aurora_data!U164,0) -> 1 | X44: =IFERROR(W44/$W$12,0) -> 1
D45: Usable | E45: =IFERROR(aurora_data!D165,0) -> 0 | F45: =IFERROR(aurora_data!E165,0) -> 0 | G45: =IFERROR(aurora_data!F165,0) -> 0 | H45: =IFERROR(aurora_data!G165,0) -> 0 | I45: =IFERROR(aurora_data!H165,0) -> 0 | J45: =IFERROR(aurora_data!I165,0) -> 0 | K45: =IFERROR(aurora_data!J165,0) -> 0 | L45: =IFERROR(aurora_data!K165,0) -> 0 | ... U45: =IFERROR(aurora_data!T165,0) -> 0 | W45: =IFERROR(aurora_data!U165,0) -> 0 | X45: =IFERROR(W45/$W$12,0) -> 0
D46: Stratified Out Usable N | E46: =IFERROR(aurora_data!D166,0) -> 0 | F46: =IFERROR(aurora_data!E166,0) -> 0 | G46: =IFERROR(aurora_data!F166,0) -> 0 | H46: =IFERROR(aurora_data!G166,0) -> 0 | I46: =IFERROR(aurora_data!H166,0) -> 0 | J46: =IFERROR(aurora_data!I166,0) -> 0 | K46: =IFERROR(aurora_data!J166,0) -> 0 | L46: =IFERROR(aurora_data!K166,0) -> 0 | ... U46: =IFERROR(aurora_data!T166,0) -> 0 | W46: =IFERROR(aurora_data!U166,0) -> 0 | X46: =IFERROR(W46/$W$12,0) -> 0
D47: In Process | E47: =IFERROR(aurora_data!D167,0) -> 0 | F47: =IFERROR(aurora_data!E167,0) -> 0 | G47: =IFERROR(aurora_data!F167,0) -> 0 | H47: =IFERROR(aurora_data!G167,0) -> 0 | I47: =IFERROR(aurora_data!H167,0) -> 0 | J47: =IFERROR(aurora_data!I167,0) -> 0 | K47: =IFERROR(aurora_data!J167,0) -> 0 | L47: =IFERROR(aurora_data!K167,0) -> 0 | ... U47: =IFERROR(aurora_data!T167,0) -> 0 | W47: =IFERROR(aurora_data!U167,0) -> 0 | X47: =IFERROR(W47/$W$12,0) -> 0
D48: Assigned Not Received | E48: =IFERROR(aurora_data!D168,0) -> 0 | F48: =IFERROR(aurora_data!E168,0) -> 0 | G48: =IFERROR(aurora_data!F168,0) -> 0 | H48: =IFERROR(aurora_data!G168,0) -> 0 | I48: =IFERROR(aurora_data!H168,0) -> 0 | J48: =IFERROR(aurora_data!I168,0) -> 0 | K48: =IFERROR(aurora_data!J168,0) -> 0 | L48: =IFERROR(aurora_data!K168,0) -> 0 | ... U48: =IFERROR(aurora_data!T168,0) -> 0 | W48: =IFERROR(aurora_data!U168,0) -> 0 | X48: =IFERROR(W48/$W$12,0) -> 0
D49: Reserved Not Received | E49: =IFERROR(aurora_data!D169,0) -> 0 | F49: =IFERROR(aurora_data!E169,0) -> 0 | G49: =IFERROR(aurora_data!F169,0) -> 0 | H49: =IFERROR(aurora_data!G169,0) -> 0 | I49: =IFERROR(aurora_data!H169,0) -> 0 | J49: =IFERROR(aurora_data!I169,0) -> 0 | K49: =IFERROR(aurora_data!J169,0) -> 0 | L49: =IFERROR(aurora_data!K169,0) -> 0 | ... U49: =IFERROR(aurora_data!T169,0) -> 0 | W49: =IFERROR(aurora_data!U169,0) -> 0 | X49: =IFERROR(W49/$W$12,0) -> 0
D50: Total Assignments | E50: =IFERROR(aurora_data!D170,0) -> 0 | F50: =IFERROR(aurora_data!E170,0) -> 0 | G50: =IFERROR(aurora_data!F170,0) -> 0 | H50: =IFERROR(aurora_data!G170,0) -> 0 | I50: =IFERROR(aurora_data!H170,0) -> 0 | J50: =IFERROR(aurora_data!I170,0) -> 0 | K50: =IFERROR(aurora_data!J170,0) -> 0 | L50: =IFERROR(aurora_data!K170,0) -> 0 | ... U50: =IFERROR(aurora_data!T170,0) -> 0 | W50: =IFERROR(aurora_data!U170,0) -> 0 | X50: =IFERROR(W50/$W$12,0) -> 0
D51: Selected | E51: =IFERROR(aurora_data!D171,0) -> 0 | F51: =IFERROR(aurora_data!E171,0) -> 0 | G51: =IFERROR(aurora_data!F171,0) -> 0 | H51: =IFERROR(aurora_data!G171,0) -> 0 | I51: =IFERROR(aurora_data!H171,0) -> 0 | J51: =IFERROR(aurora_data!I171,0) -> 0 | K51: =IFERROR(aurora_data!J171,0) -> 0 | L51: =IFERROR(aurora_data!K171,0) -> 0 | ... U51: =IFERROR(aurora_data!T171,0) -> 0 | W51: =IFERROR(aurora_data!U171,0) -> 0 | X51: =IFERROR(W51/$W$12,0) -> 0
B52: Open | C52: =aurora_data!A172 -> 11.00.00-11.11.30 | D52: Target | E52: =IFERROR(aurora_data!D172,0) -> 0 | F52: =IFERROR(aurora_data!E172,0) -> 0 | G52: =IFERROR(aurora_data!F172,0) -> 0 | H52: =IFERROR(aurora_data!G172,0) -> 0 | I52: =IFERROR(aurora_data!H172,0) -> 0 | J52: =IFERROR(aurora_data!I172,0) -> 0 | K52: =IFERROR(aurora_data!J172,0) -> 0 | L52: =IFERROR(aurora_data!K172,0) -> 0 | ... U52: =IFERROR(aurora_data!T172,0) -> 0 | W52: =IFERROR(aurora_data!U172,0) -> 1 | X52: =IFERROR(W52/$W$12,0) -> 1
D53: Usable | E53: =IFERROR(aurora_data!D173,0) -> 0 | F53: =IFERROR(aurora_data!E173,0) -> 0 | G53: =IFERROR(aurora_data!F173,0) -> 0 | H53: =IFERROR(aurora_data!G173,0) -> 0 | I53: =IFERROR(aurora_data!H173,0) -> 0 | J53: =IFERROR(aurora_data!I173,0) -> 0 | K53: =IFERROR(aurora_data!J173,0) -> 0 | L53: =IFERROR(aurora_data!K173,0) -> 0 | ... U53: =IFERROR(aurora_data!T173,0) -> 0 | W53: =IFERROR(aurora_data!U173,0) -> 0 | X53: =IFERROR(W53/$W$12,0) -> 0
D54: Stratified Out Usable N | E54: =IFERROR(aurora_data!D174,0) -> 0 | F54: =IFERROR(aurora_data!E174,0) -> 0 | G54: =IFERROR(aurora_data!F174,0) -> 0 | H54: =IFERROR(aurora_data!G174,0) -> 0 | I54: =IFERROR(aurora_data!H174,0) -> 0 | J54: =IFERROR(aurora_data!I174,0) -> 0 | K54: =IFERROR(aurora_data!J174,0) -> 0 | L54: =IFERROR(aurora_data!K174,0) -> 0 | ... U54: =IFERROR(aurora_data!T174,0) -> 0 | W54: =IFERROR(aurora_data!U174,0) -> 0 | X54: =IFERROR(W54/$W$12,0) -> 0
D55: In Process | E55: =IFERROR(aurora_data!D175,0) -> 0 | F55: =IFERROR(aurora_data!E175,0) -> 0 | G55: =IFERROR(aurora_data!F175,0) -> 0 | H55: =IFERROR(aurora_data!G175,0) -> 0 | I55: =IFERROR(aurora_data!H175,0) -> 0 | J55: =IFERROR(aurora_data!I175,0) -> 0 | K55: =IFERROR(aurora_data!J175,0) -> 0 | L55: =IFERROR(aurora_data!K175,0) -> 0 | ... U55: =IFERROR(aurora_data!T175,0) -> 0 | W55: =IFERROR(aurora_data!U175,0) -> 0 | X55: =IFERROR(W55/$W$12,0) -> 0
D56: Assigned Not Received | E56: =IFERROR(aurora_data!D176,0) -> 0 | F56: =IFERROR(aurora_data!E176,0) -> 0 | G56: =IFERROR(aurora_data!F176,0) -> 0 | H56: =IFERROR(aurora_data!G176,0) -> 0 | I56: =IFERROR(aurora_data!H176,0) -> 0 | J56: =IFERROR(aurora_data!I176,0) -> 0 | K56: =IFERROR(aurora_data!J176,0) -> 0 | L56: =IFERROR(aurora_data!K176,0) -> 0 | ... U56: =IFERROR(aurora_data!T176,0) -> 0 | W56: =IFERROR(aurora_data!U176,0) -> 0 | X56: =IFERROR(W56/$W$12,0) -> 0
D57: Reserved Not Received | E57: =IFERROR(aurora_data!D177,0) -> 0 | F57: =IFERROR(aurora_data!E177,0) -> 0 | G57: =IFERROR(aurora_data!F177,0) -> 0 | H57: =IFERROR(aurora_data!G177,0) -> 0 | I57: =IFERROR(aurora_data!H177,0) -> 0 | J57: =IFERROR(aurora_data!I177,0) -> 0 | K57: =IFERROR(aurora_data!J177,0) -> 0 | L57: =IFERROR(aurora_data!K177,0) -> 0 | ... U57: =IFERROR(aurora_data!T177,0) -> 0 | W57: =IFERROR(aurora_data!U177,0) -> 0 | X57: =IFERROR(W57/$W$12,0) -> 0
D58: Total Assignments | E58: =IFERROR(aurora_data!D178,0) -> 0 | F58: =IFERROR(aurora_data!E178,0) -> 0 | G58: =IFERROR(aurora_data!F178,0) -> 0 | H58: =IFERROR(aurora_data!G178,0) -> 0 | I58: =IFERROR(aurora_data!H178,0) -> 0 | J58: =IFERROR(aurora_data!I178,0) -> 0 | K58: =IFERROR(aurora_data!J178,0) -> 0 | L58: =IFERROR(aurora_data!K178,0) -> 0 | ... U58: =IFERROR(aurora_data!T178,0) -> 0 | W58: =IFERROR(aurora_data!U178,0) -> 0 | X58: =IFERROR(W58/$W$12,0) -> 0
D59: Selected | E59: =IFERROR(aurora_data!D179,0) -> 0 | F59: =IFERROR(aurora_data!E179,0) -> 0 | G59: =IFERROR(aurora_data!F179,0) -> 0 | H59: =IFERROR(aurora_data!G179,0) -> 0 | I59: =IFERROR(aurora_data!H179,0) -> 0 | J59: =IFERROR(aurora_data!I179,0) -> 0 | K59: =IFERROR(aurora_data!J179,0) -> 0 | L59: =IFERROR(aurora_data!K179,0) -> 0 | ... U59: =IFERROR(aurora_data!T179,0) -> 0 | W59: =IFERROR(aurora_data!U179,0) -> 0 | X59: =IFERROR(W59/$W$12,0) -> 0
B60: Open | C60: =aurora_data!A180 -> 12.00.00-12.11.30 | D60: Target | E60: =IFERROR(aurora_data!D180,0) -> 0 | F60: =IFERROR(aurora_data!E180,0) -> 0 | G60: =IFERROR(aurora_data!F180,0) -> 0 | H60: =IFERROR(aurora_data!G180,0) -> 0 | I60: =IFERROR(aurora_data!H180,0) -> 0 | J60: =IFERROR(aurora_data!I180,0) -> 0 | K60: =IFERROR(aurora_data!J180,0) -> 0 | L60: =IFERROR(aurora_data!K180,0) -> 0 | ... U60: =IFERROR(aurora_data!T180,0) -> 0 | W60: =IFERROR(aurora_data!U180,0) -> 1 | X60: =IFERROR(W60/$W$12,0) -> 1
D61: Usable | E61: =IFERROR(aurora_data!D181,0) -> 0 | F61: =IFERROR(aurora_data!E181,0) -> 0 | G61: =IFERROR(aurora_data!F181,0) -> 0 | H61: =IFERROR(aurora_data!G181,0) -> 0 | I61: =IFERROR(aurora_data!H181,0) -> 0 | J61: =IFERROR(aurora_data!I181,0) -> 0 | K61: =IFERROR(aurora_data!J181,0) -> 0 | L61: =IFERROR(aurora_data!K181,0) -> 0 | ... U61: =IFERROR(aurora_data!T181,0) -> 0 | W61: =IFERROR(aurora_data!U181,0) -> 0 | X61: =IFERROR(W61/$W$12,0) -> 0
D62: Stratified Out Usable N | E62: =IFERROR(aurora_data!D182,0) -> 0 | F62: =IFERROR(aurora_data!E182,0) -> 0 | G62: =IFERROR(aurora_data!F182,0) -> 0 | H62: =IFERROR(aurora_data!G182,0) -> 0 | I62: =IFERROR(aurora_data!H182,0) -> 0 | J62: =IFERROR(aurora_data!I182,0) -> 0 | K62: =IFERROR(aurora_data!J182,0) -> 0 | L62: =IFERROR(aurora_data!K182,0) -> 0 | ... U62: =IFERROR(aurora_data!T182,0) -> 0 | W62: =IFERROR(aurora_data!U182,0) -> 0 | X62: =IFERROR(W62/$W$12,0) -> 0
D63: In Process | E63: =IFERROR(aurora_data!D183,0) -> 0 | F63: =IFERROR(aurora_data!E183,0) -> 0 | G63: =IFERROR(aurora_data!F183,0) -> 0 | H63: =IFERROR(aurora_data!G183,0) -> 0 | I63: =IFERROR(aurora_data!H183,0) -> 0 | J63: =IFERROR(aurora_data!I183,0) -> 0 | K63: =IFERROR(aurora_data!J183,0) -> 0 | L63: =IFERROR(aurora_data!K183,0) -> 0 | ... U63: =IFERROR(aurora_data!T183,0) -> 0 | W63: =IFERROR(aurora_data!U183,0) -> 0 | X63: =IFERROR(W63/$W$12,0) -> 0
D64: Assigned Not Received | E64: =IFERROR(aurora_data!D184,0) -> 0 | F64: =IFERROR(aurora_data!E184,0) -> 0 | G64: =IFERROR(aurora_data!F184,0) -> 0 | H64: =IFERROR(aurora_data!G184,0) -> 0 | I64: =IFERROR(aurora_data!H184,0) -> 0 | J64: =IFERROR(aurora_data!I184,0) -> 0 | K64: =IFERROR(aurora_data!J184,0) -> 0 | L64: =IFERROR(aurora_data!K184,0) -> 0 | ... U64: =IFERROR(aurora_data!T184,0) -> 0 | W64: =IFERROR(aurora_data!U184,0) -> 0 | X64: =IFERROR(W64/$W$12,0) -> 0
D65: Reserved Not Received | E65: =IFERROR(aurora_data!D185,0) -> 0 | F65: =IFERROR(aurora_data!E185,0) -> 0 | G65: =IFERROR(aurora_data!F185,0) -> 0 | H65: =IFERROR(aurora_data!G185,0) -> 0 | I65: =IFERROR(aurora_data!H185,0) -> 0 | J65: =IFERROR(aurora_data!I185,0) -> 0 | K65: =IFERROR(aurora_data!J185,0) -> 0 | L65: =IFERROR(aurora_data!K185,0) -> 0 | ... U65: =IFERROR(aurora_data!T185,0) -> 0 | W65: =IFERROR(aurora_data!U185,0) -> 0 | X65: =IFERROR(W65/$W$12,0) -> 0
D66: Total Assignments | E66: =IFERROR(aurora_data!D186,0) -> 0 | F66: =IFERROR(aurora_data!E186,0) -> 0 | G66: =IFERROR(aurora_data!F186,0) -> 0 | H66: =IFERROR(aurora_data!G186,0) -> 0 | I66: =IFERROR(aurora_data!H186,0) -> 0 | J66: =IFERROR(aurora_data!I186,0) -> 0 | K66: =IFERROR(aurora_data!J186,0) -> 0 | L66: =IFERROR(aurora_data!K186,0) -> 0 | ... U66: =IFERROR(aurora_data!T186,0) -> 0 | W66: =IFERROR(aurora_data!U186,0) -> 0 | X66: =IFERROR(W66/$W$12,0) -> 0
D67: Selected | E67: =IFERROR(aurora_data!D187,0) -> 0 | F67: =IFERROR(aurora_data!E187,0) -> 0 | G67: =IFERROR(aurora_data!F187,0) -> 0 | H67: =IFERROR(aurora_data!G187,0) -> 0 | I67: =IFERROR(aurora_data!H187,0) -> 0 | J67: =IFERROR(aurora_data!I187,0) -> 0 | K67: =IFERROR(aurora_data!J187,0) -> 0 | L67: =IFERROR(aurora_data!K187,0) -> 0 | ... U67: =IFERROR(aurora_data!T187,0) -> 0 | W67: =IFERROR(aurora_data!U187,0) -> 0 | X67: =IFERROR(W67/$W$12,0) -> 0
B68: Open | C68: =aurora_data!A188 -> 13.00.00-13.11.30 | D68: Target | E68: =IFERROR(aurora_data!D188,0) -> 0 | F68: =IFERROR(aurora_data!E188,0) -> 0 | G68: =IFERROR(aurora_data!F188,0) -> 0 | H68: =IFERROR(aurora_data!G188,0) -> 0 | I68: =IFERROR(aurora_data!H188,0) -> 0 | J68: =IFERROR(aurora_data!I188,0) -> 0 | K68: =IFERROR(aurora_data!J188,0) -> 0 | L68: =IFERROR(aurora_data!K188,0) -> 0 | ... U68: =IFERROR(aurora_data!T188,0) -> 0 | W68: =IFERROR(aurora_data!U188,0) -> 1 | X68: =IFERROR(W68/$W$12,0) -> 1
D69: Usable | E69: =IFERROR(aurora_data!D189,0) -> 0 | F69: =IFERROR(aurora_data!E189,0) -> 0 | G69: =IFERROR(aurora_data!F189,0) -> 0 | H69: =IFERROR(aurora_data!G189,0) -> 0 | I69: =IFERROR(aurora_data!H189,0) -> 0 | J69: =IFERROR(aurora_data!I189,0) -> 0 | K69: =IFERROR(aurora_data!J189,0) -> 0 | L69: =IFERROR(aurora_data!K189,0) -> 0 | ... U69: =IFERROR(aurora_data!T189,0) -> 0 | W69: =IFERROR(aurora_data!U189,0) -> 0 | X69: =IFERROR(W69/$W$12,0) -> 0
D70: Stratified Out Usable N | E70: =IFERROR(aurora_data!D190,0) -> 0 | F70: =IFERROR(aurora_data!E190,0) -> 0 | G70: =IFERROR(aurora_data!F190,0) -> 0 | H70: =IFERROR(aurora_data!G190,0) -> 0 | I70: =IFERROR(aurora_data!H190,0) -> 0 | J70: =IFERROR(aurora_data!I190,0) -> 0 | K70: =IFERROR(aurora_data!J190,0) -> 0 | L70: =IFERROR(aurora_data!K190,0) -> 0 | ... U70: =IFERROR(aurora_data!T190,0) -> 0 | W70: =IFERROR(aurora_data!U190,0) -> 0 | X70: =IFERROR(W70/$W$12,0) -> 0
D71: In Process | E71: =IFERROR(aurora_data!D191,0) -> 0 | F71: =IFERROR(aurora_data!E191,0) -> 0 | G71: =IFERROR(aurora_data!F191,0) -> 0 | H71: =IFERROR(aurora_data!G191,0) -> 0 | I71: =IFERROR(aurora_data!H191,0) -> 0 | J71: =IFERROR(aurora_data!I191,0) -> 0 | K71: =IFERROR(aurora_data!J191,0) -> 0 | L71: =IFERROR(aurora_data!K191,0) -> 0 | ... U71: =IFERROR(aurora_data!T191,0) -> 0 | W71: =IFERROR(aurora_data!U191,0) -> 0 | X71: =IFERROR(W71/$W$12,0) -> 0
D72: Assigned Not Received | E72: =IFERROR(aurora_data!D192,0) -> 0 | F72: =IFERROR(aurora_data!E192,0) -> 0 | G72: =IFERROR(aurora_data!F192,0) -> 0 | H72: =IFERROR(aurora_data!G192,0) -> 0 | I72: =IFERROR(aurora_data!H192,0) -> 0 | J72: =IFERROR(aurora_data!I192,0) -> 0 | K72: =IFERROR(aurora_data!J192,0) -> 0 | L72: =IFERROR(aurora_data!K192,0) -> 0 | ... U72: =IFERROR(aurora_data!T192,0) -> 0 | W72: =IFERROR(aurora_data!U192,0) -> 0 | X72: =IFERROR(W72/$W$12,0) -> 0
D73: Reserved Not Received | E73: =IFERROR(aurora_data!D193,0) -> 0 | F73: =IFERROR(aurora_data!E193,0) -> 0 | G73: =IFERROR(aurora_data!F193,0) -> 0 | H73: =IFERROR(aurora_data!G193,0) -> 0 | I73: =IFERROR(aurora_data!H193,0) -> 0 | J73: =IFERROR(aurora_data!I193,0) -> 0 | K73: =IFERROR(aurora_data!J193,0) -> 0 | L73: =IFERROR(aurora_data!K193,0) -> 0 | ... U73: =IFERROR(aurora_data!T193,0) -> 0 | W73: =IFERROR(aurora_data!U193,0) -> 0 | X73: =IFERROR(W73/$W$12,0) -> 0
D74: Total Assignments | E74: =IFERROR(aurora_data!D194,0) -> 0 | F74: =IFERROR(aurora_data!E194,0) -> 0 | G74: =IFERROR(aurora_data!F194,0) -> 0 | H74: =IFERROR(aurora_data!G194,0) -> 0 | I74: =IFERROR(aurora_data!H194,0) -> 0 | J74: =IFERROR(aurora_data!I194,0) -> 0 | K74: =IFERROR(aurora_data!J194,0) -> 0 | L74: =IFERROR(aurora_data!K194,0) -> 0 | ... U74: =IFERROR(aurora_data!T194,0) -> 0 | W74: =IFERROR(aurora_data!U194,0) -> 0 | X74: =IFERROR(W74/$W$12,0) -> 0
D75: Selected | E75: =IFERROR(aurora_data!D195,0) -> 0 | F75: =IFERROR(aurora_data!E195,0) -> 0 | G75: =IFERROR(aurora_data!F195,0) -> 0 | H75: =IFERROR(aurora_data!G195,0) -> 0 | I75: =IFERROR(aurora_data!H195,0) -> 0 | J75: =IFERROR(aurora_data!I195,0) -> 0 | K75: =IFERROR(aurora_data!J195,0) -> 0 | L75: =IFERROR(aurora_data!K195,0) -> 0 | ... U75: =IFERROR(aurora_data!T195,0) -> 0 | W75: =IFERROR(aurora_data!U195,0) -> 0 | X75: =IFERROR(W75/$W$12,0) -> 0
B76: Open | C76: =aurora_data!A196 -> 14.00.00-14.11.30 | D76: Target | E76: =IFERROR(aurora_data!D196,0) -> 0 | F76: =IFERROR(aurora_data!E196,0) -> 0 | G76: =IFERROR(aurora_data!F196,0) -> 0 | H76: =IFERROR(aurora_data!G196,0) -> 0 | I76: =IFERROR(aurora_data!H196,0) -> 0 | J76: =IFERROR(aurora_data!I196,0) -> 0 | K76: =IFERROR(aurora_data!J196,0) -> 0 | L76: =IFERROR(aurora_data!K196,0) -> 0 | ... U76: =IFERROR(aurora_data!T196,0) -> 0 | W76: =IFERROR(aurora_data!U196,0) -> 1 | X76: =IFERROR(W76/$W$12,0) -> 1
D77: Usable | E77: =IFERROR(aurora_data!D197,0) -> 0 | F77: =IFERROR(aurora_data!E197,0) -> 0 | G77: =IFERROR(aurora_data!F197,0) -> 0 | H77: =IFERROR(aurora_data!G197,0) -> 0 | I77: =IFERROR(aurora_data!H197,0) -> 0 | J77: =IFERROR(aurora_data!I197,0) -> 0 | K77: =IFERROR(aurora_data!J197,0) -> 0 | L77: =IFERROR(aurora_data!K197,0) -> 0 | ... U77: =IFERROR(aurora_data!T197,0) -> 0 | W77: =IFERROR(aurora_data!U197,0) -> 0 | X77: =IFERROR(W77/$W$12,0) -> 0
D78: Stratified Out Usable N | E78: =IFERROR(aurora_data!D198,0) -> 0 | F78: =IFERROR(aurora_data!E198,0) -> 0 | G78: =IFERROR(aurora_data!F198,0) -> 0 | H78: =IFERROR(aurora_data!G198,0) -> 0 | I78: =IFERROR(aurora_data!H198,0) -> 0 | J78: =IFERROR(aurora_data!I198,0) -> 0 | K78: =IFERROR(aurora_data!J198,0) -> 0 | L78: =IFERROR(aurora_data!K198,0) -> 0 | ... U78: =IFERROR(aurora_data!T198,0) -> 0 | W78: =IFERROR(aurora_data!U198,0) -> 0 | X78: =IFERROR(W78/$W$12,0) -> 0
D79: In Process | E79: =IFERROR(aurora_data!D199,0) -> 0 | F79: =IFERROR(aurora_data!E199,0) -> 0 | G79: =IFERROR(aurora_data!F199,0) -> 0 | H79: =IFERROR(aurora_data!G199,0) -> 0 | I79: =IFERROR(aurora_data!H199,0) -> 0 | J79: =IFERROR(aurora_data!I199,0) -> 0 | K79: =IFERROR(aurora_data!J199,0) -> 0 | L79: =IFERROR(aurora_data!K199,0) -> 0 | ... U79: =IFERROR(aurora_data!T199,0) -> 0 | W79: =IFERROR(aurora_data!U199,0) -> 0 | X79: =IFERROR(W79/$W$12,0) -> 0
D80: Assigned Not Received | E80: =IFERROR(aurora_data!D200,0) -> 0 | F80: =IFERROR(aurora_data!E200,0) -> 0 | G80: =IFERROR(aurora_data!F200,0) -> 0 | H80: =IFERROR(aurora_data!G200,0) -> 0 | I80: =IFERROR(aurora_data!H200,0) -> 0 | J80: =IFERROR(aurora_data!I200,0) -> 0 | K80: =IFERROR(aurora_data!J200,0) -> 0 | L80: =IFERROR(aurora_data!K200,0) -> 0 | ... U80: =IFERROR(aurora_data!T200,0) -> 0 | W80: =IFERROR(aurora_data!U200,0) -> 0 | X80: =IFERROR(W80/$W$12,0) -> 0
D81: Reserved Not Received | E81: =IFERROR(aurora_data!D201,0) -> 0 | F81: =IFERROR(aurora_data!E201,0) -> 0 | G81: =IFERROR(aurora_data!F201,0) -> 0 | H81: =IFERROR(aurora_data!G201,0) -> 0 | I81: =IFERROR(aurora_data!H201,0) -> 0 | J81: =IFERROR(aurora_data!I201,0) -> 0 | K81: =IFERROR(aurora_data!J201,0) -> 0 | L81: =IFERROR(aurora_data!K201,0) -> 0 | ... U81: =IFERROR(aurora_data!T201,0) -> 0 | W81: =IFERROR(aurora_data!U201,0) -> 0 | X81: =IFERROR(W81/$W$12,0) -> 0
D82: Total Assignments | E82: =IFERROR(aurora_data!D202,0) -> 0 | F82: =IFERROR(aurora_data!E202,0) -> 0 | G82: =IFERROR(aurora_data!F202,0) -> 0 | H82: =IFERROR(aurora_data!G202,0) -> 0 | I82: =IFERROR(aurora_data!H202,0) -> 0 | J82: =IFERROR(aurora_data!I202,0) -> 0 | K82: =IFERROR(aurora_data!J202,0) -> 0 | L82: =IFERROR(aurora_data!K202,0) -> 0 | ... U82: =IFERROR(aurora_data!T202,0) -> 0 | W82: =IFERROR(aurora_data!U202,0) -> 0 | X82: =IFERROR(W82/$W$12,0) -> 0
D83: Selected | E83: =IFERROR(aurora_data!D203,0) -> 0 | F83: =IFERROR(aurora_data!E203,0) -> 0 | G83: =IFERROR(aurora_data!F203,0) -> 0 | H83: =IFERROR(aurora_data!G203,0) -> 0 | I83: =IFERROR(aurora_data!H203,0) -> 0 | J83: =IFERROR(aurora_data!I203,0) -> 0 | K83: =IFERROR(aurora_data!J203,0) -> 0 | L83: =IFERROR(aurora_data!K203,0) -> 0 | ... U83: =IFERROR(aurora_data!T203,0) -> 0 | W83: =IFERROR(aurora_data!U203,0) -> 0 | X83: =IFERROR(W83/$W$12,0) -> 0
B84: Open | C84: =aurora_data!A204 -> 15.00.00-15.11.30 | D84: Target | E84: =IFERROR(aurora_data!D204,0) -> 0 | F84: =IFERROR(aurora_data!E204,0) -> 0 | G84: =IFERROR(aurora_data!F204,0) -> 0 | H84: =IFERROR(aurora_data!G204,0) -> 0 | I84: =IFERROR(aurora_data!H204,0) -> 0 | J84: =IFERROR(aurora_data!I204,0) -> 0 | K84: =IFERROR(aurora_data!J204,0) -> 0 | L84: =IFERROR(aurora_data!K204,0) -> 0 | ... U84: =IFERROR(aurora_data!T204,0) -> 0 | W84: =IFERROR(aurora_data!U204,0) -> 1 | X84: =IFERROR(W84/$W$12,0) -> 1
D85: Usable | E85: =IFERROR(aurora_data!D205,0) -> 0 | F85: =IFERROR(aurora_data!E205,0) -> 0 | G85: =IFERROR(aurora_data!F205,0) -> 1 | H85: =IFERROR(aurora_data!G205,0) -> 0 | I85: =IFERROR(aurora_data!H205,0) -> 0 | J85: =IFERROR(aurora_data!I205,0) -> 0 | K85: =IFERROR(aurora_data!J205,0) -> 0 | L85: =IFERROR(aurora_data!K205,0) -> 0 | ... U85: =IFERROR(aurora_data!T205,0) -> 0 | W85: =IFERROR(aurora_data!U205,0) -> 1 | X85: =IFERROR(W85/$W$12,0) -> 1
D86: Stratified Out Usable N | E86: =IFERROR(aurora_data!D206,0) -> 0 | F86: =IFERROR(aurora_data!E206,0) -> 0 | G86: =IFERROR(aurora_data!F206,0) -> 0 | H86: =IFERROR(aurora_data!G206,0) -> 0 | I86: =IFERROR(aurora_data!H206,0) -> 0 | J86: =IFERROR(aurora_data!I206,0) -> 0 | K86: =IFERROR(aurora_data!J206,0) -> 0 | L86: =IFERROR(aurora_data!K206,0) -> 0 | ... U86: =IFERROR(aurora_data!T206,0) -> 0 | W86: =IFERROR(aurora_data!U206,0) -> 0 | X86: =IFERROR(W86/$W$12,0) -> 0
D87: In Process | E87: =IFERROR(aurora_data!D207,0) -> 0 | F87: =IFERROR(aurora_data!E207,0) -> 0 | G87: =IFERROR(aurora_data!F207,0) -> 0 | H87: =IFERROR(aurora_data!G207,0) -> 0 | I87: =IFERROR(aurora_data!H207,0) -> 0 | J87: =IFERROR(aurora_data!I207,0) -> 0 | K87: =IFERROR(aurora_data!J207,0) -> 0 | L87: =IFERROR(aurora_data!K207,0) -> 0 | ... U87: =IFERROR(aurora_data!T207,0) -> 0 | W87: =IFERROR(aurora_data!U207,0) -> 0 | X87: =IFERROR(W87/$W$12,0) -> 0
D88: Assigned Not Received | E88: =IFERROR(aurora_data!D208,0) -> 0 | F88: =IFERROR(aurora_data!E208,0) -> 0 | G88: =IFERROR(aurora_data!F208,0) -> 0 | H88: =IFERROR(aurora_data!G208,0) -> 0 | I88: =IFERROR(aurora_data!H208,0) -> 0 | J88: =IFERROR(aurora_data!I208,0) -> 0 | K88: =IFERROR(aurora_data!J208,0) -> 0 | L88: =IFERROR(aurora_data!K208,0) -> 0 | ... U88: =IFERROR(aurora_data!T208,0) -> 0 | W88: =IFERROR(aurora_data!U208,0) -> 0 | X88: =IFERROR(W88/$W$12,0) -> 0
D89: Reserved Not Received | E89: =IFERROR(aurora_data!D209,0) -> 0 | F89: =IFERROR(aurora_data!E209,0) -> 0 | G89: =IFERROR(aurora_data!F209,0) -> 0 | H89: =IFERROR(aurora_data!G209,0) -> 0 | I89: =IFERROR(aurora_data!H209,0) -> 0 | J89: =IFERROR(aurora_data!I209,0) -> 0 | K89: =IFERROR(aurora_data!J209,0) -> 0 | L89: =IFERROR(aurora_data!K209,0) -> 0 | ... U89: =IFERROR(aurora_data!T209,0) -> 0 | W89: =IFERROR(aurora_data!U209,0) -> 0 | X89: =IFERROR(W89/$W$12,0) -> 0
D90: Total Assignments | E90: =IFERROR(aurora_data!D210,0) -> 0 | F90: =IFERROR(aurora_data!E210,0) -> 0 | G90: =IFERROR(aurora_data!F210,0) -> 1 | H90: =IFERROR(aurora_data!G210,0) -> 0 | I90: =IFERROR(aurora_data!H210,0) -> 0 | J90: =IFERROR(aurora_data!I210,0) -> 0 | K90: =IFERROR(aurora_data!J210,0) -> 0 | L90: =IFERROR(aurora_data!K210,0) -> 0 | ... U90: =IFERROR(aurora_data!T210,0) -> 0 | W90: =IFERROR(aurora_data!U210,0) -> 1 | X90: =IFERROR(W90/$W$12,0) -> 1
D91: Selected | E91: =IFERROR(aurora_data!D211,0) -> 0 | F91: =IFERROR(aurora_data!E211,0) -> 0 | G91: =IFERROR(aurora_data!F211,0) -> 0 | H91: =IFERROR(aurora_data!G211,0) -> 0 | I91: =IFERROR(aurora_data!H211,0) -> 0 | J91: =IFERROR(aurora_data!I211,0) -> 0 | K91: =IFERROR(aurora_data!J211,0) -> 0 | L91: =IFERROR(aurora_data!K211,0) -> 0 | ... U91: =IFERROR(aurora_data!T211,0) -> 0 | W91: =IFERROR(aurora_data!U211,0) -> 0 | X91: =IFERROR(W91/$W$12,0) -> 0
B92: Open | C92: =aurora_data!A212 -> 16.00.00-16.11.30 | D92: Target | E92: =IFERROR(aurora_data!D212,0) -> 0 | F92: =IFERROR(aurora_data!E212,0) -> 0 | G92: =IFERROR(aurora_data!F212,0) -> 0 | H92: =IFERROR(aurora_data!G212,0) -> 0 | I92: =IFERROR(aurora_data!H212,0) -> 0 | J92: =IFERROR(aurora_data!I212,0) -> 0 | K92: =IFERROR(aurora_data!J212,0) -> 0 | L92: =IFERROR(aurora_data!K212,0) -> 0 | ... U92: =IFERROR(aurora_data!T212,0) -> 0 | W92: =IFERROR(aurora_data!U212,0) -> 1 | X92: =IFERROR(W92/$W$12,0) -> 1
D93: Usable | E93: =IFERROR(aurora_data!D213,0) -> 1 | F93: =IFERROR(aurora_data!E213,0) -> 0 | G93: =IFERROR(aurora_data!F213,0) -> 0 | H93: =IFERROR(aurora_data!G213,0) -> 1 | I93: =IFERROR(aurora_data!H213,0) -> 0 | J93: =IFERROR(aurora_data!I213,0) -> 0 | K93: =IFERROR(aurora_data!J213,0) -> 0 | L93: =IFERROR(aurora_data!K213,0) -> 1 | ... U93: =IFERROR(aurora_data!T213,0) -> 0 | W93: =IFERROR(aurora_data!U213,0) -> 2 | X93: =IFERROR(W93/$W$12,0) -> 2
D94: Stratified Out Usable N | E94: =IFERROR(aurora_data!D214,0) -> 0 | F94: =IFERROR(aurora_data!E214,0) -> 0 | G94: =IFERROR(aurora_data!F214,0) -> 0 | H94: =IFERROR(aurora_data!G214,0) -> 0 | I94: =IFERROR(aurora_data!H214,0) -> 0 | J94: =IFERROR(aurora_data!I214,0) -> 0 | K94: =IFERROR(aurora_data!J214,0) -> 0 | L94: =IFERROR(aurora_data!K214,0) -> 0 | ... U94: =IFERROR(aurora_data!T214,0) -> 0 | W94: =IFERROR(aurora_data!U214,0) -> 0 | X94: =IFERROR(W94/$W$12,0) -> 0
D95: In Process | E95: =IFERROR(aurora_data!D215,0) -> 0 | F95: =IFERROR(aurora_data!E215,0) -> 0 | G95: =IFERROR(aurora_data!F215,0) -> 0 | H95: =IFERROR(aurora_data!G215,0) -> 1 | I95: =IFERROR(aurora_data!H215,0) -> 0 | J95: =IFERROR(aurora_data!I215,0) -> 0 | K95: =IFERROR(aurora_data!J215,0) -> 0 | L95: =IFERROR(aurora_data!K215,0) -> 0 | ... U95: =IFERROR(aurora_data!T215,0) -> 0 | W95: =IFERROR(aurora_data!U215,0) -> 1 | X95: =IFERROR(W95/$W$12,0) -> 1
D96: Assigned Not Received | E96: =IFERROR(aurora_data!D216,0) -> 0 | F96: =IFERROR(aurora_data!E216,0) -> 0 | G96: =IFERROR(aurora_data!F216,0) -> 0 | H96: =IFERROR(aurora_data!G216,0) -> 0 | I96: =IFERROR(aurora_data!H216,0) -> 0 | J96: =IFERROR(aurora_data!I216,0) -> 0 | K96: =IFERROR(aurora_data!J216,0) -> 0 | L96: =IFERROR(aurora_data!K216,0) -> 0 | ... U96: =IFERROR(aurora_data!T216,0) -> 0 | W96: =IFERROR(aurora_data!U216,0) -> 0 | X96: =IFERROR(W96/$W$12,0) -> 0
D97: Reserved Not Received | E97: =IFERROR(aurora_data!D217,0) -> 0 | F97: =IFERROR(aurora_data!E217,0) -> 0 | G97: =IFERROR(aurora_data!F217,0) -> 0 | H97: =IFERROR(aurora_data!G217,0) -> 0 | I97: =IFERROR(aurora_data!H217,0) -> 0 | J97: =IFERROR(aurora_data!I217,0) -> 0 | K97: =IFERROR(aurora_data!J217,0) -> 0 | L97: =IFERROR(aurora_data!K217,0) -> 0 | ... U97: =IFERROR(aurora_data!T217,0) -> 0 | W97: =IFERROR(aurora_data!U217,0) -> 0 | X97: =IFERROR(W97/$W$12,0) -> 0
D98: Total Assignments | E98: =IFERROR(aurora_data!D218,0) -> 1 | F98: =IFERROR(aurora_data!E218,0) -> 0 | G98: =IFERROR(aurora_data!F218,0) -> 0 | H98: =IFERROR(aurora_data!G218,0) -> 2 | I98: =IFERROR(aurora_data!H218,0) -> 0 | J98: =IFERROR(aurora_data!I218,0) -> 0 | K98: =IFERROR(aurora_data!J218,0) -> 0 | L98: =IFERROR(aurora_data!K218,0) -> 1 | ... U98: =IFERROR(aurora_data!T218,0) -> 0 | W98: =IFERROR(aurora_data!U218,0) -> 3 | X98: =IFERROR(W98/$W$12,0) -> 3
D99: Selected | E99: =IFERROR(aurora_data!D219,0) -> 0 | F99: =IFERROR(aurora_data!E219,0) -> 0 | G99: =IFERROR(aurora_data!F219,0) -> 0 | H99: =IFERROR(aurora_data!G219,0) -> 0 | I99: =IFERROR(aurora_data!H219,0) -> 0 | J99: =IFERROR(aurora_data!I219,0) -> 0 | K99: =IFERROR(aurora_data!J219,0) -> 0 | L99: =IFERROR(aurora_data!K219,0) -> 0 | ... U99: =IFERROR(aurora_data!T219,0) -> 0 | W99: =IFERROR(aurora_data!U219,0) -> 0 | X99: =IFERROR(W99/$W$12,0) -> 0
B100: Open | C100: Total | D100: Target | E100: =IFERROR(aurora_data!D220,0) -> 0 | F100: =IFERROR(aurora_data!E220,0) -> 0 | G100: =IFERROR(aurora_data!F220,0) -> 0 | H100: =IFERROR(aurora_data!G220,0) -> 0 | I100: =IFERROR(aurora_data!H220,0) -> 0 | J100: =IFERROR(aurora_data!I220,0) -> 0 | K100: =IFERROR(aurora_data!J220,0) -> 0 | L100: =IFERROR(aurora_data!K220,0) -> 0 | ... U100: =IFERROR(aurora_data!T220,0) -> 0 | W100: =IFERROR(aurora_data!U220,0) -> 11 | X100: =IFERROR(W100/$W$100,0) -> 1
D101: Usable | E101: =IFERROR(aurora_data!D221,0) -> 1 | F101: =IFERROR(aurora_data!E221,0) -> 0 | G101: =IFERROR(aurora_data!F221,0) -> 1 | H101: =IFERROR(aurora_data!G221,0) -> 1 | I101: =IFERROR(aurora_data!H221,0) -> 0 | J101: =IFERROR(aurora_data!I221,0) -> 0 | K101: =IFERROR(aurora_data!J221,0) -> 0 | L101: =IFERROR(aurora_data!K221,0) -> 1 | ... U101: =IFERROR(aurora_data!T221,0) -> 0 | W101: =IFERROR(aurora_data!U221,0) -> 3 | X101: =IFERROR(W101/$W$100,0) -> 0.27272727
D102: Stratified Out Usable N | E102: =IFERROR(aurora_data!D222,0) -> 0 | F102: =IFERROR(aurora_data!E222,0) -> 0 | G102: =IFERROR(aurora_data!F222,0) -> 0 | H102: =IFERROR(aurora_data!G222,0) -> 0 | I102: =IFERROR(aurora_data!H222,0) -> 0 | J102: =IFERROR(aurora_data!I222,0) -> 0 | K102: =IFERROR(aurora_data!J222,0) -> 0 | L102: =IFERROR(aurora_data!K222,0) -> 0 | ... U102: =IFERROR(aurora_data!T222,0) -> 0 | W102: =IFERROR(aurora_data!U222,0) -> 0 | X102: =IFERROR(W102/$W$100,0) -> 0
...

Sheet OSEP_DD_P
A1: Total Assigments below Target | D1: Study Information | N1: Additional Information
A2: Usable greater/equal to target | D2: =_xlfn.CONCAT("Study Name: "," OSEP – Developmental Delay - Paper") -> Study Name: OSEP – Developmental Delay - Paper | K2: Usable = case is available to Psychometrics for this study In Process = questionable, In Process Assigned Not Recd = Tests assigned to examiners, no tests received (required tests) Reserved not Received = Tests in reserved status, not received Total Assignments = sum of Usable, Received Non Final, Assigned Partial Received, Assigned Not Received Selected = default status for making an assignment
D3: =_xlfn.CONCAT("Study Acronym: "," OSEP_DD_P") -> Study Acronym: OSEP_DD_P | F3: Study ID: 3818
D5: Additional Requirements
D6: None
B8: =_xlfn.CONCAT("Last Refreshed at: ",aurora_data!V232) -> Last Refreshed at: 09/17/2026 @ 7:20 AM | E8: Demographic Variables | W8: Totals
D9: Variance Tolerance: | E9: some of each, if possible | J9: some of each, if possible | O9: some of each, if possible | S9: some of each, if possible
B10: Status | E10: Education Level | J10: Ethnicity | O10: Region | S10: SEX
C11: ageband | D11: report | E11: 1 | F11: 2 | G11: 3 | H11: 4 | I11: 5 | J11: AS | K11: BL | L11: HI | M11: OTH | N11: WH | O11: MW | P11: NE | Q11: SO | R11: WE | S11: F | T11: M | U11: INT
B12: Open | C12: =aurora_data!A232 -> 06.00.00-06.11.30 | D12: Target | E12: =IFERROR(aurora_data!D232,0) -> 0 | F12: =IFERROR(aurora_data!E232,0) -> 0 | G12: =IFERROR(aurora_data!F232,0) -> 0 | H12: =IFERROR(aurora_data!G232,0) -> 0 | I12: =IFERROR(aurora_data!H232,0) -> 0 | J12: =IFERROR(aurora_data!I232,0) -> 0 | K12: =IFERROR(aurora_data!J232,0) -> 0 | L12: =IFERROR(aurora_data!K232,0) -> 0 | ... V12: =IFERROR(aurora_data!U232,0) -> 7 | W12: =IFERROR(aurora_data!U232,0) -> 7 | X12: =IFERROR(W12/$W$12,0) -> 1
D13: Usable | E13: =IFERROR(aurora_data!D233,0) -> 0 | F13: =IFERROR(aurora_data!E233,0) -> 0 | G13: =IFERROR(aurora_data!F233,0) -> 0 | H13: =IFERROR(aurora_data!G233,0) -> 0 | I13: =IFERROR(aurora_data!H233,0) -> 0 | J13: =IFERROR(aurora_data!I233,0) -> 0 | K13: =IFERROR(aurora_data!J233,0) -> 0 | L13: =IFERROR(aurora_data!K233,0) -> 0 | ... V13: =IFERROR(aurora_data!U233,0) -> 0 | W13: =IFERROR(aurora_data!U233,0) -> 0 | X13: =IFERROR(W13/$W$12,0) -> 0
D14: Stratified Out Usable N | E14: =IFERROR(aurora_data!D234,0) -> 0 | F14: =IFERROR(aurora_data!E234,0) -> 0 | G14: =IFERROR(aurora_data!F234,0) -> 0 | H14: =IFERROR(aurora_data!G234,0) -> 0 | I14: =IFERROR(aurora_data!H234,0) -> 0 | J14: =IFERROR(aurora_data!I234,0) -> 0 | K14: =IFERROR(aurora_data!J234,0) -> 0 | L14: =IFERROR(aurora_data!K234,0) -> 0 | ... V14: =IFERROR(aurora_data!U234,0) -> 0 | W14: =IFERROR(aurora_data!U234,0) -> 0 | X14: =IFERROR(W14/$W$12,0) -> 0
D15: In Process | E15: =IFERROR(aurora_data!D235,0) -> 0 | F15: =IFERROR(aurora_data!E235,0) -> 0 | G15: =IFERROR(aurora_data!F235,0) -> 0 | H15: =IFERROR(aurora_data!G235,0) -> 0 | I15: =IFERROR(aurora_data!H235,0) -> 0 | J15: =IFERROR(aurora_data!I235,0) -> 0 | K15: =IFERROR(aurora_data!J235,0) -> 0 | L15: =IFERROR(aurora_data!K235,0) -> 0 | ... V15: =IFERROR(aurora_data!U235,0) -> 0 | W15: =IFERROR(aurora_data!U235,0) -> 0 | X15: =IFERROR(W15/$W$12,0) -> 0
D16: Assigned Not Received | E16: =IFERROR(aurora_data!D236,0) -> 0 | F16: =IFERROR(aurora_data!E236,0) -> 0 | G16: =IFERROR(aurora_data!F236,0) -> 0 | H16: =IFERROR(aurora_data!G236,0) -> 0 | I16: =IFERROR(aurora_data!H236,0) -> 0 | J16: =IFERROR(aurora_data!I236,0) -> 0 | K16: =IFERROR(aurora_data!J236,0) -> 0 | L16: =IFERROR(aurora_data!K236,0) -> 0 | ... V16: =IFERROR(aurora_data!U236,0) -> 0 | W16: =IFERROR(aurora_data!U236,0) -> 0 | X16: =IFERROR(W16/$W$12,0) -> 0
D17: Reserved Not Received | E17: =IFERROR(aurora_data!D237,0) -> 0 | F17: =IFERROR(aurora_data!E237,0) -> 0 | G17: =IFERROR(aurora_data!F237,0) -> 0 | H17: =IFERROR(aurora_data!G237,0) -> 0 | I17: =IFERROR(aurora_data!H237,0) -> 0 | J17: =IFERROR(aurora_data!I237,0) -> 0 | K17: =IFERROR(aurora_data!J237,0) -> 0 | L17: =IFERROR(aurora_data!K237,0) -> 0 | ... V17: =IFERROR(aurora_data!U237,0) -> 0 | W17: =IFERROR(aurora_data!U237,0) -> 0 | X17: =IFERROR(W17/$W$12,0) -> 0
D18: Total Assignments | E18: =IFERROR(aurora_data!D238,0) -> 0 | F18: =IFERROR(aurora_data!E238,0) -> 0 | G18: =IFERROR(aurora_data!F238,0) -> 0 | H18: =IFERROR(aurora_data!G238,0) -> 0 | I18: =IFERROR(aurora_data!H238,0) -> 0 | J18: =IFERROR(aurora_data!I238,0) -> 0 | K18: =IFERROR(aurora_data!J238,0) -> 0 | L18: =IFERROR(aurora_data!K238,0) -> 0 | ... V18: =IFERROR(aurora_data!U238,0) -> 0 | W18: =IFERROR(aurora_data!U238,0) -> 0 | X18: =IFERROR(W18/$W$12,0) -> 0
D19: Selected | E19: =IFERROR(aurora_data!D239,0) -> 0 | F19: =IFERROR(aurora_data!E239,0) -> 0 | G19: =IFERROR(aurora_data!F239,0) -> 0 | H19: =IFERROR(aurora_data!G239,0) -> 0 | I19: =IFERROR(aurora_data!H239,0) -> 0 | J19: =IFERROR(aurora_data!I239,0) -> 0 | K19: =IFERROR(aurora_data!J239,0) -> 0 | L19: =IFERROR(aurora_data!K239,0) -> 0 | ... V19: =IFERROR(aurora_data!U239,0) -> 0 | W19: =IFERROR(aurora_data!U239,0) -> 0 | X19: =IFERROR(W19/$W$12,0) -> 0
B20: Open | C20: =aurora_data!A240 -> 07.00.00-07.11.30 | D20: Target | E20: =IFERROR(aurora_data!D240,0) -> 0 | F20: =IFERROR(aurora_data!E240,0) -> 0 | G20: =IFERROR(aurora_data!F240,0) -> 0 | H20: =IFERROR(aurora_data!G240,0) -> 0 | I20: =IFERROR(aurora_data!H240,0) -> 0 | J20: =IFERROR(aurora_data!I240,0) -> 0 | K20: =IFERROR(aurora_data!J240,0) -> 0 | L20: =IFERROR(aurora_data!K240,0) -> 0 | ... V20: =IFERROR(aurora_data!U240,0) -> 7 | W20: =IFERROR(aurora_data!U240,0) -> 7 | X20: =IFERROR(W20/$W$12,0) -> 1
D21: Usable | E21: =IFERROR(aurora_data!D241,0) -> 0 | F21: =IFERROR(aurora_data!E241,0) -> 1 | G21: =IFERROR(aurora_data!F241,0) -> 0 | H21: =IFERROR(aurora_data!G241,0) -> 0 | I21: =IFERROR(aurora_data!H241,0) -> 0 | J21: =IFERROR(aurora_data!I241,0) -> 0 | K21: =IFERROR(aurora_data!J241,0) -> 1 | L21: =IFERROR(aurora_data!K241,0) -> 0 | ... V21: =IFERROR(aurora_data!U241,0) -> 1 | W21: =IFERROR(aurora_data!U241,0) -> 1 | X21: =IFERROR(W21/$W$12,0) -> 0.14285714
D22: Stratified Out Usable N | E22: =IFERROR(aurora_data!D242,0) -> 0 | F22: =IFERROR(aurora_data!E242,0) -> 0 | G22: =IFERROR(aurora_data!F242,0) -> 0 | H22: =IFERROR(aurora_data!G242,0) -> 0 | I22: =IFERROR(aurora_data!H242,0) -> 0 | J22: =IFERROR(aurora_data!I242,0) -> 0 | K22: =IFERROR(aurora_data!J242,0) -> 0 | L22: =IFERROR(aurora_data!K242,0) -> 0 | ... V22: =IFERROR(aurora_data!U242,0) -> 0 | W22: =IFERROR(aurora_data!U242,0) -> 0 | X22: =IFERROR(W22/$W$12,0) -> 0
D23: In Process | E23: =IFERROR(aurora_data!D243,0) -> 0 | F23: =IFERROR(aurora_data!E243,0) -> 0 | G23: =IFERROR(aurora_data!F243,0) -> 0 | H23: =IFERROR(aurora_data!G243,0) -> 0 | I23: =IFERROR(aurora_data!H243,0) -> 0 | J23: =IFERROR(aurora_data!I243,0) -> 0 | K23: =IFERROR(aurora_data!J243,0) -> 0 | L23: =IFERROR(aurora_data!K243,0) -> 0 | ... V23: =IFERROR(aurora_data!U243,0) -> 0 | W23: =IFERROR(aurora_data!U243,0) -> 0 | X23: =IFERROR(W23/$W$12,0) -> 0
D24: Assigned Not Received | E24: =IFERROR(aurora_data!D244,0) -> 0 | F24: =IFERROR(aurora_data!E244,0) -> 0 | G24: =IFERROR(aurora_data!F244,0) -> 0 | H24: =IFERROR(aurora_data!G244,0) -> 0 | I24: =IFERROR(aurora_data!H244,0) -> 0 | J24: =IFERROR(aurora_data!I244,0) -> 0 | K24: =IFERROR(aurora_data!J244,0) -> 0 | L24: =IFERROR(aurora_data!K244,0) -> 0 | ... V24: =IFERROR(aurora_data!U244,0) -> 0 | W24: =IFERROR(aurora_data!U244,0) -> 0 | X24: =IFERROR(W24/$W$12,0) -> 0
D25: Reserved Not Received | E25: =IFERROR(aurora_data!D245,0) -> 0 | F25: =IFERROR(aurora_data!E245,0) -> 0 | G25: =IFERROR(aurora_data!F245,0) -> 0 | H25: =IFERROR(aurora_data!G245,0) -> 0 | I25: =IFERROR(aurora_data!H245,0) -> 0 | J25: =IFERROR(aurora_data!I245,0) -> 0 | K25: =IFERROR(aurora_data!J245,0) -> 0 | L25: =IFERROR(aurora_data!K245,0) -> 0 | ... V25: =IFERROR(aurora_data!U245,0) -> 0 | W25: =IFERROR(aurora_data!U245,0) -> 0 | X25: =IFERROR(W25/$W$12,0) -> 0
D26: Total Assignments | E26: =IFERROR(aurora_data!D246,0) -> 0 | F26: =IFERROR(aurora_data!E246,0) -> 1 | G26: =IFERROR(aurora_data!F246,0) -> 0 | H26: =IFERROR(aurora_data!G246,0) -> 0 | I26: =IFERROR(aurora_data!H246,0) -> 0 | J26: =IFERROR(aurora_data!I246,0) -> 0 | K26: =IFERROR(aurora_data!J246,0) -> 1 | L26: =IFERROR(aurora_data!K246,0) -> 0 | ... V26: =IFERROR(aurora_data!U246,0) -> 1 | W26: =IFERROR(aurora_data!U246,0) -> 1 | X26: =IFERROR(W26/$W$12,0) -> 0.14285714
D27: Selected | E27: =IFERROR(aurora_data!D247,0) -> 0 | F27: =IFERROR(aurora_data!E247,0) -> 0 | G27: =IFERROR(aurora_data!F247,0) -> 0 | H27: =IFERROR(aurora_data!G247,0) -> 0 | I27: =IFERROR(aurora_data!H247,0) -> 0 | J27: =IFERROR(aurora_data!I247,0) -> 0 | K27: =IFERROR(aurora_data!J247,0) -> 0 | L27: =IFERROR(aurora_data!K247,0) -> 0 | ... V27: =IFERROR(aurora_data!U247,0) -> 0 | W27: =IFERROR(aurora_data!U247,0) -> 0 | X27: =IFERROR(W27/$W$12,0) -> 0
B28: Open | C28: =aurora_data!A248 -> 08.00.00-08.11.30 | D28: Target | E28: =IFERROR(aurora_data!D248,0) -> 0 | F28: =IFERROR(aurora_data!E248,0) -> 0 | G28: =IFERROR(aurora_data!F248,0) -> 0 | H28: =IFERROR(aurora_data!G248,0) -> 0 | I28: =IFERROR(aurora_data!H248,0) -> 0 | J28: =IFERROR(aurora_data!I248,0) -> 0 | K28: =IFERROR(aurora_data!J248,0) -> 0 | L28: =IFERROR(aurora_data!K248,0) -> 0 | ... V28: =IFERROR(aurora_data!U248,0) -> 5 | W28: =IFERROR(aurora_data!U248,0) -> 5 | X28: =IFERROR(W28/$W$12,0) -> 0.71428571
D29: Usable | E29: =IFERROR(aurora_data!D249,0) -> 0 | F29: =IFERROR(aurora_data!E249,0) -> 0 | G29: =IFERROR(aurora_data!F249,0) -> 0 | H29: =IFERROR(aurora_data!G249,0) -> 0 | I29: =IFERROR(aurora_data!H249,0) -> 0 | J29: =IFERROR(aurora_data!I249,0) -> 0 | K29: =IFERROR(aurora_data!J249,0) -> 0 | L29: =IFERROR(aurora_data!K249,0) -> 0 | ... V29: =IFERROR(aurora_data!U249,0) -> 0 | W29: =IFERROR(aurora_data!U249,0) -> 0 | X29: =IFERROR(W29/$W$12,0) -> 0
D30: Stratified Out Usable N | E30: =IFERROR(aurora_data!D250,0) -> 0 | F30: =IFERROR(aurora_data!E250,0) -> 0 | G30: =IFERROR(aurora_data!F250,0) -> 0 | H30: =IFERROR(aurora_data!G250,0) -> 0 | I30: =IFERROR(aurora_data!H250,0) -> 0 | J30: =IFERROR(aurora_data!I250,0) -> 0 | K30: =IFERROR(aurora_data!J250,0) -> 0 | L30: =IFERROR(aurora_data!K250,0) -> 0 | ... V30: =IFERROR(aurora_data!U250,0) -> 0 | W30: =IFERROR(aurora_data!U250,0) -> 0 | X30: =IFERROR(W30/$W$12,0) -> 0
D31: In Process | E31: =IFERROR(aurora_data!D251,0) -> 0 | F31: =IFERROR(aurora_data!E251,0) -> 0 | G31: =IFERROR(aurora_data!F251,0) -> 0 | H31: =IFERROR(aurora_data!G251,0) -> 0 | I31: =IFERROR(aurora_data!H251,0) -> 0 | J31: =IFERROR(aurora_data!I251,0) -> 0 | K31: =IFERROR(aurora_data!J251,0) -> 0 | L31: =IFERROR(aurora_data!K251,0) -> 0 | ... V31: =IFERROR(aurora_data!U251,0) -> 0 | W31: =IFERROR(aurora_data!U251,0) -> 0 | X31: =IFERROR(W31/$W$12,0) -> 0
D32: Assigned Not Received | E32: =IFERROR(aurora_data!D252,0) -> 0 | F32: =IFERROR(aurora_data!E252,0) -> 0 | G32: =IFERROR(aurora_data!F252,0) -> 0 | H32: =IFERROR(aurora_data!G252,0) -> 0 | I32: =IFERROR(aurora_data!H252,0) -> 0 | J32: =IFERROR(aurora_data!I252,0) -> 0 | K32: =IFERROR(aurora_data!J252,0) -> 0 | L32: =IFERROR(aurora_data!K252,0) -> 0 | ... V32: =IFERROR(aurora_data!U252,0) -> 0 | W32: =IFERROR(aurora_data!U252,0) -> 0 | X32: =IFERROR(W32/$W$12,0) -> 0
D33: Reserved Not Received | E33: =IFERROR(aurora_data!D253,0) -> 0 | F33: =IFERROR(aurora_data!E253,0) -> 0 | G33: =IFERROR(aurora_data!F253,0) -> 0 | H33: =IFERROR(aurora_data!G253,0) -> 0 | I33: =IFERROR(aurora_data!H253,0) -> 0 | J33: =IFERROR(aurora_data!I253,0) -> 0 | K33: =IFERROR(aurora_data!J253,0) -> 0 | L33: =IFERROR(aurora_data!K253,0) -> 0 | ... V33: =IFERROR(aurora_data!U253,0) -> 0 | W33: =IFERROR(aurora_data!U253,0) -> 0 | X33: =IFERROR(W33/$W$12,0) -> 0
D34: Total Assignments | E34: =IFERROR(aurora_data!D254,0) -> 0 | F34: =IFERROR(aurora_data!E254,0) -> 0 | G34: =IFERROR(aurora_data!F254,0) -> 0 | H34: =IFERROR(aurora_data!G254,0) -> 0 | I34: =IFERROR(aurora_data!H254,0) -> 0 | J34: =IFERROR(aurora_data!I254,0) -> 0 | K34: =IFERROR(aurora_data!J254,0) -> 0 | L34: =IFERROR(aurora_data!K254,0) -> 0 | ... V34: =IFERROR(aurora_data!U254,0) -> 0 | W34: =IFERROR(aurora_data!U254,0) -> 0 | X34: =IFERROR(W34/$W$12,0) -> 0
D35: Selected | E35: =IFERROR(aurora_data!D255,0) -> 0 | F35: =IFERROR(aurora_data!E255,0) -> 0 | G35: =IFERROR(aurora_data!F255,0) -> 0 | H35: =IFERROR(aurora_data!G255,0) -> 0 | I35: =IFERROR(aurora_data!H255,0) -> 0 | J35: =IFERROR(aurora_data!I255,0) -> 0 | K35: =IFERROR(aurora_data!J255,0) -> 0 | L35: =IFERROR(aurora_data!K255,0) -> 0 | ... V35: =IFERROR(aurora_data!U255,0) -> 0 | W35: =IFERROR(aurora_data!U255,0) -> 0 | X35: =IFERROR(W35/$W$12,0) -> 0
B36: Open | C36: =aurora_data!A256 -> 09.00.00-09.11.30 | D36: Target | E36: =IFERROR(aurora_data!D256,0) -> 0 | F36: =IFERROR(aurora_data!E256,0) -> 0 | G36: =IFERROR(aurora_data!F256,0) -> 0 | H36: =IFERROR(aurora_data!G256,0) -> 0 | I36: =IFERROR(aurora_data!H256,0) -> 0 | J36: =IFERROR(aurora_data!I256,0) -> 0 | K36: =IFERROR(aurora_data!J256,0) -> 0 | L36: =IFERROR(aurora_data!K256,0) -> 0 | ... V36: =IFERROR(aurora_data!U256,0) -> 3 | W36: =IFERROR(aurora_data!U256,0) -> 3 | X36: =IFERROR(W36/$W$12,0) -> 0.42857143
D37: Usable | E37: =IFERROR(aurora_data!D257,0) -> 0 | F37: =IFERROR(aurora_data!E257,0) -> 0 | G37: =IFERROR(aurora_data!F257,0) -> 0 | H37: =IFERROR(aurora_data!G257,0) -> 0 | I37: =IFERROR(aurora_data!H257,0) -> 0 | J37: =IFERROR(aurora_data!I257,0) -> 0 | K37: =IFERROR(aurora_data!J257,0) -> 0 | L37: =IFERROR(aurora_data!K257,0) -> 0 | ... V37: =IFERROR(aurora_data!U257,0) -> 0 | W37: =IFERROR(aurora_data!U257,0) -> 0 | X37: =IFERROR(W37/$W$12,0) -> 0
D38: Stratified Out Usable N | E38: =IFERROR(aurora_data!D258,0) -> 0 | F38: =IFERROR(aurora_data!E258,0) -> 0 | G38: =IFERROR(aurora_data!F258,0) -> 0 | H38: =IFERROR(aurora_data!G258,0) -> 0 | I38: =IFERROR(aurora_data!H258,0) -> 0 | J38: =IFERROR(aurora_data!I258,0) -> 0 | K38: =IFERROR(aurora_data!J258,0) -> 0 | L38: =IFERROR(aurora_data!K258,0) -> 0 | ... V38: =IFERROR(aurora_data!U258,0) -> 0 | W38: =IFERROR(aurora_data!U258,0) -> 0 | X38: =IFERROR(W38/$W$12,0) -> 0
D39: In Process | E39: =IFERROR(aurora_data!D259,0) -> 0 | F39: =IFERROR(aurora_data!E259,0) -> 0 | G39: =IFERROR(aurora_data!F259,0) -> 0 | H39: =IFERROR(aurora_data!G259,0) -> 0 | I39: =IFERROR(aurora_data!H259,0) -> 0 | J39: =IFERROR(aurora_data!I259,0) -> 0 | K39: =IFERROR(aurora_data!J259,0) -> 0 | L39: =IFERROR(aurora_data!K259,0) -> 0 | ... V39: =IFERROR(aurora_data!U259,0) -> 0 | W39: =IFERROR(aurora_data!U259,0) -> 0 | X39: =IFERROR(W39/$W$12,0) -> 0
D40: Assigned Not Received | E40: =IFERROR(aurora_data!D260,0) -> 0 | F40: =IFERROR(aurora_data!E260,0) -> 0 | G40: =IFERROR(aurora_data!F260,0) -> 0 | H40: =IFERROR(aurora_data!G260,0) -> 0 | I40: =IFERROR(aurora_data!H260,0) -> 0 | J40: =IFERROR(aurora_data!I260,0) -> 0 | K40: =IFERROR(aurora_data!J260,0) -> 0 | L40: =IFERROR(aurora_data!K260,0) -> 0 | ... V40: =IFERROR(aurora_data!U260,0) -> 0 | W40: =IFERROR(aurora_data!U260,0) -> 0 | X40: =IFERROR(W40/$W$12,0) -> 0
D41: Reserved Not Received | E41: =IFERROR(aurora_data!D261,0) -> 0 | F41: =IFERROR(aurora_data!E261,0) -> 0 | G41: =IFERROR(aurora_data!F261,0) -> 0 | H41: =IFERROR(aurora_data!G261,0) -> 0 | I41: =IFERROR(aurora_data!H261,0) -> 0 | J41: =IFERROR(aurora_data!I261,0) -> 0 | K41: =IFERROR(aurora_data!J261,0) -> 0 | L41: =IFERROR(aurora_data!K261,0) -> 0 | ... V41: =IFERROR(aurora_data!U261,0) -> 0 | W41: =IFERROR(aurora_data!U261,0) -> 0 | X41: =IFERROR(W41/$W$12,0) -> 0
D42: Total Assignments | E42: =IFERROR(aurora_data!D262,0) -> 0 | F42: =IFERROR(aurora_data!E262,0) -> 0 | G42: =IFERROR(aurora_data!F262,0) -> 0 | H42: =IFERROR(aurora_data!G262,0) -> 0 | I42: =IFERROR(aurora_data!H262,0) -> 0 | J42: =IFERROR(aurora_data!I262,0) -> 0 | K42: =IFERROR(aurora_data!J262,0) -> 0 | L42: =IFERROR(aurora_data!K262,0) -> 0 | ... V42: =IFERROR(aurora_data!U262,0) -> 0 | W42: =IFERROR(aurora_data!U262,0) -> 0 | X42: =IFERROR(W42/$W$12,0) -> 0
D43: Selected | E43: =IFERROR(aurora_data!D263,0) -> 0 | F43: =IFERROR(aurora_data!E263,0) -> 0 | G43: =IFERROR(aurora_data!F263,0) -> 0 | H43: =IFERROR(aurora_data!G263,0) -> 0 | I43: =IFERROR(aurora_data!H263,0) -> 0 | J43: =IFERROR(aurora_data!I263,0) -> 0 | K43: =IFERROR(aurora_data!J263,0) -> 0 | L43: =IFERROR(aurora_data!K263,0) -> 0 | ... V43: =IFERROR(aurora_data!U263,0) -> 0 | W43: =IFERROR(aurora_data!U263,0) -> 0 | X43: =IFERROR(W43/$W$12,0) -> 0
B44: Open | C44: Total | D44: Target | E44: =IFERROR(aurora_data!D264,0) -> 0 | F44: =IFERROR(aurora_data!E264,0) -> 0 | G44: =IFERROR(aurora_data!F264,0) -> 0 | H44: =IFERROR(aurora_data!G264,0) -> 0 | I44: =IFERROR(aurora_data!H264,0) -> 0 | J44: =IFERROR(aurora_data!I264,0) -> 0 | K44: =IFERROR(aurora_data!J264,0) -> 0 | L44: =IFERROR(aurora_data!K264,0) -> 0 | ... V44: =IFERROR(aurora_data!U264,0) -> 22 | W44: =IFERROR(aurora_data!U264,0) -> 22 | X44: =IFERROR(W44/$W$44,0) -> 1
D45: Usable | E45: =IFERROR(aurora_data!D265,0) -> 0 | F45: =IFERROR(aurora_data!E265,0) -> 1 | G45: =IFERROR(aurora_data!F265,0) -> 0 | H45: =IFERROR(aurora_data!G265,0) -> 0 | I45: =IFERROR(aurora_data!H265,0) -> 0 | J45: =IFERROR(aurora_data!I265,0) -> 0 | K45: =IFERROR(aurora_data!J265,0) -> 1 | L45: =IFERROR(aurora_data!K265,0) -> 0 | ... V45: =IFERROR(aurora_data!U265,0) -> 1 | W45: =IFERROR(aurora_data!U265,0) -> 1 | X45: =IFERROR(W45/$W$44,0) -> 0.045454545
D46: Stratified Out Usable N | E46: =IFERROR(aurora_data!D266,0) -> 0 | F46: =IFERROR(aurora_data!E266,0) -> 0 | G46: =IFERROR(aurora_data!F266,0) -> 0 | H46: =IFERROR(aurora_data!G266,0) -> 0 | I46: =IFERROR(aurora_data!H266,0) -> 0 | J46: =IFERROR(aurora_data!I266,0) -> 0 | K46: =IFERROR(aurora_data!J266,0) -> 0 | L46: =IFERROR(aurora_data!K266,0) -> 0 | ... V46: =IFERROR(aurora_data!U266,0) -> 0 | W46: =IFERROR(aurora_data!U266,0) -> 0 | X46: =IFERROR(W46/$W$44,0) -> 0
D47: In Process | E47: =IFERROR(aurora_data!D267,0) -> 0 | F47: =IFERROR(aurora_data!E267,0) -> 0 | G47: =IFERROR(aurora_data!F267,0) -> 0 | H47: =IFERROR(aurora_data!G267,0) -> 0 | I47: =IFERROR(aurora_data!H267,0) -> 0 | J47: =IFERROR(aurora_data!I267,0) -> 0 | K47: =IFERROR(aurora_data!J267,0) -> 0 | L47: =IFERROR(aurora_data!K267,0) -> 0 | ... V47: =IFERROR(aurora_data!U267,0) -> 0 | W47: =IFERROR(aurora_data!U267,0) -> 0 | X47: =IFERROR(W47/$W$44,0) -> 0
D48: Assigned Not Received | E48: =IFERROR(aurora_data!D268,0) -> 0 | F48: =IFERROR(aurora_data!E268,0) -> 0 | G48: =IFERROR(aurora_data!F268,0) -> 0 | H48: =IFERROR(aurora_data!G268,0) -> 0 | I48: =IFERROR(aurora_data!H268,0) -> 0 | J48: =IFERROR(aurora_data!I268,0) -> 0 | K48: =IFERROR(aurora_data!J268,0) -> 0 | L48: =IFERROR(aurora_data!K268,0) -> 0 | ... V48: =IFERROR(aurora_data!U268,0) -> 0 | W48: =IFERROR(aurora_data!U268,0) -> 0 | X48: =IFERROR(W48/$W$44,0) -> 0
D49: Reserved Not Received | E49: =IFERROR(aurora_data!D269,0) -> 0 | F49: =IFERROR(aurora_data!E269,0) -> 0 | G49: =IFERROR(aurora_data!F269,0) -> 0 | H49: =IFERROR(aurora_data!G269,0) -> 0 | I49: =IFERROR(aurora_data!H269,0) -> 0 | J49: =IFERROR(aurora_data!I269,0) -> 0 | K49: =IFERROR(aurora_data!J269,0) -> 0 | L49: =IFERROR(aurora_data!K269,0) -> 0 | ... V49: =IFERROR(aurora_data!U269,0) -> 0 | W49: =IFERROR(aurora_data!U269,0) -> 0 | X49: =IFERROR(W49/$W$44,0) -> 0
D50: Total Assignments | E50: =IFERROR(aurora_data!D270,0) -> 0 | F50: =IFERROR(aurora_data!E270,0) -> 1 | G50: =IFERROR(aurora_data!F270,0) -> 0 | H50: =IFERROR(aurora_data!G270,0) -> 0 | I50: =IFERROR(aurora_data!H270,0) -> 0 | J50: =IFERROR(aurora_data!I270,0) -> 0 | K50: =IFERROR(aurora_data!J270,0) -> 1 | L50: =IFERROR(aurora_data!K270,0) -> 0 | ... V50: =IFERROR(aurora_data!U270,0) -> 1 | W50: =IFERROR(aurora_data!U270,0) -> 1 | X50: =IFERROR(W50/$W$44,0) -> 0.045454545
D51: Selected | E51: =IFERROR(aurora_data!D271,0) -> 0 | F51: =IFERROR(aurora_data!E271,0) -> 0 | G51: =IFERROR(aurora_data!F271,0) -> 0 | H51: =IFERROR(aurora_data!G271,0) -> 0 | I51: =IFERROR(aurora_data!H271,0) -> 0 | J51: =IFERROR(aurora_data!I271,0) -> 0 | K51: =IFERROR(aurora_data!J271,0) -> 0 | L51: =IFERROR(aurora_data!K271,0) -> 0 | ... V51: =IFERROR(aurora_data!U271,0) -> 0 | W51: =IFERROR(aurora_data!U271,0) -> 0 | X51: =IFERROR(W51/$W$44,0) -> 0

Sheet OSEP_DD_D
A1: Total Assigments below Target | D1: Study Information | N1: Additional Information
A2: Usable greater/equal to target | D2: =_xlfn.CONCAT("Study Name: "," OSEP – Developmental Delay - Paper") -> Study Name: OSEP – Developmental Delay - Paper | K2: Usable = case is available to Psychometrics for this study In Process = questionable, In Process Assigned Not Recd = Tests assigned to examiners, no tests received (required tests) Reserved not Received = Tests in reserved status, not received Total Assignments = sum of Usable, Received Non Final, Assigned Partial Received, Assigned Not Received Selected = default status for making an assignment
D3: =_xlfn.CONCAT("Study Acronym: "," OSEP_DD_D") -> Study Acronym: OSEP_DD_D | F3: Study ID: 3830
D5: Additional Requirements
D6: None
B8: =_xlfn.CONCAT("Last Refreshed at: ",aurora_data!V332) -> Last Refreshed at: 09/17/2026 @ 7:20 AM | E8: Demographic Variables | W8: Totals
D9: Variance Tolerance: | E9: some of each, if possible | J9: some of each, if possible | O9: some of each, if possible | S9: some of each, if possible
B10: Status | E10: Education Level | J10: Ethnicity | O10: Region | S10: SEX
C11: ageband | D11: report | E11: 1 | F11: 2 | G11: 3 | H11: 4 | I11: 5 | J11: AS | K11: BL | L11: HI | M11: OTH | N11: WH | O11: MW | P11: NE | Q11: SO | R11: WE | S11: F | T11: M | U11: INT
B12: Open | C12: =aurora_data!A332 -> 06.00.00-06.11.30 | D12: Target | E12: =IFERROR(aurora_data!D332,0) -> 0 | F12: =IFERROR(aurora_data!E332,0) -> 0 | G12: =IFERROR(aurora_data!F332,0) -> 0 | H12: =IFERROR(aurora_data!G332,0) -> 0 | I12: =IFERROR(aurora_data!H332,0) -> 0 | J12: =IFERROR(aurora_data!I332,0) -> 0 | K12: =IFERROR(aurora_data!J332,0) -> 0 | L12: =IFERROR(aurora_data!K332,0) -> 0 | ... U12: =IFERROR(aurora_data!T332,0) -> 0 | V12: =IFERROR(aurora_data!U232,0) -> 7 | W12: =IFERROR(aurora_data!U332,0) -> 2 | X12: =IFERROR(W12/$W$12,0) -> 1
D13: Usable | E13: =IFERROR(aurora_data!D333,0) -> 0 | F13: =IFERROR(aurora_data!E333,0) -> 0 | G13: =IFERROR(aurora_data!F333,0) -> 0 | H13: =IFERROR(aurora_data!G333,0) -> 0 | I13: =IFERROR(aurora_data!H333,0) -> 0 | J13: =IFERROR(aurora_data!I333,0) -> 0 | K13: =IFERROR(aurora_data!J333,0) -> 0 | L13: =IFERROR(aurora_data!K333,0) -> 0 | ... U13: =IFERROR(aurora_data!T333,0) -> 0 | V13: =IFERROR(aurora_data!U233,0) -> 0 | W13: =IFERROR(aurora_data!U333,0) -> 0 | X13: =IFERROR(W13/$W$12,0) -> 0
D14: Stratified Out Usable N | E14: =IFERROR(aurora_data!D334,0) -> 0 | F14: =IFERROR(aurora_data!E334,0) -> 0 | G14: =IFERROR(aurora_data!F334,0) -> 0 | H14: =IFERROR(aurora_data!G334,0) -> 0 | I14: =IFERROR(aurora_data!H334,0) -> 0 | J14: =IFERROR(aurora_data!I334,0) -> 0 | K14: =IFERROR(aurora_data!J334,0) -> 0 | L14: =IFERROR(aurora_data!K334,0) -> 0 | ... U14: =IFERROR(aurora_data!T334,0) -> 0 | V14: =IFERROR(aurora_data!U234,0) -> 0 | W14: =IFERROR(aurora_data!U334,0) -> 0 | X14: =IFERROR(W14/$W$12,0) -> 0
D15: In Process | E15: =IFERROR(aurora_data!D335,0) -> 0 | F15: =IFERROR(aurora_data!E335,0) -> 0 | G15: =IFERROR(aurora_data!F335,0) -> 0 | H15: =IFERROR(aurora_data!G335,0) -> 0 | I15: =IFERROR(aurora_data!H335,0) -> 0 | J15: =IFERROR(aurora_data!I335,0) -> 0 | K15: =IFERROR(aurora_data!J335,0) -> 0 | L15: =IFERROR(aurora_data!K335,0) -> 0 | ... U15: =IFERROR(aurora_data!T335,0) -> 0 | V15: =IFERROR(aurora_data!U235,0) -> 0 | W15: =IFERROR(aurora_data!U335,0) -> 0 | X15: =IFERROR(W15/$W$12,0) -> 0
D16: Assigned Not Received | E16: =IFERROR(aurora_data!D336,0) -> 0 | F16: =IFERROR(aurora_data!E336,0) -> 0 | G16: =IFERROR(aurora_data!F336,0) -> 0 | H16: =IFERROR(aurora_data!G336,0) -> 0 | I16: =IFERROR(aurora_data!H336,0) -> 0 | J16: =IFERROR(aurora_data!I336,0) -> 0 | K16: =IFERROR(aurora_data!J336,0) -> 0 | L16: =IFERROR(aurora_data!K336,0) -> 0 | ... U16: =IFERROR(aurora_data!T336,0) -> 0 | V16: =IFERROR(aurora_data!U236,0) -> 0 | W16: =IFERROR(aurora_data!U336,0) -> 0 | X16: =IFERROR(W16/$W$12,0) -> 0
D17: Reserved Not Received | E17: =IFERROR(aurora_data!D337,0) -> 0 | F17: =IFERROR(aurora_data!E337,0) -> 0 | G17: =IFERROR(aurora_data!F337,0) -> 0 | H17: =IFERROR(aurora_data!G337,0) -> 0 | I17: =IFERROR(aurora_data!H337,0) -> 0 | J17: =IFERROR(aurora_data!I337,0) -> 0 | K17: =IFERROR(aurora_data!J337,0) -> 0 | L17: =IFERROR(aurora_data!K337,0) -> 0 | ... U17: =IFERROR(aurora_data!T337,0) -> 0 | V17: =IFERROR(aurora_data!U237,0) -> 0 | W17: =IFERROR(aurora_data!U337,0) -> 0 | X17: =IFERROR(W17/$W$12,0) -> 0
D18: Total Assignments | E18: =IFERROR(aurora_data!D338,0) -> 0 | F18: =IFERROR(aurora_data!E338,0) -> 0 | G18: =IFERROR(aurora_data!F338,0) -> 0 | H18: =IFERROR(aurora_data!G338,0) -> 0 | I18: =IFERROR(aurora_data!H338,0) -> 0 | J18: =IFERROR(aurora_data!I338,0) -> 0 | K18: =IFERROR(aurora_data!J338,0) -> 0 | L18: =IFERROR(aurora_data!K338,0) -> 0 | ... U18: =IFERROR(aurora_data!T338,0) -> 0 | V18: =IFERROR(aurora_data!U238,0) -> 0 | W18: =IFERROR(aurora_data!U338,0) -> 0 | X18: =IFERROR(W18/$W$12,0) -> 0
D19: Selected | E19: =IFERROR(aurora_data!D339,0) -> 0 | F19: =IFERROR(aurora_data!E339,0) -> 0 | G19: =IFERROR(aurora_data!F339,0) -> 0 | H19: =IFERROR(aurora_data!G339,0) -> 0 | I19: =IFERROR(aurora_data!H339,0) -> 0 | J19: =IFERROR(aurora_data!I339,0) -> 0 | K19: =IFERROR(aurora_data!J339,0) -> 0 | L19: =IFERROR(aurora_data!K339,0) -> 0 | ... U19: =IFERROR(aurora_data!T339,0) -> 0 | V19: =IFERROR(aurora_data!U239,0) -> 0 | W19: =IFERROR(aurora_data!U339,0) -> 0 | X19: =IFERROR(W19/$W$12,0) -> 0
B20: Open | C20: =aurora_data!A340 -> 07.00.00-07.11.30 | D20: Target | E20: =IFERROR(aurora_data!D340,0) -> 0 | F20: =IFERROR(aurora_data!E340,0) -> 0 | G20: =IFERROR(aurora_data!F340,0) -> 0 | H20: =IFERROR(aurora_data!G340,0) -> 0 | I20: =IFERROR(aurora_data!H340,0) -> 0 | J20: =IFERROR(aurora_data!I340,0) -> 0 | K20: =IFERROR(aurora_data!J340,0) -> 0 | L20: =IFERROR(aurora_data!K340,0) -> 0 | ... U20: =IFERROR(aurora_data!T340,0) -> 0 | V20: =IFERROR(aurora_data!U240,0) -> 7 | W20: =IFERROR(aurora_data!U340,0) -> 2 | X20: =IFERROR(W20/$W$12,0) -> 1
D21: Usable | E21: =IFERROR(aurora_data!D341,0) -> 0 | F21: =IFERROR(aurora_data!E341,0) -> 0 | G21: =IFERROR(aurora_data!F341,0) -> 0 | H21: =IFERROR(aurora_data!G341,0) -> 0 | I21: =IFERROR(aurora_data!H341,0) -> 0 | J21: =IFERROR(aurora_data!I341,0) -> 0 | K21: =IFERROR(aurora_data!J341,0) -> 0 | L21: =IFERROR(aurora_data!K341,0) -> 0 | ... U21: =IFERROR(aurora_data!T341,0) -> 0 | V21: =IFERROR(aurora_data!U241,0) -> 1 | W21: =IFERROR(aurora_data!U341,0) -> 0 | X21: =IFERROR(W21/$W$12,0) -> 0
D22: Stratified Out Usable N | E22: =IFERROR(aurora_data!D342,0) -> 0 | F22: =IFERROR(aurora_data!E342,0) -> 0 | G22: =IFERROR(aurora_data!F342,0) -> 0 | H22: =IFERROR(aurora_data!G342,0) -> 0 | I22: =IFERROR(aurora_data!H342,0) -> 0 | J22: =IFERROR(aurora_data!I342,0) -> 0 | K22: =IFERROR(aurora_data!J342,0) -> 0 | L22: =IFERROR(aurora_data!K342,0) -> 0 | ... U22: =IFERROR(aurora_data!T342,0) -> 0 | V22: =IFERROR(aurora_data!U242,0) -> 0 | W22: =IFERROR(aurora_data!U342,0) -> 0 | X22: =IFERROR(W22/$W$12,0) -> 0
D23: In Process | E23: =IFERROR(aurora_data!D343,0) -> 0 | F23: =IFERROR(aurora_data!E343,0) -> 0 | G23: =IFERROR(aurora_data!F343,0) -> 0 | H23: =IFERROR(aurora_data!G343,0) -> 0 | I23: =IFERROR(aurora_data!H343,0) -> 0 | J23: =IFERROR(aurora_data!I343,0) -> 0 | K23: =IFERROR(aurora_data!J343,0) -> 0 | L23: =IFERROR(aurora_data!K343,0) -> 0 | ... U23: =IFERROR(aurora_data!T343,0) -> 0 | V23: =IFERROR(aurora_data!U243,0) -> 0 | W23: =IFERROR(aurora_data!U343,0) -> 0 | X23: =IFERROR(W23/$W$12,0) -> 0
D24: Assigned Not Received | E24: =IFERROR(aurora_data!D344,0) -> 0 | F24: =IFERROR(aurora_data!E344,0) -> 0 | G24: =IFERROR(aurora_data!F344,0) -> 0 | H24: =IFERROR(aurora_data!G344,0) -> 0 | I24: =IFERROR(aurora_data!H344,0) -> 0 | J24: =IFERROR(aurora_data!I344,0) -> 0 | K24: =IFERROR(aurora_data!J344,0) -> 0 | L24: =IFERROR(aurora_data!K344,0) -> 0 | ... U24: =IFERROR(aurora_data!T344,0) -> 0 | V24: =IFERROR(aurora_data!U244,0) -> 0 | W24: =IFERROR(aurora_data!U344,0) -> 0 | X24: =IFERROR(W24/$W$12,0) -> 0
D25: Reserved Not Received | E25: =IFERROR(aurora_data!D345,0) -> 0 | F25: =IFERROR(aurora_data!E345,0) -> 0 | G25: =IFERROR(aurora_data!F345,0) -> 0 | H25: =IFERROR(aurora_data!G345,0) -> 0 | I25: =IFERROR(aurora_data!H345,0) -> 0 | J25: =IFERROR(aurora_data!I345,0) -> 0 | K25: =IFERROR(aurora_data!J345,0) -> 0 | L25: =IFERROR(aurora_data!K345,0) -> 0 | ... U25: =IFERROR(aurora_data!T345,0) -> 0 | V25: =IFERROR(aurora_data!U245,0) -> 0 | W25: =IFERROR(aurora_data!U345,0) -> 0 | X25: =IFERROR(W25/$W$12,0) -> 0
D26: Total Assignments | E26: =IFERROR(aurora_data!D346,0) -> 0 | F26: =IFERROR(aurora_data!E346,0) -> 0 | G26: =IFERROR(aurora_data!F346,0) -> 0 | H26: =IFERROR(aurora_data!G346,0) -> 0 | I26: =IFERROR(aurora_data!H346,0) -> 0 | J26: =IFERROR(aurora_data!I346,0) -> 0 | K26: =IFERROR(aurora_data!J346,0) -> 0 | L26: =IFERROR(aurora_data!K346,0) -> 0 | ... U26: =IFERROR(aurora_data!T346,0) -> 0 | V26: =IFERROR(aurora_data!U246,0) -> 1 | W26: =IFERROR(aurora_data!U346,0) -> 0 | X26: =IFERROR(W26/$W$12,0) -> 0
D27: Selected | E27: =IFERROR(aurora_data!D347,0) -> 0 | F27: =IFERROR(aurora_data!E347,0) -> 0 | G27: =IFERROR(aurora_data!F347,0) -> 0 | H27: =IFERROR(aurora_data!G347,0) -> 0 | I27: =IFERROR(aurora_data!H347,0) -> 0 | J27: =IFERROR(aurora_data!I347,0) -> 0 | K27: =IFERROR(aurora_data!J347,0) -> 0 | L27: =IFERROR(aurora_data!K347,0) -> 0 | ... U27: =IFERROR(aurora_data!T347,0) -> 0 | V27: =IFERROR(aurora_data!U247,0) -> 0 | W27: =IFERROR(aurora_data!U347,0) -> 0 | X27: =IFERROR(W27/$W$12,0) -> 0
B28: Open | C28: =aurora_data!A348 -> 08.00.00-08.11.30 | D28: Target | E28: =IFERROR(aurora_data!D348,0) -> 0 | F28: =IFERROR(aurora_data!E348,0) -> 0 | G28: =IFERROR(aurora_data!F348,0) -> 0 | H28: =IFERROR(aurora_data!G348,0) -> 0 | I28: =IFERROR(aurora_data!H348,0) -> 0 | J28: =IFERROR(aurora_data!I348,0) -> 0 | K28: =IFERROR(aurora_data!J348,0) -> 0 | L28: =IFERROR(aurora_data!K348,0) -> 0 | ... U28: =IFERROR(aurora_data!T348,0) -> 0 | V28: =IFERROR(aurora_data!U248,0) -> 5 | W28: =IFERROR(aurora_data!U348,0) -> 1 | X28: =IFERROR(W28/$W$12,0) -> 0.5
D29: Usable | E29: =IFERROR(aurora_data!D349,0) -> 0 | F29: =IFERROR(aurora_data!E349,0) -> 0 | G29: =IFERROR(aurora_data!F349,0) -> 0 | H29: =IFERROR(aurora_data!G349,0) -> 0 | I29: =IFERROR(aurora_data!H349,0) -> 0 | J29: =IFERROR(aurora_data!I349,0) -> 0 | K29: =IFERROR(aurora_data!J349,0) -> 0 | L29: =IFERROR(aurora_data!K349,0) -> 0 | ... U29: =IFERROR(aurora_data!T349,0) -> 0 | V29: =IFERROR(aurora_data!U249,0) -> 0 | W29: =IFERROR(aurora_data!U349,0) -> 0 | X29: =IFERROR(W29/$W$12,0) -> 0
D30: Stratified Out Usable N | E30: =IFERROR(aurora_data!D350,0) -> 0 | F30: =IFERROR(aurora_data!E350,0) -> 0 | G30: =IFERROR(aurora_data!F350,0) -> 0 | H30: =IFERROR(aurora_data!G350,0) -> 0 | I30: =IFERROR(aurora_data!H350,0) -> 0 | J30: =IFERROR(aurora_data!I350,0) -> 0 | K30: =IFERROR(aurora_data!J350,0) -> 0 | L30: =IFERROR(aurora_data!K350,0) -> 0 | ... U30: =IFERROR(aurora_data!T350,0) -> 0 | V30: =IFERROR(aurora_data!U250,0) -> 0 | W30: =IFERROR(aurora_data!U350,0) -> 0 | X30: =IFERROR(W30/$W$12,0) -> 0
D31: In Process | E31: =IFERROR(aurora_data!D351,0) -> 0 | F31: =IFERROR(aurora_data!E351,0) -> 0 | G31: =IFERROR(aurora_data!F351,0) -> 0 | H31: =IFERROR(aurora_data!G351,0) -> 0 | I31: =IFERROR(aurora_data!H351,0) -> 0 | J31: =IFERROR(aurora_data!I351,0) -> 0 | K31: =IFERROR(aurora_data!J351,0) -> 0 | L31: =IFERROR(aurora_data!K351,0) -> 0 | ... U31: =IFERROR(aurora_data!T351,0) -> 0 | V31: =IFERROR(aurora_data!U251,0) -> 0 | W31: =IFERROR(aurora_data!U351,0) -> 0 | X31: =IFERROR(W31/$W$12,0) -> 0
D32: Assigned Not Received | E32: =IFERROR(aurora_data!D352,0) -> 0 | F32: =IFERROR(aurora_data!E352,0) -> 0 | G32: =IFERROR(aurora_data!F352,0) -> 0 | H32: =IFERROR(aurora_data!G352,0) -> 0 | I32: =IFERROR(aurora_data!H352,0) -> 0 | J32: =IFERROR(aurora_data!I352,0) -> 0 | K32: =IFERROR(aurora_data!J352,0) -> 0 | L32: =IFERROR(aurora_data!K352,0) -> 0 | ... U32: =IFERROR(aurora_data!T352,0) -> 0 | V32: =IFERROR(aurora_data!U252,0) -> 0 | W32: =IFERROR(aurora_data!U352,0) -> 0 | X32: =IFERROR(W32/$W$12,0) -> 0
D33: Reserved Not Received | E33: =IFERROR(aurora_data!D353,0) -> 0 | F33: =IFERROR(aurora_data!E353,0) -> 0 | G33: =IFERROR(aurora_data!F353,0) -> 0 | H33: =IFERROR(aurora_data!G353,0) -> 0 | I33: =IFERROR(aurora_data!H353,0) -> 0 | J33: =IFERROR(aurora_data!I353,0) -> 0 | K33: =IFERROR(aurora_data!J353,0) -> 0 | L33: =IFERROR(aurora_data!K353,0) -> 0 | ... U33: =IFERROR(aurora_data!T353,0) -> 0 | V33: =IFERROR(aurora_data!U253,0) -> 0 | W33: =IFERROR(aurora_data!U353,0) -> 0 | X33: =IFERROR(W33/$W$12,0) -> 0
D34: Total Assignments | E34: =IFERROR(aurora_data!D354,0) -> 0 | F34: =IFERROR(aurora_data!E354,0) -> 0 | G34: =IFERROR(aurora_data!F354,0) -> 0 | H34: =IFERROR(aurora_data!G354,0) -> 0 | I34: =IFERROR(aurora_data!H354,0) -> 0 | J34: =IFERROR(aurora_data!I354,0) -> 0 | K34: =IFERROR(aurora_data!J354,0) -> 0 | L34: =IFERROR(aurora_data!K354,0) -> 0 | ... U34: =IFERROR(aurora_data!T354,0) -> 0 | V34: =IFERROR(aurora_data!U254,0) -> 0 | W34: =IFERROR(aurora_data!U354,0) -> 0 | X34: =IFERROR(W34/$W$12,0) -> 0
D35: Selected | E35: =IFERROR(aurora_data!D355,0) -> 0 | F35: =IFERROR(aurora_data!E355,0) -> 0 | G35: =IFERROR(aurora_data!F355,0) -> 0 | H35: =IFERROR(aurora_data!G355,0) -> 0 | I35: =IFERROR(aurora_data!H355,0) -> 0 | J35: =IFERROR(aurora_data!I355,0) -> 0 | K35: =IFERROR(aurora_data!J355,0) -> 0 | L35: =IFERROR(aurora_data!K355,0) -> 0 | ... U35: =IFERROR(aurora_data!T355,0) -> 0 | V35: =IFERROR(aurora_data!U255,0) -> 0 | W35: =IFERROR(aurora_data!U355,0) -> 0 | X35: =IFERROR(W35/$W$12,0) -> 0
B36: Open | C36: =aurora_data!A356 -> 09.00.00-09.11.30 | D36: Target | E36: =IFERROR(aurora_data!D356,0) -> 0 | F36: =IFERROR(aurora_data!E356,0) -> 0 | G36: =IFERROR(aurora_data!F356,0) -> 0 | H36: =IFERROR(aurora_data!G356,0) -> 0 | I36: =IFERROR(aurora_data!H356,0) -> 0 | J36: =IFERROR(aurora_data!I356,0) -> 0 | K36: =IFERROR(aurora_data!J356,0) -> 0 | L36: =IFERROR(aurora_data!K356,0) -> 0 | ... U36: =IFERROR(aurora_data!T356,0) -> 0 | V36: =IFERROR(aurora_data!U256,0) -> 3 | W36: =IFERROR(aurora_data!U356,0) -> 1 | X36: =IFERROR(W36/$W$12,0) -> 0.5
D37: Usable | E37: =IFERROR(aurora_data!D357,0) -> 0 | F37: =IFERROR(aurora_data!E357,0) -> 0 | G37: =IFERROR(aurora_data!F357,0) -> 0 | H37: =IFERROR(aurora_data!G357,0) -> 0 | I37: =IFERROR(aurora_data!H357,0) -> 0 | J37: =IFERROR(aurora_data!I357,0) -> 0 | K37: =IFERROR(aurora_data!J357,0) -> 0 | L37: =IFERROR(aurora_data!K357,0) -> 0 | ... U37: =IFERROR(aurora_data!T357,0) -> 0 | V37: =IFERROR(aurora_data!U257,0) -> 0 | W37: =IFERROR(aurora_data!U357,0) -> 0 | X37: =IFERROR(W37/$W$12,0) -> 0
D38: Stratified Out Usable N | E38: =IFERROR(aurora_data!D358,0) -> 0 | F38: =IFERROR(aurora_data!E358,0) -> 0 | G38: =IFERROR(aurora_data!F358,0) -> 0 | H38: =IFERROR(aurora_data!G358,0) -> 0 | I38: =IFERROR(aurora_data!H358,0) -> 0 | J38: =IFERROR(aurora_data!I358,0) -> 0 | K38: =IFERROR(aurora_data!J358,0) -> 0 | L38: =IFERROR(aurora_data!K358,0) -> 0 | ... U38: =IFERROR(aurora_data!T358,0) -> 0 | V38: =IFERROR(aurora_data!U258,0) -> 0 | W38: =IFERROR(aurora_data!U358,0) -> 0 | X38: =IFERROR(W38/$W$12,0) -> 0
D39: In Process | E39: =IFERROR(aurora_data!D359,0) -> 0 | F39: =IFERROR(aurora_data!E359,0) -> 0 | G39: =IFERROR(aurora_data!F359,0) -> 0 | H39: =IFERROR(aurora_data!G359,0) -> 0 | I39: =IFERROR(aurora_data!H359,0) -> 0 | J39: =IFERROR(aurora_data!I359,0) -> 0 | K39: =IFERROR(aurora_data!J359,0) -> 0 | L39: =IFERROR(aurora_data!K359,0) -> 0 | ... U39: =IFERROR(aurora_data!T359,0) -> 0 | V39: =IFERROR(aurora_data!U259,0) -> 0 | W39: =IFERROR(aurora_data!U359,0) -> 0 | X39: =IFERROR(W39/$W$12,0) -> 0
D40: Assigned Not Received | E40: =IFERROR(aurora_data!D360,0) -> 0 | F40: =IFERROR(aurora_data!E360,0) -> 0 | G40: =IFERROR(aurora_data!F360,0) -> 0 | H40: =IFERROR(aurora_data!G360,0) -> 0 | I40: =IFERROR(aurora_data!H360,0) -> 0 | J40: =IFERROR(aurora_data!I360,0) -> 0 | K40: =IFERROR(aurora_data!J360,0) -> 0 | L40: =IFERROR(aurora_data!K360,0) -> 0 | ... U40: =IFERROR(aurora_data!T360,0) -> 0 | V40: =IFERROR(aurora_data!U260,0) -> 0 | W40: =IFERROR(aurora_data!U360,0) -> 0 | X40: =IFERROR(W40/$W$12,0) -> 0
D41: Reserved Not Received | E41: =IFERROR(aurora_data!D361,0) -> 0 | F41: =IFERROR(aurora_data!E361,0) -> 0 | G41: =IFERROR(aurora_data!F361,0) -> 0 | H41: =IFERROR(aurora_data!G361,0) -> 0 | I41: =IFERROR(aurora_data!H361,0) -> 0 | J41: =IFERROR(aurora_data!I361,0) -> 0 | K41: =IFERROR(aurora_data!J361,0) -> 0 | L41: =IFERROR(aurora_data!K361,0) -> 0 | ... U41: =IFERROR(aurora_data!T361,0) -> 0 | V41: =IFERROR(aurora_data!U261,0) -> 0 | W41: =IFERROR(aurora_data!U361,0) -> 0 | X41: =IFERROR(W41/$W$12,0) -> 0
D42: Total Assignments | E42: =IFERROR(aurora_data!D362,0) -> 0 | F42: =IFERROR(aurora_data!E362,0) -> 0 | G42: =IFERROR(aurora_data!F362,0) -> 0 | H42: =IFERROR(aurora_data!G362,0) -> 0 | I42: =IFERROR(aurora_data!H362,0) -> 0 | J42: =IFERROR(aurora_data!I362,0) -> 0 | K42: =IFERROR(aurora_data!J362,0) -> 0 | L42: =IFERROR(aurora_data!K362,0) -> 0 | ... U42: =IFERROR(aurora_data!T362,0) -> 0 | V42: =IFERROR(aurora_data!U262,0) -> 0 | W42: =IFERROR(aurora_data!U362,0) -> 0 | X42: =IFERROR(W42/$W$12,0) -> 0
D43: Selected | E43: =IFERROR(aurora_data!D363,0) -> 0 | F43: =IFERROR(aurora_data!E363,0) -> 0 | G43: =IFERROR(aurora_data!F363,0) -> 0 | H43: =IFERROR(aurora_data!G363,0) -> 0 | I43: =IFERROR(aurora_data!H363,0) -> 0 | J43: =IFERROR(aurora_data!I363,0) -> 0 | K43: =IFERROR(aurora_data!J363,0) -> 0 | L43: =IFERROR(aurora_data!K363,0) -> 0 | ... U43: =IFERROR(aurora_data!T363,0) -> 0 | V43: =IFERROR(aurora_data!U263,0) -> 0 | W43: =IFERROR(aurora_data!U363,0) -> 0 | X43: =IFERROR(W43/$W$12,0) -> 0
B44: Open | C44: Total | D44: Target | E44: =IFERROR(aurora_data!D364,0) -> 0 | F44: =IFERROR(aurora_data!E364,0) -> 0 | G44: =IFERROR(aurora_data!F364,0) -> 0 | H44: =IFERROR(aurora_data!G364,0) -> 0 | I44: =IFERROR(aurora_data!H364,0) -> 0 | J44: =IFERROR(aurora_data!I364,0) -> 0 | K44: =IFERROR(aurora_data!J364,0) -> 0 | L44: =IFERROR(aurora_data!K364,0) -> 0 | ... U44: =IFERROR(aurora_data!T364,0) -> 0 | V44: =IFERROR(aurora_data!U264,0) -> 22 | W44: =IFERROR(aurora_data!U364,0) -> 6 | X44: =IFERROR(W44/$W$44,0) -> 1
D45: Usable | E45: =IFERROR(aurora_data!D365,0) -> 0 | F45: =IFERROR(aurora_data!E365,0) -> 0 | G45: =IFERROR(aurora_data!F365,0) -> 0 | H45: =IFERROR(aurora_data!G365,0) -> 0 | I45: =IFERROR(aurora_data!H365,0) -> 0 | J45: =IFERROR(aurora_data!I365,0) -> 0 | K45: =IFERROR(aurora_data!J365,0) -> 0 | L45: =IFERROR(aurora_data!K365,0) -> 0 | ... U45: =IFERROR(aurora_data!T365,0) -> 0 | V45: =IFERROR(aurora_data!U265,0) -> 1 | W45: =IFERROR(aurora_data!U365,0) -> 0 | X45: =IFERROR(W45/$W$44,0) -> 0
D46: Stratified Out Usable N | E46: =IFERROR(aurora_data!D366,0) -> 0 | F46: =IFERROR(aurora_data!E366,0) -> 0 | G46: =IFERROR(aurora_data!F366,0) -> 0 | H46: =IFERROR(aurora_data!G366,0) -> 0 | I46: =IFERROR(aurora_data!H366,0) -> 0 | J46: =IFERROR(aurora_data!I366,0) -> 0 | K46: =IFERROR(aurora_data!J366,0) -> 0 | L46: =IFERROR(aurora_data!K366,0) -> 0 | ... U46: =IFERROR(aurora_data!T366,0) -> 0 | V46: =IFERROR(aurora_data!U266,0) -> 0 | W46: =IFERROR(aurora_data!U366,0) -> 0 | X46: =IFERROR(W46/$W$44,0) -> 0
D47: In Process | E47: =IFERROR(aurora_data!D367,0) -> 0 | F47: =IFERROR(aurora_data!E367,0) -> 0 | G47: =IFERROR(aurora_data!F367,0) -> 0 | H47: =IFERROR(aurora_data!G367,0) -> 0 | I47: =IFERROR(aurora_data!H367,0) -> 0 | J47: =IFERROR(aurora_data!I367,0) -> 0 | K47: =IFERROR(aurora_data!J367,0) -> 0 | L47: =IFERROR(aurora_data!K367,0) -> 0 | ... U47: =IFERROR(aurora_data!T367,0) -> 0 | V47: =IFERROR(aurora_data!U267,0) -> 0 | W47: =IFERROR(aurora_data!U367,0) -> 0 | X47: =IFERROR(W47/$W$44,0) -> 0
D48: Assigned Not Received | E48: =IFERROR(aurora_data!D368,0) -> 0 | F48: =IFERROR(aurora_data!E368,0) -> 0 | G48: =IFERROR(aurora_data!F368,0) -> 0 | H48: =IFERROR(aurora_data!G368,0) -> 0 | I48: =IFERROR(aurora_data!H368,0) -> 0 | J48: =IFERROR(aurora_data!I368,0) -> 0 | K48: =IFERROR(aurora_data!J368,0) -> 0 | L48: =IFERROR(aurora_data!K368,0) -> 0 | ... U48: =IFERROR(aurora_data!T368,0) -> 0 | V48: =IFERROR(aurora_data!U268,0) -> 0 | W48: =IFERROR(aurora_data!U368,0) -> 0 | X48: =IFERROR(W48/$W$44,0) -> 0
D49: Reserved Not Received | E49: =IFERROR(aurora_data!D369,0) -> 0 | F49: =IFERROR(aurora_data!E369,0) -> 0 | G49: =IFERROR(aurora_data!F369,0) -> 0 | H49: =IFERROR(aurora_data!G369,0) -> 0 | I49: =IFERROR(aurora_data!H369,0) -> 0 | J49: =IFERROR(aurora_data!I369,0) -> 0 | K49: =IFERROR(aurora_data!J369,0) -> 0 | L49: =IFERROR(aurora_data!K369,0) -> 0 | ... U49: =IFERROR(aurora_data!T369,0) -> 0 | V49: =IFERROR(aurora_data!U269,0) -> 0 | W49: =IFERROR(aurora_data!U369,0) -> 0 | X49: =IFERROR(W49/$W$44,0) -> 0
D50: Total Assignments | E50: =IFERROR(aurora_data!D370,0) -> 0 | F50: =IFERROR(aurora_data!E370,0) -> 0 | G50: =IFERROR(aurora_data!F370,0) -> 0 | H50: =IFERROR(aurora_data!G370,0) -> 0 | I50: =IFERROR(aurora_data!H370,0) -> 0 | J50: =IFERROR(aurora_data!I370,0) -> 0 | K50: =IFERROR(aurora_data!J370,0) -> 0 | L50: =IFERROR(aurora_data!K370,0) -> 0 | ... U50: =IFERROR(aurora_data!T370,0) -> 0 | V50: =IFERROR(aurora_data!U270,0) -> 1 | W50: =IFERROR(aurora_data!U370,0) -> 0 | X50: =IFERROR(W50/$W$44,0) -> 0
D51: Selected | E51: =IFERROR(aurora_data!D371,0) -> 0 | F51: =IFERROR(aurora_data!E371,0) -> 0 | G51: =IFERROR(aurora_data!F371,0) -> 0 | H51: =IFERROR(aurora_data!G371,0) -> 0 | I51: =IFERROR(aurora_data!H371,0) -> 0 | J51: =IFERROR(aurora_data!I371,0) -> 0 | K51: =IFERROR(aurora_data!J371,0) -> 0 | L51: =IFERROR(aurora_data!K371,0) -> 0 | ... U51: =IFERROR(aurora_data!T371,0) -> 0 | V51: =IFERROR(aurora_data!U271,0) -> 0 | W51: =IFERROR(aurora_data!U371,0) -> 0 | X51: =IFERROR(W51/$W$44,0) -> 0

Sheet OSEP_ED_P
A1: Total Assigments below Target | D1: Study Information | N1: Additional Information
A2: Usable greater/equal to target | D2: =_xlfn.CONCAT("Study Name: "," OSEP – Emotional Disturbance - Paper") -> Study Name: OSEP – Emotional Disturbance - Paper | K2: Usable = case is available to Psychometrics for this study In Process = questionable, In Process Assigned Not Recd = Tests assigned to examiners, no tests received (required tests) Reserved not Received = Tests in reserved status, not received Total Assignments = sum of Usable, Received Non Final, Assigned Partial Received, Assigned Not Received Selected = default status for making an assignment
D3: =_xlfn.CONCAT("Study Acronym: "," OSEP_ED_P") -> Study Acronym: OSEP_ED_P | F3: Study ID: 3819
D5: Additional Requirements
D6: None
B8: =_xlfn.CONCAT("Last Refreshed at: ",aurora_data!V432) -> Last Refreshed at: 09/17/2026 @ 7:20 AM | E8: Demographic Variables | W8: Totals
D9: Variance Tolerance: | E9: some of each, if possible | J9: some of each, if possible | O9: some of each, if possible | S9: some of each, if possible
B10: Status | E10: Education Level | J10: Ethnicity | O10: Region | S10: SEX
C11: ageband | D11: report | E11: 1 | F11: 2 | G11: 3 | H11: 4 | I11: 5 | J11: AS | K11: BL | L11: HI | M11: OTH | N11: WH | O11: MW | P11: NE | Q11: SO | R11: WE | S11: F | T11: M | U11: INT
B12: Open | C12: =aurora_data!A432 -> 06.00.00-06.11.30 | D12: Target | E12: =IFERROR(aurora_data!D432,0) -> 0 | F12: =IFERROR(aurora_data!E432,0) -> 0 | G12: =IFERROR(aurora_data!F432,0) -> 0 | H12: =IFERROR(aurora_data!G432,0) -> 0 | I12: =IFERROR(aurora_data!H432,0) -> 0 | J12: =IFERROR(aurora_data!I432,0) -> 0 | K12: =IFERROR(aurora_data!J432,0) -> 0 | L12: =IFERROR(aurora_data!K432,0) -> 0 | ... U12: =IFERROR(aurora_data!T432,0) -> 0 | W12: =IFERROR(aurora_data!U432,0) -> 1 | X12: =IFERROR(W12/$W$12,0) -> 1
D13: Usable | E13: =IFERROR(aurora_data!D433,0) -> 0 | F13: =IFERROR(aurora_data!E433,0) -> 0 | G13: =IFERROR(aurora_data!F433,0) -> 0 | H13: =IFERROR(aurora_data!G433,0) -> 0 | I13: =IFERROR(aurora_data!H433,0) -> 0 | J13: =IFERROR(aurora_data!I433,0) -> 0 | K13: =IFERROR(aurora_data!J433,0) -> 0 | L13: =IFERROR(aurora_data!K433,0) -> 0 | ... U13: =IFERROR(aurora_data!T433,0) -> 0 | W13: =IFERROR(aurora_data!U433,0) -> 0 | X13: =IFERROR(W13/$W$12,0) -> 0
D14: Stratified Out Usable N | E14: =IFERROR(aurora_data!D434,0) -> 0 | F14: =IFERROR(aurora_data!E434,0) -> 0 | G14: =IFERROR(aurora_data!F434,0) -> 0 | H14: =IFERROR(aurora_data!G434,0) -> 0 | I14: =IFERROR(aurora_data!H434,0) -> 0 | J14: =IFERROR(aurora_data!I434,0) -> 0 | K14: =IFERROR(aurora_data!J434,0) -> 0 | L14: =IFERROR(aurora_data!K434,0) -> 0 | ... U14: =IFERROR(aurora_data!T434,0) -> 0 | W14: =IFERROR(aurora_data!U434,0) -> 0 | X14: =IFERROR(W14/$W$12,0) -> 0
D15: In Process | E15: =IFERROR(aurora_data!D435,0) -> 0 | F15: =IFERROR(aurora_data!E435,0) -> 0 | G15: =IFERROR(aurora_data!F435,0) -> 0 | H15: =IFERROR(aurora_data!G435,0) -> 0 | I15: =IFERROR(aurora_data!H435,0) -> 0 | J15: =IFERROR(aurora_data!I435,0) -> 0 | K15: =IFERROR(aurora_data!J435,0) -> 0 | L15: =IFERROR(aurora_data!K435,0) -> 0 | ... U15: =IFERROR(aurora_data!T435,0) -> 0 | W15: =IFERROR(aurora_data!U435,0) -> 0 | X15: =IFERROR(W15/$W$12,0) -> 0
D16: Assigned Not Received | E16: =IFERROR(aurora_data!D436,0) -> 0 | F16: =IFERROR(aurora_data!E436,0) -> 0 | G16: =IFERROR(aurora_data!F436,0) -> 0 | H16: =IFERROR(aurora_data!G436,0) -> 0 | I16: =IFERROR(aurora_data!H436,0) -> 0 | J16: =IFERROR(aurora_data!I436,0) -> 0 | K16: =IFERROR(aurora_data!J436,0) -> 0 | L16: =IFERROR(aurora_data!K436,0) -> 0 | ... U16: =IFERROR(aurora_data!T436,0) -> 0 | W16: =IFERROR(aurora_data!U436,0) -> 0 | X16: =IFERROR(W16/$W$12,0) -> 0
D17: Reserved Not Received | E17: =IFERROR(aurora_data!D437,0) -> 0 | F17: =IFERROR(aurora_data!E437,0) -> 0 | G17: =IFERROR(aurora_data!F437,0) -> 0 | H17: =IFERROR(aurora_data!G437,0) -> 0 | I17: =IFERROR(aurora_data!H437,0) -> 0 | J17: =IFERROR(aurora_data!I437,0) -> 0 | K17: =IFERROR(aurora_data!J437,0) -> 0 | L17: =IFERROR(aurora_data!K437,0) -> 0 | ... U17: =IFERROR(aurora_data!T437,0) -> 0 | W17: =IFERROR(aurora_data!U437,0) -> 0 | X17: =IFERROR(W17/$W$12,0) -> 0
D18: Total Assignments | E18: =IFERROR(aurora_data!D438,0) -> 0 | F18: =IFERROR(aurora_data!E438,0) -> 0 | G18: =IFERROR(aurora_data!F438,0) -> 0 | H18: =IFERROR(aurora_data!G438,0) -> 0 | I18: =IFERROR(aurora_data!H438,0) -> 0 | J18: =IFERROR(aurora_data!I438,0) -> 0 | K18: =IFERROR(aurora_data!J438,0) -> 0 | L18: =IFERROR(aurora_data!K438,0) -> 0 | ... U18: =IFERROR(aurora_data!T438,0) -> 0 | W18: =IFERROR(aurora_data!U438,0) -> 0 | X18: =IFERROR(W18/$W$12,0) -> 0
D19: Selected | E19: =IFERROR(aurora_data!D439,0) -> 0 | F19: =IFERROR(aurora_data!E439,0) -> 0 | G19: =IFERROR(aurora_data!F439,0) -> 0 | H19: =IFERROR(aurora_data!G439,0) -> 0 | I19: =IFERROR(aurora_data!H439,0) -> 0 | J19: =IFERROR(aurora_data!I439,0) -> 0 | K19: =IFERROR(aurora_data!J439,0) -> 0 | L19: =IFERROR(aurora_data!K439,0) -> 0 | ... U19: =IFERROR(aurora_data!T439,0) -> 0 | W19: =IFERROR(aurora_data!U439,0) -> 0 | X19: =IFERROR(W19/$W$12,0) -> 0
B20: Open | C20: =aurora_data!A440 -> 07.00.00-07.11.30 | D20: Target | E20: =IFERROR(aurora_data!D440,0) -> 0 | F20: =IFERROR(aurora_data!E440,0) -> 0 | G20: =IFERROR(aurora_data!F440,0) -> 0 | H20: =IFERROR(aurora_data!G440,0) -> 0 | I20: =IFERROR(aurora_data!H440,0) -> 0 | J20: =IFERROR(aurora_data!I440,0) -> 0 | K20: =IFERROR(aurora_data!J440,0) -> 0 | L20: =IFERROR(aurora_data!K440,0) -> 0 | ... U20: =IFERROR(aurora_data!T440,0) -> 0 | W20: =IFERROR(aurora_data!U440,0) -> 2 | X20: =IFERROR(W20/$W$20,0) -> 1
D21: Usable | E21: =IFERROR(aurora_data!D441,0) -> 0 | F21: =IFERROR(aurora_data!E441,0) -> 0 | G21: =IFERROR(aurora_data!F441,0) -> 0 | H21: =IFERROR(aurora_data!G441,0) -> 0 | I21: =IFERROR(aurora_data!H441,0) -> 0 | J21: =IFERROR(aurora_data!I441,0) -> 0 | K21: =IFERROR(aurora_data!J441,0) -> 0 | L21: =IFERROR(aurora_data!K441,0) -> 0 | ... U21: =IFERROR(aurora_data!T441,0) -> 0 | W21: =IFERROR(aurora_data!U441,0) -> 0 | X21: =IFERROR(W21/$W$20,0) -> 0
D22: Stratified Out Usable N | E22: =IFERROR(aurora_data!D442,0) -> 0 | F22: =IFERROR(aurora_data!E442,0) -> 0 | G22: =IFERROR(aurora_data!F442,0) -> 0 | H22: =IFERROR(aurora_data!G442,0) -> 0 | I22: =IFERROR(aurora_data!H442,0) -> 0 | J22: =IFERROR(aurora_data!I442,0) -> 0 | K22: =IFERROR(aurora_data!J442,0) -> 0 | L22: =IFERROR(aurora_data!K442,0) -> 0 | ... U22: =IFERROR(aurora_data!T442,0) -> 0 | W22: =IFERROR(aurora_data!U442,0) -> 0 | X22: =IFERROR(W22/$W$20,0) -> 0
D23: In Process | E23: =IFERROR(aurora_data!D443,0) -> 0 | F23: =IFERROR(aurora_data!E443,0) -> 0 | G23: =IFERROR(aurora_data!F443,0) -> 0 | H23: =IFERROR(aurora_data!G443,0) -> 0 | I23: =IFERROR(aurora_data!H443,0) -> 0 | J23: =IFERROR(aurora_data!I443,0) -> 0 | K23: =IFERROR(aurora_data!J443,0) -> 0 | L23: =IFERROR(aurora_data!K443,0) -> 0 | ... U23: =IFERROR(aurora_data!T443,0) -> 0 | W23: =IFERROR(aurora_data!U443,0) -> 0 | X23: =IFERROR(W23/$W$20,0) -> 0
D24: Assigned Not Received | E24: =IFERROR(aurora_data!D444,0) -> 0 | F24: =IFERROR(aurora_data!E444,0) -> 0 | G24: =IFERROR(aurora_data!F444,0) -> 0 | H24: =IFERROR(aurora_data!G444,0) -> 0 | I24: =IFERROR(aurora_data!H444,0) -> 0 | J24: =IFERROR(aurora_data!I444,0) -> 0 | K24: =IFERROR(aurora_data!J444,0) -> 0 | L24: =IFERROR(aurora_data!K444,0) -> 0 | ... U24: =IFERROR(aurora_data!T444,0) -> 0 | W24: =IFERROR(aurora_data!U444,0) -> 0 | X24: =IFERROR(W24/$W$20,0) -> 0
D25: Reserved Not Received | E25: =IFERROR(aurora_data!D445,0) -> 0 | F25: =IFERROR(aurora_data!E445,0) -> 0 | G25: =IFERROR(aurora_data!F445,0) -> 0 | H25: =IFERROR(aurora_data!G445,0) -> 0 | I25: =IFERROR(aurora_data!H445,0) -> 0 | J25: =IFERROR(aurora_data!I445,0) -> 0 | K25: =IFERROR(aurora_data!J445,0) -> 0 | L25: =IFERROR(aurora_data!K445,0) -> 0 | ... U25: =IFERROR(aurora_data!T445,0) -> 0 | W25: =IFERROR(aurora_data!U445,0) -> 0 | X25: =IFERROR(W25/$W$20,0) -> 0
D26: Total Assignments | E26: =IFERROR(aurora_data!D446,0) -> 0 | F26: =IFERROR(aurora_data!E446,0) -> 0 | G26: =IFERROR(aurora_data!F446,0) -> 0 | H26: =IFERROR(aurora_data!G446,0) -> 0 | I26: =IFERROR(aurora_data!H446,0) -> 0 | J26: =IFERROR(aurora_data!I446,0) -> 0 | K26: =IFERROR(aurora_data!J446,0) -> 0 | L26: =IFERROR(aurora_data!K446,0) -> 0 | ... U26: =IFERROR(aurora_data!T446,0) -> 0 | W26: =IFERROR(aurora_data!U446,0) -> 0 | X26: =IFERROR(W26/$W$20,0) -> 0
D27: Selected | E27: =IFERROR(aurora_data!D447,0) -> 0 | F27: =IFERROR(aurora_data!E447,0) -> 0 | G27: =IFERROR(aurora_data!F447,0) -> 0 | H27: =IFERROR(aurora_data!G447,0) -> 0 | I27: =IFERROR(aurora_data!H447,0) -> 0 | J27: =IFERROR(aurora_data!I447,0) -> 0 | K27: =IFERROR(aurora_data!J447,0) -> 0 | L27: =IFERROR(aurora_data!K447,0) -> 0 | ... U27: =IFERROR(aurora_data!T447,0) -> 0 | W27: =IFERROR(aurora_data!U447,0) -> 0 | X27: =IFERROR(W27/$W$20,0) -> 0
B28: Open | C28: =aurora_data!A448 -> 08.00.00-08.11.30 | D28: Target | E28: =IFERROR(aurora_data!D448,0) -> 0 | F28: =IFERROR(aurora_data!E448,0) -> 0 | G28: =IFERROR(aurora_data!F448,0) -> 0 | H28: =IFERROR(aurora_data!G448,0) -> 0 | I28: =IFERROR(aurora_data!H448,0) -> 0 | J28: =IFERROR(aurora_data!I448,0) -> 0 | K28: =IFERROR(aurora_data!J448,0) -> 0 | L28: =IFERROR(aurora_data!K448,0) -> 0 | ... U28: =IFERROR(aurora_data!T448,0) -> 0 | W28: =IFERROR(aurora_data!U448,0) -> 1 | X28: =IFERROR(W28/$W$20,0) -> 0.5
D29: Usable | E29: =IFERROR(aurora_data!D449,0) -> 0 | F29: =IFERROR(aurora_data!E449,0) -> 0 | G29: =IFERROR(aurora_data!F449,0) -> 0 | H29: =IFERROR(aurora_data!G449,0) -> 0 | I29: =IFERROR(aurora_data!H449,0) -> 0 | J29: =IFERROR(aurora_data!I449,0) -> 0 | K29: =IFERROR(aurora_data!J449,0) -> 0 | L29: =IFERROR(aurora_data!K449,0) -> 0 | ... U29: =IFERROR(aurora_data!T449,0) -> 0 | W29: =IFERROR(aurora_data!U449,0) -> 0 | X29: =IFERROR(W29/$W$20,0) -> 0
D30: Stratified Out Usable N | E30: =IFERROR(aurora_data!D450,0) -> 0 | F30: =IFERROR(aurora_data!E450,0) -> 0 | G30: =IFERROR(aurora_data!F450,0) -> 0 | H30: =IFERROR(aurora_data!G450,0) -> 0 | I30: =IFERROR(aurora_data!H450,0) -> 0 | J30: =IFERROR(aurora_data!I450,0) -> 0 | K30: =IFERROR(aurora_data!J450,0) -> 0 | L30: =IFERROR(aurora_data!K450,0) -> 0 | ... U30: =IFERROR(aurora_data!T450,0) -> 0 | W30: =IFERROR(aurora_data!U450,0) -> 0 | X30: =IFERROR(W30/$W$20,0) -> 0
D31: In Process | E31: =IFERROR(aurora_data!D451,0) -> 0 | F31: =IFERROR(aurora_data!E451,0) -> 0 | G31: =IFERROR(aurora_data!F451,0) -> 0 | H31: =IFERROR(aurora_data!G451,0) -> 0 | I31: =IFERROR(aurora_data!H451,0) -> 0 | J31: =IFERROR(aurora_data!I451,0) -> 0 | K31: =IFERROR(aurora_data!J451,0) -> 0 | L31: =IFERROR(aurora_data!K451,0) -> 0 | ... U31: =IFERROR(aurora_data!T451,0) -> 0 | W31: =IFERROR(aurora_data!U451,0) -> 0 | X31: =IFERROR(W31/$W$20,0) -> 0
D32: Assigned Not Received | E32: =IFERROR(aurora_data!D452,0) -> 0 | F32: =IFERROR(aurora_data!E452,0) -> 0 | G32: =IFERROR(aurora_data!F452,0) -> 0 | H32: =IFERROR(aurora_data!G452,0) -> 0 | I32: =IFERROR(aurora_data!H452,0) -> 0 | J32: =IFERROR(aurora_data!I452,0) -> 0 | K32: =IFERROR(aurora_data!J452,0) -> 0 | L32: =IFERROR(aurora_data!K452,0) -> 0 | ... U32: =IFERROR(aurora_data!T452,0) -> 0 | W32: =IFERROR(aurora_data!U452,0) -> 0 | X32: =IFERROR(W32/$W$20,0) -> 0
D33: Reserved Not Received | E33: =IFERROR(aurora_data!D453,0) -> 0 | F33: =IFERROR(aurora_data!E453,0) -> 0 | G33: =IFERROR(aurora_data!F453,0) -> 0 | H33: =IFERROR(aurora_data!G453,0) -> 0 | I33: =IFERROR(aurora_data!H453,0) -> 0 | J33: =IFERROR(aurora_data!I453,0) -> 0 | K33: =IFERROR(aurora_data!J453,0) -> 0 | L33: =IFERROR(aurora_data!K453,0) -> 0 | ... U33: =IFERROR(aurora_data!T453,0) -> 0 | W33: =IFERROR(aurora_data!U453,0) -> 0 | X33: =IFERROR(W33/$W$20,0) -> 0
D34: Total Assignments | E34: =IFERROR(aurora_data!D454,0) -> 0 | F34: =IFERROR(aurora_data!E454,0) -> 0 | G34: =IFERROR(aurora_data!F454,0) -> 0 | H34: =IFERROR(aurora_data!G454,0) -> 0 | I34: =IFERROR(aurora_data!H454,0) -> 0 | J34: =IFERROR(aurora_data!I454,0) -> 0 | K34: =IFERROR(aurora_data!J454,0) -> 0 | L34: =IFERROR(aurora_data!K454,0) -> 0 | ... U34: =IFERROR(aurora_data!T454,0) -> 0 | W34: =IFERROR(aurora_data!U454,0) -> 0 | X34: =IFERROR(W34/$W$20,0) -> 0
D35: Selected | E35: =IFERROR(aurora_data!D455,0) -> 0 | F35: =IFERROR(aurora_data!E455,0) -> 0 | G35: =IFERROR(aurora_data!F455,0) -> 0 | H35: =IFERROR(aurora_data!G455,0) -> 0 | I35: =IFERROR(aurora_data!H455,0) -> 0 | J35: =IFERROR(aurora_data!I455,0) -> 0 | K35: =IFERROR(aurora_data!J455,0) -> 0 | L35: =IFERROR(aurora_data!K455,0) -> 0 | ... U35: =IFERROR(aurora_data!T455,0) -> 0 | W35: =IFERROR(aurora_data!U455,0) -> 0 | X35: =IFERROR(W35/$W$20,0) -> 0
B36: Open | C36: =aurora_data!A456 -> 09.00.00-09.11.30 | D36: Target | E36: =IFERROR(aurora_data!D456,0) -> 0 | F36: =IFERROR(aurora_data!E456,0) -> 0 | G36: =IFERROR(aurora_data!F456,0) -> 0 | H36: =IFERROR(aurora_data!G456,0) -> 0 | I36: =IFERROR(aurora_data!H456,0) -> 0 | J36: =IFERROR(aurora_data!I456,0) -> 0 | K36: =IFERROR(aurora_data!J456,0) -> 0 | L36: =IFERROR(aurora_data!K456,0) -> 0 | ... U36: =IFERROR(aurora_data!T456,0) -> 0 | W36: =IFERROR(aurora_data!U456,0) -> 2 | X36: =IFERROR(W36/$W$20,0) -> 1
D37: Usable | E37: =IFERROR(aurora_data!D457,0) -> 0 | F37: =IFERROR(aurora_data!E457,0) -> 0 | G37: =IFERROR(aurora_data!F457,0) -> 0 | H37: =IFERROR(aurora_data!G457,0) -> 0 | I37: =IFERROR(aurora_data!H457,0) -> 0 | J37: =IFERROR(aurora_data!I457,0) -> 0 | K37: =IFERROR(aurora_data!J457,0) -> 0 | L37: =IFERROR(aurora_data!K457,0) -> 0 | ... U37: =IFERROR(aurora_data!T457,0) -> 0 | W37: =IFERROR(aurora_data!U457,0) -> 0 | X37: =IFERROR(W37/$W$20,0) -> 0
D38: Stratified Out Usable N | E38: =IFERROR(aurora_data!D458,0) -> 0 | F38: =IFERROR(aurora_data!E458,0) -> 0 | G38: =IFERROR(aurora_data!F458,0) -> 0 | H38: =IFERROR(aurora_data!G458,0) -> 0 | I38: =IFERROR(aurora_data!H458,0) -> 0 | J38: =IFERROR(aurora_data!I458,0) -> 0 | K38: =IFERROR(aurora_data!J458,0) -> 0 | L38: =IFERROR(aurora_data!K458,0) -> 0 | ... U38: =IFERROR(aurora_data!T458,0) -> 0 | W38: =IFERROR(aurora_data!U458,0) -> 0 | X38: =IFERROR(W38/$W$20,0) -> 0
D39: In Process | E39: =IFERROR(aurora_data!D459,0) -> 0 | F39: =IFERROR(aurora_data!E459,0) -> 0 | G39: =IFERROR(aurora_data!F459,0) -> 0 | H39: =IFERROR(aurora_data!G459,0) -> 0 | I39: =IFERROR(aurora_data!H459,0) -> 0 | J39: =IFERROR(aurora_data!I459,0) -> 0 | K39: =IFERROR(aurora_data!J459,0) -> 0 | L39: =IFERROR(aurora_data!K459,0) -> 0 | ... U39: =IFERROR(aurora_data!T459,0) -> 0 | W39: =IFERROR(aurora_data!U459,0) -> 0 | X39: =IFERROR(W39/$W$20,0) -> 0
D40: Assigned Not Received | E40: =IFERROR(aurora_data!D460,0) -> 0 | F40: =IFERROR(aurora_data!E460,0) -> 0 | G40: =IFERROR(aurora_data!F460,0) -> 0 | H40: =IFERROR(aurora_data!G460,0) -> 0 | I40: =IFERROR(aurora_data!H460,0) -> 0 | J40: =IFERROR(aurora_data!I460,0) -> 0 | K40: =IFERROR(aurora_data!J460,0) -> 0 | L40: =IFERROR(aurora_data!K460,0) -> 0 | ... U40: =IFERROR(aurora_data!T460,0) -> 0 | W40: =IFERROR(aurora_data!U460,0) -> 0 | X40: =IFERROR(W40/$W$20,0) -> 0
D41: Reserved Not Received | E41: =IFERROR(aurora_data!D461,0) -> 0 | F41: =IFERROR(aurora_data!E461,0) -> 0 | G41: =IFERROR(aurora_data!F461,0) -> 0 | H41: =IFERROR(aurora_data!G461,0) -> 0 | I41: =IFERROR(aurora_data!H461,0) -> 0 | J41: =IFERROR(aurora_data!I461,0) -> 0 | K41: =IFERROR(aurora_data!J461,0) -> 0 | L41: =IFERROR(aurora_data!K461,0) -> 0 | ... U41: =IFERROR(aurora_data!T461,0) -> 0 | W41: =IFERROR(aurora_data!U461,0) -> 0 | X41: =IFERROR(W41/$W$20,0) -> 0
D42: Total Assignments | E42: =IFERROR(aurora_data!D462,0) -> 0 | F42: =IFERROR(aurora_data!E462,0) -> 0 | G42: =IFERROR(aurora_data!F462,0) -> 0 | H42: =IFERROR(aurora_data!G462,0) -> 0 | I42: =IFERROR(aurora_data!H462,0) -> 0 | J42: =IFERROR(aurora_data!I462,0) -> 0 | K42: =IFERROR(aurora_data!J462,0) -> 0 | L42: =IFERROR(aurora_data!K462,0) -> 0 | ... U42: =IFERROR(aurora_data!T462,0) -> 0 | W42: =IFERROR(aurora_data!U462,0) -> 0 | X42: =IFERROR(W42/$W$20,0) -> 0
D43: Selected | E43: =IFERROR(aurora_data!D463,0) -> 0 | F43: =IFERROR(aurora_data!E463,0) -> 0 | G43: =IFERROR(aurora_data!F463,0) -> 0 | H43: =IFERROR(aurora_data!G463,0) -> 0 | I43: =IFERROR(aurora_data!H463,0) -> 0 | J43: =IFERROR(aurora_data!I463,0) -> 0 | K43: =IFERROR(aurora_data!J463,0) -> 0 | L43: =IFERROR(aurora_data!K463,0) -> 0 | ... U43: =IFERROR(aurora_data!T463,0) -> 0 | W43: =IFERROR(aurora_data!U463,0) -> 0 | X43: =IFERROR(W43/$W$20,0) -> 0
B44: Open | C44: =aurora_data!A464 -> 10.00.00-10.11.30 | D44: Target | E44: =IFERROR(aurora_data!D464,0) -> 0 | F44: =IFERROR(aurora_data!E464,0) -> 0 | G44: =IFERROR(aurora_data!F464,0) -> 0 | H44: =IFERROR(aurora_data!G464,0) -> 0 | I44: =IFERROR(aurora_data!H464,0) -> 0 | J44: =IFERROR(aurora_data!I464,0) -> 0 | K44: =IFERROR(aurora_data!J464,0) -> 0 | L44: =IFERROR(aurora_data!K464,0) -> 0 | ... U44: =IFERROR(aurora_data!T464,0) -> 0 | W44: =IFERROR(aurora_data!U464,0) -> 1 | X44: =IFERROR(W44/$W$20,0) -> 0.5
D45: Usable | E45: =IFERROR(aurora_data!D465,0) -> 0 | F45: =IFERROR(aurora_data!E465,0) -> 0 | G45: =IFERROR(aurora_data!F465,0) -> 0 | H45: =IFERROR(aurora_data!G465,0) -> 0 | I45: =IFERROR(aurora_data!H465,0) -> 0 | J45: =IFERROR(aurora_data!I465,0) -> 0 | K45: =IFERROR(aurora_data!J465,0) -> 0 | L45: =IFERROR(aurora_data!K465,0) -> 0 | ... U45: =IFERROR(aurora_data!T465,0) -> 0 | W45: =IFERROR(aurora_data!U465,0) -> 0 | X45: =IFERROR(W45/$W$20,0) -> 0
D46: Stratified Out Usable N | E46: =IFERROR(aurora_data!D466,0) -> 0 | F46: =IFERROR(aurora_data!E466,0) -> 0 | G46: =IFERROR(aurora_data!F466,0) -> 0 | H46: =IFERROR(aurora_data!G466,0) -> 0 | I46: =IFERROR(aurora_data!H466,0) -> 0 | J46: =IFERROR(aurora_data!I466,0) -> 0 | K46: =IFERROR(aurora_data!J466,0) -> 0 | L46: =IFERROR(aurora_data!K466,0) -> 0 | ... U46: =IFERROR(aurora_data!T466,0) -> 0 | W46: =IFERROR(aurora_data!U466,0) -> 0 | X46: =IFERROR(W46/$W$20,0) -> 0
D47: In Process | E47: =IFERROR(aurora_data!D467,0) -> 0 | F47: =IFERROR(aurora_data!E467,0) -> 0 | G47: =IFERROR(aurora_data!F467,0) -> 0 | H47: =IFERROR(aurora_data!G467,0) -> 0 | I47: =IFERROR(aurora_data!H467,0) -> 0 | J47: =IFERROR(aurora_data!I467,0) -> 0 | K47: =IFERROR(aurora_data!J467,0) -> 0 | L47: =IFERROR(aurora_data!K467,0) -> 0 | ... U47: =IFERROR(aurora_data!T467,0) -> 0 | W47: =IFERROR(aurora_data!U467,0) -> 0 | X47: =IFERROR(W47/$W$20,0) -> 0
D48: Assigned Not Received | E48: =IFERROR(aurora_data!D468,0) -> 0 | F48: =IFERROR(aurora_data!E468,0) -> 0 | G48: =IFERROR(aurora_data!F468,0) -> 0 | H48: =IFERROR(aurora_data!G468,0) -> 0 | I48: =IFERROR(aurora_data!H468,0) -> 0 | J48: =IFERROR(aurora_data!I468,0) -> 0 | K48: =IFERROR(aurora_data!J468,0) -> 0 | L48: =IFERROR(aurora_data!K468,0) -> 0 | ... U48: =IFERROR(aurora_data!T468,0) -> 0 | W48: =IFERROR(aurora_data!U468,0) -> 0 | X48: =IFERROR(W48/$W$20,0) -> 0
D49: Reserved Not Received | E49: =IFERROR(aurora_data!D469,0) -> 0 | F49: =IFERROR(aurora_data!E469,0) -> 0 | G49: =IFERROR(aurora_data!F469,0) -> 0 | H49: =IFERROR(aurora_data!G469,0) -> 0 | I49: =IFERROR(aurora_data!H469,0) -> 0 | J49: =IFERROR(aurora_data!I469,0) -> 0 | K49: =IFERROR(aurora_data!J469,0) -> 0 | L49: =IFERROR(aurora_data!K469,0) -> 0 | ... U49: =IFERROR(aurora_data!T469,0) -> 0 | W49: =IFERROR(aurora_data!U469,0) -> 0 | X49: =IFERROR(W49/$W$20,0) -> 0
D50: Total Assignments | E50: =IFERROR(aurora_data!D470,0) -> 0 | F50: =IFERROR(aurora_data!E470,0) -> 0 | G50: =IFERROR(aurora_data!F470,0) -> 0 | H50: =IFERROR(aurora_data!G470,0) -> 0 | I50: =IFERROR(aurora_data!H470,0) -> 0 | J50: =IFERROR(aurora_data!I470,0) -> 0 | K50: =IFERROR(aurora_data!J470,0) -> 0 | L50: =IFERROR(aurora_data!K470,0) -> 0 | ... U50: =IFERROR(aurora_data!T470,0) -> 0 | W50: =IFERROR(aurora_data!U470,0) -> 0 | X50: =IFERROR(W50/$W$20,0) -> 0
D51: Selected | E51: =IFERROR(aurora_data!D471,0) -> 0 | F51: =IFERROR(aurora_data!E471,0) -> 0 | G51: =IFERROR(aurora_data!F471,0) -> 0 | H51: =IFERROR(aurora_data!G471,0) -> 0 | I51: =IFERROR(aurora_data!H471,0) -> 0 | J51: =IFERROR(aurora_data!I471,0) -> 0 | K51: =IFERROR(aurora_data!J471,0) -> 0 | L51: =IFERROR(aurora_data!K471,0) -> 0 | ... U51: =IFERROR(aurora_data!T471,0) -> 0 | W51: =IFERROR(aurora_data!U471,0) -> 0 | X51: =IFERROR(W51/$W$20,0) -> 0
B52: Open | C52: =aurora_data!A472 -> 11.00.00-11.11.30 | D52: Target | E52: =IFERROR(aurora_data!D472,0) -> 0 | F52: =IFERROR(aurora_data!E472,0) -> 0 | G52: =IFERROR(aurora_data!F472,0) -> 0 | H52: =IFERROR(aurora_data!G472,0) -> 0 | I52: =IFERROR(aurora_data!H472,0) -> 0 | J52: =IFERROR(aurora_data!I472,0) -> 0 | K52: =IFERROR(aurora_data!J472,0) -> 0 | L52: =IFERROR(aurora_data!K472,0) -> 0 | ... U52: =IFERROR(aurora_data!T472,0) -> 0 | W52: =IFERROR(aurora_data!U472,0) -> 2 | X52: =IFERROR(W52/$W$20,0) -> 1
D53: Usable | E53: =IFERROR(aurora_data!D473,0) -> 0 | F53: =IFERROR(aurora_data!E473,0) -> 0 | G53: =IFERROR(aurora_data!F473,0) -> 0 | H53: =IFERROR(aurora_data!G473,0) -> 0 | I53: =IFERROR(aurora_data!H473,0) -> 0 | J53: =IFERROR(aurora_data!I473,0) -> 0 | K53: =IFERROR(aurora_data!J473,0) -> 0 | L53: =IFERROR(aurora_data!K473,0) -> 0 | ... U53: =IFERROR(aurora_data!T473,0) -> 0 | W53: =IFERROR(aurora_data!U473,0) -> 0 | X53: =IFERROR(W53/$W$20,0) -> 0
D54: Stratified Out Usable N | E54: =IFERROR(aurora_data!D474,0) -> 0 | F54: =IFERROR(aurora_data!E474,0) -> 0 | G54: =IFERROR(aurora_data!F474,0) -> 0 | H54: =IFERROR(aurora_data!G474,0) -> 0 | I54: =IFERROR(aurora_data!H474,0) -> 0 | J54: =IFERROR(aurora_data!I474,0) -> 0 | K54: =IFERROR(aurora_data!J474,0) -> 0 | L54: =IFERROR(aurora_data!K474,0) -> 0 | ... U54: =IFERROR(aurora_data!T474,0) -> 0 | W54: =IFERROR(aurora_data!U474,0) -> 0 | X54: =IFERROR(W54/$W$20,0) -> 0
D55: In Process | E55: =IFERROR(aurora_data!D475,0) -> 0 | F55: =IFERROR(aurora_data!E475,0) -> 0 | G55: =IFERROR(aurora_data!F475,0) -> 0 | H55: =IFERROR(aurora_data!G475,0) -> 0 | I55: =IFERROR(aurora_data!H475,0) -> 0 | J55: =IFERROR(aurora_data!I475,0) -> 0 | K55: =IFERROR(aurora_data!J475,0) -> 0 | L55: =IFERROR(aurora_data!K475,0) -> 0 | ... U55: =IFERROR(aurora_data!T475,0) -> 0 | W55: =IFERROR(aurora_data!U475,0) -> 0 | X55: =IFERROR(W55/$W$20,0) -> 0
D56: Assigned Not Received | E56: =IFERROR(aurora_data!D476,0) -> 0 | F56: =IFERROR(aurora_data!E476,0) -> 0 | G56: =IFERROR(aurora_data!F476,0) -> 0 | H56: =IFERROR(aurora_data!G476,0) -> 0 | I56: =IFERROR(aurora_data!H476,0) -> 0 | J56: =IFERROR(aurora_data!I476,0) -> 0 | K56: =IFERROR(aurora_data!J476,0) -> 0 | L56: =IFERROR(aurora_data!K476,0) -> 0 | ... U56: =IFERROR(aurora_data!T476,0) -> 0 | W56: =IFERROR(aurora_data!U476,0) -> 0 | X56: =IFERROR(W56/$W$20,0) -> 0
D57: Reserved Not Received | E57: =IFERROR(aurora_data!D477,0) -> 0 | F57: =IFERROR(aurora_data!E477,0) -> 0 | G57: =IFERROR(aurora_data!F477,0) -> 0 | H57: =IFERROR(aurora_data!G477,0) -> 0 | I57: =IFERROR(aurora_data!H477,0) -> 0 | J57: =IFERROR(aurora_data!I477,0) -> 0 | K57: =IFERROR(aurora_data!J477,0) -> 0 | L57: =IFERROR(aurora_data!K477,0) -> 0 | ... U57: =IFERROR(aurora_data!T477,0) -> 0 | W57: =IFERROR(aurora_data!U477,0) -> 0 | X57: =IFERROR(W57/$W$20,0) -> 0
D58: Total Assignments | E58: =IFERROR(aurora_data!D478,0) -> 0 | F58: =IFERROR(aurora_data!E478,0) -> 0 | G58: =IFERROR(aurora_data!F478,0) -> 0 | H58: =IFERROR(aurora_data!G478,0) -> 0 | I58: =IFERROR(aurora_data!H478,0) -> 0 | J58: =IFERROR(aurora_data!I478,0) -> 0 | K58: =IFERROR(aurora_data!J478,0) -> 0 | L58: =IFERROR(aurora_data!K478,0) -> 0 | ... U58: =IFERROR(aurora_data!T478,0) -> 0 | W58: =IFERROR(aurora_data!U478,0) -> 0 | X58: =IFERROR(W58/$W$20,0) -> 0
D59: Selected | E59: =IFERROR(aurora_data!D479,0) -> 0 | F59: =IFERROR(aurora_data!E479,0) -> 0 | G59: =IFERROR(aurora_data!F479,0) -> 0 | H59: =IFERROR(aurora_data!G479,0) -> 0 | I59: =IFERROR(aurora_data!H479,0) -> 0 | J59: =IFERROR(aurora_data!I479,0) -> 0 | K59: =IFERROR(aurora_data!J479,0) -> 0 | L59: =IFERROR(aurora_data!K479,0) -> 0 | ... U59: =IFERROR(aurora_data!T479,0) -> 0 | W59: =IFERROR(aurora_data!U479,0) -> 0 | X59: =IFERROR(W59/$W$20,0) -> 0
B60: Open | C60: =aurora_data!A480 -> 12.00.00-12.11.30 | D60: Target | E60: =IFERROR(aurora_data!D480,0) -> 0 | F60: =IFERROR(aurora_data!E480,0) -> 0 | G60: =IFERROR(aurora_data!F480,0) -> 0 | H60: =IFERROR(aurora_data!G480,0) -> 0 | I60: =IFERROR(aurora_data!H480,0) -> 0 | J60: =IFERROR(aurora_data!I480,0) -> 0 | K60: =IFERROR(aurora_data!J480,0) -> 0 | L60: =IFERROR(aurora_data!K480,0) -> 0 | ... U60: =IFERROR(aurora_data!T480,0) -> 0 | W60: =IFERROR(aurora_data!U480,0) -> 1 | X60: =IFERROR(W60/$W$20,0) -> 0.5
D61: Usable | E61: =IFERROR(aurora_data!D481,0) -> 0 | F61: =IFERROR(aurora_data!E481,0) -> 0 | G61: =IFERROR(aurora_data!F481,0) -> 0 | H61: =IFERROR(aurora_data!G481,0) -> 0 | I61: =IFERROR(aurora_data!H481,0) -> 0 | J61: =IFERROR(aurora_data!I481,0) -> 0 | K61: =IFERROR(aurora_data!J481,0) -> 0 | L61: =IFERROR(aurora_data!K481,0) -> 0 | ... U61: =IFERROR(aurora_data!T481,0) -> 0 | W61: =IFERROR(aurora_data!U481,0) -> 0 | X61: =IFERROR(W61/$W$20,0) -> 0
D62: Stratified Out Usable N | E62: =IFERROR(aurora_data!D482,0) -> 0 | F62: =IFERROR(aurora_data!E482,0) -> 0 | G62: =IFERROR(aurora_data!F482,0) -> 0 | H62: =IFERROR(aurora_data!G482,0) -> 0 | I62: =IFERROR(aurora_data!H482,0) -> 0 | J62: =IFERROR(aurora_data!I482,0) -> 0 | K62: =IFERROR(aurora_data!J482,0) -> 0 | L62: =IFERROR(aurora_data!K482,0) -> 0 | ... U62: =IFERROR(aurora_data!T482,0) -> 0 | W62: =IFERROR(aurora_data!U482,0) -> 0 | X62: =IFERROR(W62/$W$20,0) -> 0
D63: In Process | E63: =IFERROR(aurora_data!D483,0) -> 0 | F63: =IFERROR(aurora_data!E483,0) -> 0 | G63: =IFERROR(aurora_data!F483,0) -> 0 | H63: =IFERROR(aurora_data!G483,0) -> 0 | I63: =IFERROR(aurora_data!H483,0) -> 0 | J63: =IFERROR(aurora_data!I483,0) -> 0 | K63: =IFERROR(aurora_data!J483,0) -> 0 | L63: =IFERROR(aurora_data!K483,0) -> 0 | ... U63: =IFERROR(aurora_data!T483,0) -> 0 | W63: =IFERROR(aurora_data!U483,0) -> 0 | X63: =IFERROR(W63/$W$20,0) -> 0
D64: Assigned Not Received | E64: =IFERROR(aurora_data!D484,0) -> 0 | F64: =IFERROR(aurora_data!E484,0) -> 0 | G64: =IFERROR(aurora_data!F484,0) -> 0 | H64: =IFERROR(aurora_data!G484,0) -> 0 | I64: =IFERROR(aurora_data!H484,0) -> 0 | J64: =IFERROR(aurora_data!I484,0) -> 0 | K64: =IFERROR(aurora_data!J484,0) -> 0 | L64: =IFERROR(aurora_data!K484,0) -> 0 | ... U64: =IFERROR(aurora_data!T484,0) -> 0 | W64: =IFERROR(aurora_data!U484,0) -> 0 | X64: =IFERROR(W64/$W$20,0) -> 0
D65: Reserved Not Received | E65: =IFERROR(aurora_data!D485,0) -> 0 | F65: =IFERROR(aurora_data!E485,0) -> 0 | G65: =IFERROR(aurora_data!F485,0) -> 0 | H65: =IFERROR(aurora_data!G485,0) -> 0 | I65: =IFERROR(aurora_data!H485,0) -> 0 | J65: =IFERROR(aurora_data!I485,0) -> 0 | K65: =IFERROR(aurora_data!J485,0) -> 0 | L65: =IFERROR(aurora_data!K485,0) -> 0 | ... U65: =IFERROR(aurora_data!T485,0) -> 0 | W65: =IFERROR(aurora_data!U485,0) -> 0 | X65: =IFERROR(W65/$W$20,0) -> 0
D66: Total Assignments | E66: =IFERROR(aurora_data!D486,0) -> 0 | F66: =IFERROR(aurora_data!E486,0) -> 0 | G66: =IFERROR(aurora_data!F486,0) -> 0 | H66: =IFERROR(aurora_data!G486,0) -> 0 | I66: =IFERROR(aurora_data!H486,0) -> 0 | J66: =IFERROR(aurora_data!I486,0) -> 0 | K66: =IFERROR(aurora_data!J486,0) -> 0 | L66: =IFERROR(aurora_data!K486,0) -> 0 | ... U66: =IFERROR(aurora_data!T486,0) -> 0 | W66: =IFERROR(aurora_data!U486,0) -> 0 | X66: =IFERROR(W66/$W$20,0) -> 0
D67: Selected | E67: =IFERROR(aurora_data!D487,0) -> 0 | F67: =IFERROR(aurora_data!E487,0) -> 0 | G67: =IFERROR(aurora_data!F487,0) -> 0 | H67: =IFERROR(aurora_data!G487,0) -> 0 | I67: =IFERROR(aurora_data!H487,0) -> 0 | J67: =IFERROR(aurora_data!I487,0) -> 0 | K67: =IFERROR(aurora_data!J487,0) -> 0 | L67: =IFERROR(aurora_data!K487,0) -> 0 | ... U67: =IFERROR(aurora_data!T487,0) -> 0 | W67: =IFERROR(aurora_data!U487,0) -> 0 | X67: =IFERROR(W67/$W$20,0) -> 0
B68: Open | C68: =aurora_data!A488 -> 13.00.00-13.11.30 | D68: Target | E68: =IFERROR(aurora_data!D488,0) -> 0 | F68: =IFERROR(aurora_data!E488,0) -> 0 | G68: =IFERROR(aurora_data!F488,0) -> 0 | H68: =IFERROR(aurora_data!G488,0) -> 0 | I68: =IFERROR(aurora_data!H488,0) -> 0 | J68: =IFERROR(aurora_data!I488,0) -> 0 | K68: =IFERROR(aurora_data!J488,0) -> 0 | L68: =IFERROR(aurora_data!K488,0) -> 0 | ... U68: =IFERROR(aurora_data!T488,0) -> 0 | W68: =IFERROR(aurora_data!U488,0) -> 2 | X68: =IFERROR(W68/$W$20,0) -> 1
D69: Usable | E69: =IFERROR(aurora_data!D489,0) -> 0 | F69: =IFERROR(aurora_data!E489,0) -> 0 | G69: =IFERROR(aurora_data!F489,0) -> 0 | H69: =IFERROR(aurora_data!G489,0) -> 0 | I69: =IFERROR(aurora_data!H489,0) -> 0 | J69: =IFERROR(aurora_data!I489,0) -> 0 | K69: =IFERROR(aurora_data!J489,0) -> 0 | L69: =IFERROR(aurora_data!K489,0) -> 0 | ... U69: =IFERROR(aurora_data!T489,0) -> 0 | W69: =IFERROR(aurora_data!U489,0) -> 0 | X69: =IFERROR(W69/$W$20,0) -> 0
D70: Stratified Out Usable N | E70: =IFERROR(aurora_data!D490,0) -> 0 | F70: =IFERROR(aurora_data!E490,0) -> 0 | G70: =IFERROR(aurora_data!F490,0) -> 0 | H70: =IFERROR(aurora_data!G490,0) -> 0 | I70: =IFERROR(aurora_data!H490,0) -> 0 | J70: =IFERROR(aurora_data!I490,0) -> 0 | K70: =IFERROR(aurora_data!J490,0) -> 0 | L70: =IFERROR(aurora_data!K490,0) -> 0 | ... U70: =IFERROR(aurora_data!T490,0) -> 0 | W70: =IFERROR(aurora_data!U490,0) -> 0 | X70: =IFERROR(W70/$W$20,0) -> 0
D71: In Process | E71: =IFERROR(aurora_data!D491,0) -> 0 | F71: =IFERROR(aurora_data!E491,0) -> 0 | G71: =IFERROR(aurora_data!F491,0) -> 0 | H71: =IFERROR(aurora_data!G491,0) -> 0 | I71: =IFERROR(aurora_data!H491,0) -> 0 | J71: =IFERROR(aurora_data!I491,0) -> 0 | K71: =IFERROR(aurora_data!J491,0) -> 0 | L71: =IFERROR(aurora_data!K491,0) -> 0 | ... U71: =IFERROR(aurora_data!T491,0) -> 0 | W71: =IFERROR(aurora_data!U491,0) -> 0 | X71: =IFERROR(W71/$W$20,0) -> 0
D72: Assigned Not Received | E72: =IFERROR(aurora_data!D492,0) -> 0 | F72: =IFERROR(aurora_data!E492,0) -> 0 | G72: =IFERROR(aurora_data!F492,0) -> 0 | H72: =IFERROR(aurora_data!G492,0) -> 0 | I72: =IFERROR(aurora_data!H492,0) -> 0 | J72: =IFERROR(aurora_data!I492,0) -> 0 | K72: =IFERROR(aurora_data!J492,0) -> 0 | L72: =IFERROR(aurora_data!K492,0) -> 0 | ... U72: =IFERROR(aurora_data!T492,0) -> 0 | W72: =IFERROR(aurora_data!U492,0) -> 0 | X72: =IFERROR(W72/$W$20,0) -> 0
D73: Reserved Not Received | E73: =IFERROR(aurora_data!D493,0) -> 0 | F73: =IFERROR(aurora_data!E493,0) -> 0 | G73: =IFERROR(aurora_data!F493,0) -> 0 | H73: =IFERROR(aurora_data!G493,0) -> 0 | I73: =IFERROR(aurora_data!H493,0) -> 0 | J73: =IFERROR(aurora_data!I493,0) -> 0 | K73: =IFERROR(aurora_data!J493,0) -> 0 | L73: =IFERROR(aurora_data!K493,0) -> 0 | ... U73: =IFERROR(aurora_data!T493,0) -> 0 | W73: =IFERROR(aurora_data!U493,0) -> 0 | X73: =IFERROR(W73/$W$20,0) -> 0
D74: Total Assignments | E74: =IFERROR(aurora_data!D494,0) -> 0 | F74: =IFERROR(aurora_data!E494,0) -> 0 | G74: =IFERROR(aurora_data!F494,0) -> 0 | H74: =IFERROR(aurora_data!G494,0) -> 0 | I74: =IFERROR(aurora_data!H494,0) -> 0 | J74: =IFERROR(aurora_data!I494,0) -> 0 | K74: =IFERROR(aurora_data!J494,0) -> 0 | L74: =IFERROR(aurora_data!K494,0) -> 0 | ... U74: =IFERROR(aurora_data!T494,0) -> 0 | W74: =IFERROR(aurora_data!U494,0) -> 0 | X74: =IFERROR(W74/$W$20,0) -> 0
D75: Selected | E75: =IFERROR(aurora_data!D495,0) -> 0 | F75: =IFERROR(aurora_data!E495,0) -> 0 | G75: =IFERROR(aurora_data!F495,0) -> 0 | H75: =IFERROR(aurora_data!G495,0) -> 0 | I75: =IFERROR(aurora_data!H495,0) -> 0 | J75: =IFERROR(aurora_data!I495,0) -> 0 | K75: =IFERROR(aurora_data!J495,0) -> 0 | L75: =IFERROR(aurora_data!K495,0) -> 0 | ... U75: =IFERROR(aurora_data!T495,0) -> 0 | W75: =IFERROR(aurora_data!U495,0) -> 0 | X75: =IFERROR(W75/$W$20,0) -> 0
B76: Open | C76: =aurora_data!A496 -> 14.00.00-14.11.30 | D76: Target | E76: =IFERROR(aurora_data!D496,0) -> 0 | F76: =IFERROR(aurora_data!E496,0) -> 0 | G76: =IFERROR(aurora_data!F496,0) -> 0 | H76: =IFERROR(aurora_data!G496,0) -> 0 | I76: =IFERROR(aurora_data!H496,0) -> 0 | J76: =IFERROR(aurora_data!I496,0) -> 0 | K76: =IFERROR(aurora_data!J496,0) -> 0 | L76: =IFERROR(aurora_data!K496,0) -> 0 | ... U76: =IFERROR(aurora_data!T496,0) -> 0 | W76: =IFERROR(aurora_data!U496,0) -> 1 | X76: =IFERROR(W76/$W$20,0) -> 0.5
D77: Usable | E77: =IFERROR(aurora_data!D497,0) -> 0 | F77: =IFERROR(aurora_data!E497,0) -> 0 | G77: =IFERROR(aurora_data!F497,0) -> 0 | H77: =IFERROR(aurora_data!G497,0) -> 0 | I77: =IFERROR(aurora_data!H497,0) -> 0 | J77: =IFERROR(aurora_data!I497,0) -> 0 | K77: =IFERROR(aurora_data!J497,0) -> 0 | L77: =IFERROR(aurora_data!K497,0) -> 0 | ... U77: =IFERROR(aurora_data!T497,0) -> 0 | W77: =IFERROR(aurora_data!U497,0) -> 0 | X77: =IFERROR(W77/$W$20,0) -> 0
D78: Stratified Out Usable N | E78: =IFERROR(aurora_data!D498,0) -> 0 | F78: =IFERROR(aurora_data!E498,0) -> 0 | G78: =IFERROR(aurora_data!F498,0) -> 0 | H78: =IFERROR(aurora_data!G498,0) -> 0 | I78: =IFERROR(aurora_data!H498,0) -> 0 | J78: =IFERROR(aurora_data!I498,0) -> 0 | K78: =IFERROR(aurora_data!J498,0) -> 0 | L78: =IFERROR(aurora_data!K498,0) -> 0 | ... U78: =IFERROR(aurora_data!T498,0) -> 0 | W78: =IFERROR(aurora_data!U498,0) -> 0 | X78: =IFERROR(W78/$W$20,0) -> 0
